event_id,true_strike,true_dip,true_rake,bfnet_strike,bfnet_dip,bfnet_rake,bfnet_err_strike,bfnet_err_dip,bfnet_err_rake,jssa_strike,jssa_dip,jssa_rake,jssa_err_strike,jssa_err_dip,jssa_err_rake
ev_000000,337.6008605957031,29.380830764770508,55.353694915771484,353.7799377441406,28.441471099853516,78.66573333740234,9.395705223083496,0.9393596649169922,11.673050880432129,30.0,30.0,90.0,13.982927322387695,0.6191692352294922,17.749229431152344
ev_000001,207.99659729003906,63.276493072509766,81.94658660888672,68.38062286376953,33.337738037109375,121.7848892211914,3.8192005157470703,1.1262472867965698,11.057524681091309,45.0,30.0,105.0,0.18872103095054626,2.1555871963500977,0.44536730647087097
ev_000002,251.83096313476562,5.729231834411621,-60.2340087890625,309.73577880859375,6.56484842300415,2.075983762741089,34.15756607055664,0.8356165885925293,62.309993743896484,0.0,0.0,45.0,26.830963134765625,4.9712700843811035,2.8514890670776367
ev_000003,41.384029388427734,38.486427307128906,-4.839542388916016,13.560261726379395,5.745218276977539,-24.220867156982422,7.5023393630981445,0.655872642993927,19.381324768066406,0.0,0.0,-45.0,41.384029388427734,3.0095925331115723,38.386783599853516
ev_000004,21.648468017578125,3.4154086112976074,176.05001831054688,138.58193969726562,87.42738342285156,93.81689453125,22.9904842376709,1.1864655017852783,7.224209308624268,0.0,0.0,150.0,4.408544063568115,0.23513378202915192,26.050018310546875
ev_000005,252.45220947265625,10.00365924835205,39.39972686767578,122.01049041748047,86.54525756835938,110.87650299072266,1.4718650579452515,2.8755080699920654,13.1146240234375,225.0,15.0,15.0,2.9931743144989014,2.4892847537994385,6.7489399909973145
ev_000006,129.68341064453125,67.77700805664062,130.04150390625,126.47251892089844,75.81594848632812,111.86254119873047,3.2108917236328125,8.0389404296875,1.7475740909576416,270.0,15.0,45.0,6.3095622062683105,11.677700996398926,12.582025527954102
ev_000007,47.54987716674805,9.193922996520996,-55.729888916015625,78.96365356445312,21.51244354248047,-33.604984283447266,7.755105495452881,4.122555255889893,12.966743469238281,0.0,0.0,-105.0,32.54987716674805,7.58737850189209,5.20756196975708
ev_000008,73.77881622314453,89.6538314819336,55.60579299926758,78.08170318603516,84.0467758178711,86.05294799804688,4.302886962890625,5.6070556640625,30.447154998779297,75.0,90.0,75.0,1.2211837768554688,0.34616851806640625,0.6127980351448059
ev_000009,2.865445613861084,20.67020034790039,-4.480418682098389,342.7791442871094,28.107236862182617,-25.402359008789062,1.5514910221099854,7.437036514282227,5.1437177658081055,0.0,0.0,-15.0,2.865445613861084,1.5801241397857666,10.519580841064453
ev_000010,33.60795974731445,88.21479034423828,-120.2023696899414,323.2699890136719,12.070667266845703,20.27495002746582,22.725616455078125,2.3703551292419434,23.82029914855957,0.0,0.0,60.0,33.60795974731445,1.7852096557617188,30.202369689941406
ev_000011,236.2995147705078,6.157846450805664,40.219966888427734,109.6990966796875,87.95304870605469,79.58612823486328,3.456157684326172,1.9248466491699219,15.123377799987793,15.0,15.0,180.0,1.2429388761520386,3.9717979431152344,19.70950698852539
ev_000012,199.0231170654297,13.725950241088867,-149.69544982910156,321.1461486816406,7.051957607269287,-29.245861053466797,0.7703292369842529,3.4378366470336914,18.068397521972656,315.0,15.0,-30.0,5.289157390594482,0.5589719414710999,24.972248077392578
ev_000013,100.85760498046875,89.65140533447266,-2.8935277462005615,281.0487060546875,84.8493423461914,-31.96647834777832,86.60227966308594,2.25718355178833,5.715939044952393,0.0,90.0,150.0,10.85760498046875,0.34859466552734375,2.8935277462005615
ev_000014,160.87155151367188,24.119293212890625,-174.01962280273438,329.1497497558594,6.429416179656982,-19.8442325592041,13.46885871887207,0.2616070806980133,30.05344009399414,165.0,15.0,-165.0,4.128448486328125,1.4008548259735107,9.019622802734375
ev_000015,44.6190299987793,43.33311080932617,-138.26829528808594,292.85028076171875,71.35785675048828,-43.92455291748047,4.656400203704834,5.571545124053955,10.92745304107666,45.0,30.0,-150.0,0.3809700012207031,12.702674865722656,8.582942962646484
ev_000016,136.83084106445312,37.47906494140625,127.11798858642578,305.8071594238281,44.051116943359375,94.07575225830078,16.68561363220215,6.572052001953125,20.89653968811035,270.0,60.0,75.0,3.190136432647705,0.9749581217765808,9.829964637756348
ev_000017,38.59449768066406,63.203758239746094,11.453104019165039,40.70817947387695,50.177764892578125,7.616827487945557,2.1136817932128906,4.3663105964660645,3.8362765312194824,0.0,0.0,-60.0,26.624187469482422,10.209207534790039,71.4531021118164
ev_000018,4.307140827178955,21.483057022094727,19.026899337768555,357.7987365722656,21.101327896118164,8.557784080505371,3.291128158569336,0.3817291259765625,0.4782087802886963,0.0,15.0,15.0,1.0268093347549438,3.0161702632904053,4.026899337768555
ev_000019,353.46478271484375,10.764548301696777,148.8444366455078,112.56101989746094,88.44026947021484,71.80577850341797,1.6108355522155762,3.985400438308716,8.953319549560547,0.0,15.0,150.0,4.9755706787109375,1.8903412818908691,1.1555633544921875
ev_000020,71.20683288574219,6.714657306671143,165.3918914794922,356.4428405761719,86.18533325195312,-90.09032440185547,2.081265449523926,2.124816656112671,104.51778411865234,0.0,0.0,90.0,4.281014442443848,1.689850091934204,6.499483585357666
ev_000021,15.769804954528809,20.464309692382812,-134.05567932128906,242.44891357421875,78.60294342041016,-87.97547912597656,0.7562260627746582,3.1551594734191895,12.522309303283691,60.0,15.0,-90.0,1.6926875114440918,0.4477839767932892,14.546830177307129
ev_000022,257.7714538574219,55.17600631713867,166.94973754882812,354.2335510253906,81.82696533203125,35.56517791748047,0.6580222845077515,0.3261626064777374,0.03521404415369034,240.0,15.0,165.0,10.800857543945312,6.841518402099609,1.949737548828125
ev_000023,2.672696828842163,50.21783447265625,99.28353118896484,6.615330219268799,57.52571487426758,90.58863830566406,3.9426333904266357,7.307880401611328,8.694892883300781,0.0,60.0,90.0,2.672696828842163,9.78216552734375,9.283531188964844
ev_000024,254.32330322265625,40.8587646484375,3.2290494441986084,347.98004150390625,88.44855499267578,-116.19412994384766,0.5065336227416992,0.560348391532898,6.7402238845825195,165.0,90.0,105.0,0.67669677734375,2.1117935180664062,3.2290494441986084
ev_000025,327.32550048828125,18.494630813598633,-159.56607055664062,229.2141876220703,81.72679138183594,-133.28338623046875,11.348472595214844,1.9147374629974365,26.282684326171875,330.0,15.0,-165.0,2.67449951171875,2.517505407333374,2.8924367427825928
ev_000026,132.4178466796875,6.866744041442871,-76.2987060546875,297.7512512207031,85.52291870117188,-85.17249298095703,0.8700803518295288,0.2863483428955078,6.461353778839111,60.0,15.0,-150.0,2.2312421798706055,0.7650306820869446,0.6369805335998535
ev_000027,304.8935852050781,80.85672760009766,-135.630615234375,308.9020690917969,80.7049331665039,-103.48296356201172,4.00848388671875,0.15179443359375,22.378925323486328,195.0,15.0,-30.0,9.253841400146484,1.7078001499176025,17.31135368347168
ev_000028,142.8580322265625,84.0323257446289,60.875125885009766,91.94181060791016,81.95897674560547,123.40319061279297,49.653709411621094,2.0733489990234375,44.475284576416016,30.0,15.0,165.0,8.347213745117188,2.126708507537842,2.8784759044647217
ev_000029,207.4425048828125,69.95308685302734,29.637575149536133,58.25540542602539,27.602550506591797,130.5047607421875,13.135112762451172,0.5810262560844421,26.72146224975586,60.0,30.0,135.0,16.549110412597656,0.6578978896141052,22.22622299194336
ev_000030,55.561126708984375,0.20831717550754547,-58.9407844543457,19.38753890991211,89.74747467041016,106.01791381835938,36.173587799072266,0.07407374680042267,59.855865478515625,0.0,0.0,-120.0,25.561126708984375,0.17845158278942108,0.1074761152267456
ev_000031,128.03338623046875,45.16059494018555,-16.885379791259766,230.42811584472656,80.04995727539062,-99.689208984375,0.3136560320854187,1.9356427192687988,29.301992416381836,90.0,15.0,-45.0,6.1074323654174805,1.3403948545455933,28.114620208740234
ev_000032,316.6788024902344,31.418001174926758,-128.10092163085938,318.62255859375,25.098159790039062,-119.55127716064453,1.943756103515625,2.564347267150879,7.644232749938965,345.0,30.0,-105.0,2.9352834224700928,1.4180011749267578,12.153356552124023
ev_000033,229.97994995117188,32.24748229980469,174.17095947265625,8.91767692565918,6.2491679191589355,-44.447593688964844,44.002967834472656,1.26518714427948,91.359130859375,0.0,0.0,-45.0,9.914709091186523,3.106403112411499,95.82904052734375
ev_000034,281.10235595703125,53.29975128173828,129.96929931640625,48.02324676513672,46.71793746948242,57.53537368774414,1.431960940361023,0.018161509186029434,8.29037094116211,60.0,45.0,60.0,1.8708354234695435,0.15216490626335144,10.754997253417969
ev_000035,340.2082214355469,46.13520431518555,-22.814777374267578,342.55902099609375,50.2510871887207,-10.06954288482666,2.350799560546875,4.115882873535156,6.011221408843994,330.0,15.0,-15.0,10.208221435546875,12.393054008483887,7.814777374267578
ev_000036,343.7081604003906,89.74938201904297,29.698017120361328,331.2962951660156,77.00811004638672,97.0474624633789,12.411865234375,12.74127197265625,32.29888916015625,270.0,30.0,-165.0,16.434778213500977,7.184854030609131,15.288514137268066
ev_000037,193.27378845214844,42.46369552612305,-45.10202407836914,296.62176513671875,66.08197021484375,-73.83250427246094,23.165945053100586,4.6520490646362305,0.7398492693901062,135.0,30.0,-75.0,21.979833602905273,0.3090153932571411,24.362340927124023
ev_000038,311.8599853515625,87.61873626708984,74.35852813720703,73.31780242919922,6.067288398742676,34.80816650390625,3.199650764465332,1.0777617692947388,20.629194259643555,0.0,0.0,-45.0,3.1400146484375,2.3812637329101562,98.76802062988281
ev_000039,160.11029052734375,8.163758277893066,-114.38317108154297,3.3487162590026855,87.60781860351562,-69.29759979248047,1.3649168014526367,5.039093971252441,17.313064575195312,105.0,15.0,-165.0,4.224451541900635,3.5903093814849854,11.121481895446777
ev_000040,283.0688171386719,39.097007751464844,31.118139266967773,297.35589599609375,27.119455337524414,45.155731201171875,2.4356799125671387,0.1640096753835678,14.037591934204102,165.0,75.0,105.0,2.965907335281372,4.021024227142334,14.874833106994629
ev_000041,272.8896484375,22.911773681640625,-24.314130783081055,21.234018325805664,80.38174438476562,-109.62014770507812,4.25117301940918,0.394207626581192,1.4450218677520752,255.0,15.0,-45.0,3.5218355655670166,1.3212425708770752,10.336585998535156
ev_000042,160.04994201660156,79.05065155029297,111.97456359863281,286.452392578125,17.528249740600586,41.12102508544922,3.373823642730713,0.47470852732658386,8.59102725982666,300.0,15.0,45.0,5.943030834197998,0.4040578603744507,11.245980262756348
ev_000043,93.15534210205078,54.811973571777344,21.90434455871582,352.71710205078125,74.76770782470703,125.5054702758789,2.6073477268218994,2.5191028118133545,3.2152090072631836,0.0,75.0,105.0,9.89024543762207,2.7513949871063232,24.0886287689209
ev_000044,57.22986602783203,17.061609268188477,-153.90354919433594,300.3084411621094,87.07848358154297,-80.7059555053711,1.8295576572418213,4.493861675262451,6.115184307098389,60.0,15.0,-150.0,1.285425066947937,0.020093930885195732,2.3449151515960693
ev_000045,88.5434799194336,21.186357498168945,-48.20734405517578,226.08090209960938,75.49408721923828,-92.33011627197266,1.3285744190216064,1.1254984140396118,12.153433799743652,60.0,15.0,-75.0,0.25641754269599915,1.153899073600769,10.516419410705566
ev_000046,300.54071044921875,63.81211853027344,-26.751371383666992,297.70849609375,57.64302444458008,-14.512764930725098,2.83221435546875,6.169094085693359,4.35910701751709,30.0,75.0,-120.0,13.082219123840332,8.823203086853027,1.4354140758514404
ev_000047,81.79730224609375,55.281917572021484,-20.392866134643555,72.65384674072266,42.163597106933594,-18.548980712890625,7.131025314331055,4.31403923034668,1.8438854217529297,60.0,30.0,-30.0,7.186872959136963,2.166107654571533,9.607133865356445
ev_000048,327.1588439941406,22.912643432617188,-67.71277618408203,325.3250427246094,20.369014739990234,-71.11368560791016,1.83380126953125,1.8871890306472778,2.2540671825408936,120.0,75.0,-90.0,3.170811414718628,6.115074634552002,9.107037544250488
ev_000049,341.08453369140625,71.75227355957031,145.7666015625,62.10673522949219,67.56800842285156,48.78948211669922,21.005788803100586,4.18426513671875,2.161998748779297,330.0,60.0,135.0,3.452526330947876,2.2947473526000977,10.7666015625
ev_000050,80.9305191040039,87.96024322509766,94.54907989501953,83.6120834350586,88.23265838623047,80.85787200927734,2.6815643310546875,0.2724151611328125,13.691207885742188,0.0,0.0,-165.0,5.930519104003906,2.0397567749023438,100.45092010498047
ev_000051,49.43135452270508,83.11752319335938,-22.540327072143555,62.5091438293457,83.2173080444336,-81.78246307373047,13.077789306640625,0.09978485107421875,32.318939208984375,180.0,15.0,-150.0,11.421218872070312,0.5529954433441162,22.554433822631836
ev_000052,56.15663528442383,65.72186279296875,-139.381591796875,10.922264099121094,71.1274642944336,-91.92931365966797,45.234371185302734,5.405601501464844,47.45227813720703,15.0,75.0,-90.0,41.15663528442383,9.27813720703125,49.381591796875
ev_000053,199.65724182128906,80.90550994873047,97.0922622680664,2.4619452953338623,6.313167095184326,61.54354476928711,11.407401084899902,3.5466420650482178,4.0746564865112305,75.0,15.0,150.0,5.509815692901611,1.65901780128479,20.15657615661621
ev_000054,75.46805572509766,52.07893753051758,161.80081176757812,47.413230895996094,36.2857780456543,129.89077758789062,4.483107089996338,10.915339469909668,25.431377410888672,45.0,15.0,150.0,12.7435884475708,6.827773094177246,11.800811767578125
ev_000055,248.01089477539062,38.23978805541992,-68.8215560913086,52.76591491699219,55.753597259521484,-108.95201110839844,11.011580467224121,0.33320072293281555,3.0603106021881104,30.0,60.0,-105.0,9.824109077453613,5.013845920562744,0.8917004466056824
ev_000056,298.7375793457031,61.14866638183594,-170.88807678222656,294.9682312011719,21.165987014770508,-169.942138671875,3.76934814453125,4.357632637023926,0.9459381103515625,315.0,15.0,-150.0,8.459526062011719,0.5375387668609619,20.888076782226562
ev_000057,212.42811584472656,8.43280029296875,102.08316040039062,19.80826759338379,88.78357696533203,88.57868957519531,0.40856605768203735,6.562103748321533,0.35622477531433105,0.0,0.0,-120.0,9.78316593170166,8.244654655456543,137.91683959960938
ev_000058,286.0888977050781,34.770263671875,-33.01914596557617,35.46318817138672,72.4980697631836,-75.23841094970703,8.72093391418457,0.6031398773193359,8.734370231628418,210.0,15.0,-105.0,1.3199682235717773,3.6275579929351807,15.204522132873535
ev_000059,187.4588623046875,9.793960571289062,148.5308074951172,82.15028381347656,5.9351983070373535,38.81277084350586,4.9330596923828125,1.3786839246749878,13.006820678710938,195.0,15.0,150.0,5.592657089233398,2.3407845497131348,1.4691925048828125
ev_000060,95.35994720458984,29.544204711914062,-30.094905853271484,215.48565673828125,76.60369873046875,-96.67589569091797,3.368292808532715,0.918803334236145,19.446786880493164,60.0,15.0,-60.0,2.9848415851593018,1.3625649213790894,18.491941452026367
ev_000061,195.42904663085938,53.63420104980469,-67.56669616699219,344.36236572265625,39.13651657104492,-108.59947204589844,3.781998634338379,0.3756569027900696,7.88368034362793,195.0,60.0,-75.0,0.429046630859375,6.3657989501953125,3.24922776222229
ev_000062,305.0895690917969,89.33998107910156,-142.5574188232422,306.04071044921875,84.12550354003906,-123.30098724365234,0.951141357421875,5.2144775390625,9.782896995544434,120.0,90.0,105.0,4.584193229675293,0.6600189208984375,0.8312752842903137
ev_000063,145.21932983398438,2.3270204067230225,-129.53338623046875,339.3350830078125,72.12444305419922,-10.043323516845703,25.440839767456055,7.7592997550964355,32.33095932006836,105.0,15.0,-165.0,4.286741733551025,2.0464422702789307,13.029121398925781
ev_000064,205.11000061035156,68.5365982055664,-52.52653884887695,251.78521728515625,68.55762481689453,-110.43928527832031,46.67521667480469,0.021026611328125,4.168574810028076,15.0,15.0,-120.0,20.757476806640625,8.510862350463867,27.127552032470703
ev_000065,67.10647583007812,86.24835968017578,48.046504974365234,76.55060577392578,85.35517883300781,89.63924407958984,9.444129943847656,0.8931808471679688,41.59273910522461,0.0,0.0,-165.0,7.893524169921875,3.7516403198242188,20.601913452148438
ev_000066,34.64999771118164,42.129249572753906,45.384544372558594,26.977983474731445,40.80387496948242,35.92032241821289,0.5203824639320374,1.3253746032714844,2.531834602355957,60.0,30.0,60.0,5.970641613006592,2.8635902404785156,14.615455627441406
ev_000067,325.93695068359375,54.3524055480957,-118.40087127685547,310.7237854003906,61.20764923095703,-130.92391967773438,2.877545118331909,4.162286758422852,12.523048400878906,180.0,45.0,-60.0,5.168471336364746,0.6277480125427246,1.8358200788497925
ev_000068,253.21762084960938,77.83973693847656,-57.42575454711914,254.0668487548828,79.2596664428711,-62.60017776489258,0.8492279052734375,1.4199295043945312,0.5872974395751953,15.0,15.0,-150.0,2.6349527835845947,4.724791049957275,8.187125205993652
ev_000069,301.019775390625,9.46039867401123,177.73304748535156,35.19927215576172,88.69644927978516,64.56745147705078,1.4405701160430908,0.9310356974601746,0.7661431431770325,0.0,0.0,-120.0,3.255927562713623,0.3725150525569916,62.26695251464844
ev_000070,37.96219253540039,43.27690887451172,-166.4794464111328,295.0603332519531,84.71876525878906,-85.91455078125,2.9719796180725098,3.941434860229492,38.388545989990234,45.0,15.0,-165.0,2.4568684101104736,5.381703853607178,1.4794464111328125
ev_000071,111.08145904541016,29.819562911987305,52.9068603515625,329.8868408203125,71.49256896972656,101.0730972290039,2.2666256427764893,4.861529350280762,7.247527599334717,105.0,15.0,45.0,1.1604936122894287,12.823670387268066,7.9068603515625
ev_000072,143.12583923339844,64.78805541992188,72.36563110351562,11.656694412231445,36.86650466918945,128.4800262451172,3.71653413772583,2.8001534938812256,5.721359729766846,135.0,75.0,75.0,1.1349531412124634,9.3422212600708,2.634368896484375
ev_000073,28.056867599487305,16.739486694335938,-177.01759338378906,258.0471496582031,87.08248901367188,-79.21632385253906,25.04810905456543,2.0588722229003906,5.934403896331787,0.0,0.0,150.0,28.056867599487305,0.8586387038230896,16.718080520629883
ev_000074,22.684978485107422,27.822277069091797,55.40852737426758,86.48350524902344,24.01068878173828,117.5543212890625,3.8827004432678223,1.4490418434143066,10.87570571899414,60.0,15.0,90.0,0.6312528848648071,7.5954694747924805,16.67861557006836
ev_000075,8.561697959899902,13.233909606933594,-7.443233489990234,14.902326583862305,13.372733116149902,-2.452883005142212,1.4793843030929565,0.1388235092163086,0.2346467226743698,0.0,0.0,-15.0,8.561697959899902,1.6994177103042603,7.556766510009766
ev_000076,274.46624755859375,76.6573715209961,116.70782470703125,37.13001251220703,30.08899688720703,37.44186782836914,0.8620717525482178,0.4544908106327057,2.0032684803009033,45.0,15.0,45.0,3.4732747077941895,2.797337770462036,15.979241371154785
ev_000077,142.036865234375,46.14929962158203,-171.28453063964844,40.77863311767578,81.15800476074219,-46.38108444213867,2.0950732231140137,1.8204345703125,2.1978602409362793,165.0,15.0,-150.0,0.12209358811378479,1.1620161533355713,21.284530639648438
ev_000078,262.2373046875,32.18390655517578,-47.40897750854492,296.4924621582031,55.1056022644043,-42.58131790161133,19.35077476501465,10.622368812561035,4.827659606933594,30.0,75.0,-105.0,4.872466564178467,8.087111473083496,1.4160046577453613
ev_000079,231.57679748535156,70.20153045654297,-65.18254089355469,236.00559997558594,72.81926727294922,-78.9544906616211,4.428802490234375,2.61773681640625,13.771949768066406,45.0,15.0,-105.0,8.927292823791504,5.320957183837891,20.85032844543457
ev_000080,309.95013427734375,32.92219161987305,70.8908462524414,297.12799072265625,29.703590393066406,52.97197341918945,5.721958637237549,3.2186012268066406,6.992220401763916,285.0,30.0,45.0,1.728448748588562,2.922191619873047,10.240124702453613
ev_000081,120.06661987304688,73.51353454589844,171.94564819335938,70.48400115966797,85.48821258544922,71.82437133789062,49.582618713378906,3.2093608379364014,6.141864776611328,225.0,45.0,30.0,7.2742743492126465,4.218345642089844,13.35832691192627
ev_000082,171.1718292236328,58.34732437133789,47.38844680786133,74.68357849121094,56.086570739746094,120.57347106933594,23.214380264282227,2.260753631591797,5.501960754394531,75.0,60.0,105.0,23.53080177307129,1.6526756286621094,18.465444564819336
ev_000083,83.39186096191406,64.84252166748047,38.399776458740234,351.28521728515625,63.411781311035156,122.69337463378906,16.513750076293945,1.4307403564453125,4.4189276695251465,0.0,60.0,120.0,25.228532791137695,4.2097883224487305,10.706829071044922
ev_000084,57.67128372192383,33.56647872924805,36.189510345458984,102.97457122802734,10.843841552734375,60.745731353759766,16.36661720275879,9.607271194458008,22.8227481842041,180.0,15.0,135.0,17.70259666442871,8.509163856506348,16.829408645629883
ev_000085,92.17236328125,60.95477294921875,22.07176971435547,356.13751220703125,74.72471618652344,127.76412963867188,5.102123260498047,3.903075695037842,1.9627270698547363,0.0,75.0,105.0,8.964611053466797,4.178359508514404,23.92120361328125
ev_000086,196.5423126220703,79.73265838623047,-90.95288848876953,231.0358123779297,85.51517486572266,-71.7821044921875,34.493499755859375,5.7825164794921875,12.972393035888672,0.0,0.0,-105.0,6.873424053192139,10.267341613769531,0.9528884887695312
ev_000087,230.8102569580078,5.894110202789307,122.62930297851562,18.871244430541992,84.57073974609375,73.04816436767578,0.8283562064170837,0.4679304361343384,13.765751838684082,270.0,15.0,165.0,3.532069444656372,1.1203640699386597,11.324734687805176
ev_000088,42.32245635986328,10.286162376403809,39.25065612792969,24.195476531982422,22.552326202392578,26.3527889251709,3.914323091506958,3.315001964569092,12.411823272705078,30.0,15.0,30.0,2.673321008682251,0.9483237862586975,5.0645575523376465
ev_000089,212.30433654785156,33.6527214050293,125.81048583984375,352.31488037109375,66.5405044555664,77.08538818359375,0.9279746413230896,3.2455685138702393,8.367300987243652,180.0,30.0,105.0,8.579029083251953,2.17402982711792,12.783132553100586
ev_000090,354.08245849609375,32.889732360839844,26.588668823242188,0.139042928814888,27.673494338989258,32.63490295410156,0.7057259678840637,0.4382886290550232,6.046234130859375,15.0,15.0,45.0,0.2928912043571472,3.5212090015411377,18.411331176757812
ev_000091,128.47373962402344,15.537811279296875,-147.41073608398438,7.565364837646484,82.96009826660156,-82.4190444946289,0.7205460667610168,1.2557168006896973,5.60338830947876,0.0,0.0,75.0,6.844818592071533,8.295618057250977,13.184344291687012
ev_000092,69.79012298583984,2.432435989379883,-19.830657958984375,0.2311117947101593,89.30313110351562,109.24683380126953,22.43601417541504,0.12809455394744873,21.943843841552734,0.0,0.0,-90.0,69.79012298583984,0.8249634504318237,2.288349151611328
ev_000093,89.20352935791016,71.41000366210938,1.4248428344726562,86.01811218261719,76.1410903930664,-1.6478471755981445,3.1854171752929688,0.2493770271539688,3.072690010070801,0.0,90.0,120.0,0.7964706420898438,1.350486159324646,1.4248428344726562
ev_000094,210.54856872558594,70.57874298095703,-124.02327728271484,215.92811584472656,73.96741485595703,-123.07791137695312,5.379547119140625,2.2309443950653076,0.9453659057617188,195.0,75.0,-105.0,15.548568725585938,4.421257019042969,13.776989936828613
ev_000095,67.96891784667969,75.10639190673828,131.14219665527344,74.93602752685547,83.50277709960938,118.18999481201172,2.4947831630706787,8.396385192871094,8.456052780151367,195.0,15.0,30.0,7.883656024932861,7.458136081695557,7.989596366882324
ev_000096,162.2800750732422,65.15480041503906,-43.96835708618164,256.19525146484375,65.89388275146484,-147.69793701171875,10.563362121582031,0.7390823364257812,0.452493816614151,270.0,60.0,-120.0,4.342954635620117,5.1548004150390625,5.138248443603516
ev_000097,48.33274459838867,31.685773849487305,157.0206298828125,0.7907236814498901,14.013675689697266,115.44625854492188,3.507863759994507,0.7973516583442688,23.488189697265625,15.0,15.0,135.0,9.167276382446289,1.2878073453903198,18.880401611328125
ev_000098,268.5689697265625,0.6560023427009583,109.77427673339844,70.38190460205078,88.9411392211914,94.0339584350586,1.588407278060913,0.4415426254272461,4.2559027671813965,0.0,0.0,-165.0,6.206502437591553,0.6173181533813477,85.22572326660156
ev_000099,30.323589324951172,5.633572578430176,-163.7263946533203,98.18431854248047,88.26864624023438,82.26155090332031,34.674400329589844,0.1550321727991104,28.92584228515625,0.0,0.0,165.0,30.323589324951172,1.5763216018676758,5.409226894378662
ev_000100,220.10800170898438,86.93431091308594,164.99578857421875,309.50543212890625,73.70352172851562,6.929011344909668,1.4238117933273315,1.3142433166503906,1.405737280845642,45.0,90.0,-120.0,4.070755958557129,3.0656890869140625,3.173680067062378
ev_000101,173.88865661621094,19.715078353881836,163.88937377929688,314.79473876953125,3.5213301181793213,-50.342002868652344,35.694820404052734,2.6610753536224365,103.86162567138672,180.0,15.0,165.0,5.4109015464782715,1.530371904373169,1.110626220703125
ev_000102,122.2994384765625,35.07213592529297,-26.771926879882812,236.35098266601562,75.30797576904297,-105.19232177734375,1.615071415901184,0.30840003490448,16.88825798034668,90.0,15.0,-60.0,4.396611213684082,2.047884702682495,24.449838638305664
ev_000103,332.2784423828125,6.756165981292725,162.73468017578125,79.04032897949219,86.66073608398438,100.46208190917969,0.39059776067733765,1.3382916450500488,16.91644859313965,75.0,90.0,105.0,4.43092679977417,2.000972270965576,21.45436668395996
ev_000104,56.93844985961914,28.33638572692871,160.00408935546875,350.3898010253906,32.96528625488281,83.17887878417969,13.805781364440918,4.628900527954102,20.052743911743164,45.0,15.0,150.0,0.5505980849266052,1.9053611755371094,10.00408935546875
ev_000105,333.85418701171875,87.49981689453125,29.081443786621094,351.8351135253906,18.46221923828125,-25.057592391967773,17.980926513671875,5.207719326019287,54.1390380859375,0.0,0.0,-45.0,18.85418701171875,2.50018310546875,74.0814437866211
ev_000106,170.08258056640625,54.56913375854492,93.74689483642578,313.8720397949219,39.181949615478516,57.950401306152344,2.716831922531128,3.053435802459717,19.642160415649414,330.0,30.0,75.0,2.8904569149017334,5.60264253616333,4.751885890960693
ev_000107,32.48387908935547,17.212438583374023,-173.21800231933594,289.1302795410156,89.10507202148438,-112.7129135131836,6.872695446014404,1.107694387435913,39.81195831298828,0.0,0.0,150.0,32.48387908935547,2.002622365951538,17.099044799804688
ev_000108,357.9834899902344,30.282270431518555,-76.87579345703125,319.67291259765625,30.09928321838379,-98.28177642822266,13.651040077209473,0.18298721313476562,0.7289528846740723,315.0,30.0,-105.0,10.682177543640137,0.2822704315185547,4.625425815582275
ev_000109,111.27787017822266,25.903947830200195,152.75433349609375,53.07150650024414,6.869138240814209,91.3526611328125,5.577574253082275,4.669694423675537,23.190595626831055,120.0,15.0,165.0,1.6206765174865723,7.695943355560303,8.842711448669434
ev_000110,38.09150314331055,49.74531936645508,-71.09747314453125,31.19407081604004,49.02973937988281,-74.69310760498047,1.6348661184310913,0.5194565653800964,3.5956344604492188,195.0,45.0,-105.0,2.3379321098327637,1.2216922044754028,4.3917083740234375
ev_000111,214.9434051513672,24.565874099731445,98.30899047851562,25.404926300048828,71.06314849853516,114.35710144042969,0.41583001613616943,5.354401111602783,16.048110961914062,165.0,30.0,60.0,7.130688667297363,1.3676538467407227,7.793123245239258
ev_000112,54.469703674316406,36.70550537109375,120.55748748779297,82.85779571533203,44.16854476928711,132.03549194335938,13.263850212097168,0.1886499971151352,11.478004455566406,210.0,60.0,75.0,3.7170817852020264,0.976936936378479,5.758092403411865
ev_000113,127.6207275390625,2.305299997329712,-59.34158706665039,240.364013671875,86.29335021972656,-94.7115707397461,15.36701774597168,1.7237178087234497,3.535585641860962,0.0,0.0,180.0,37.6207275390625,1.9829319715499878,1.1759850978851318
ev_000114,2.368016242980957,62.107688903808594,-19.042207717895508,358.5647888183594,66.5938491821289,-4.516834259033203,3.803227424621582,4.4861602783203125,5.775094985961914,345.0,30.0,-15.0,13.47585391998291,9.324440002441406,4.042207717895508
ev_000115,219.2427215576172,77.36063385009766,-76.02741241455078,220.3480224609375,77.59278106689453,-84.51917266845703,1.1053009033203125,0.232147216796875,8.49176025390625,345.0,15.0,-150.0,5.571314334869385,3.7562530040740967,0.9082741737365723
ev_000116,220.23757934570312,42.47518539428711,131.9010772705078,350.01031494140625,66.71905517578125,63.138702392578125,0.3523957431316376,6.891444683074951,4.498933792114258,195.0,30.0,120.0,8.347987174987793,4.513483047485352,11.901077270507812
ev_000117,155.4989776611328,12.27488899230957,27.308229446411133,35.046791076660156,85.61782836914062,120.12676239013672,3.680478811264038,1.2151869535446167,18.62729835510254,150.0,15.0,15.0,5.4989776611328125,1.7563928365707397,3.56894850730896
ev_000118,213.83677673339844,19.11781883239746,49.208099365234375,74.70150756835938,78.33930969238281,101.32491302490234,1.5407655239105225,2.6958441734313965,1.4349400997161865,195.0,15.0,30.0,0.3896993100643158,4.117818832397461,0.3044602870941162
ev_000119,58.185302734375,66.8188705444336,56.38264846801758,48.0666389465332,73.42122650146484,77.21234893798828,10.118663787841797,6.60235595703125,15.650449752807617,240.0,15.0,105.0,13.689393043518066,8.703617095947266,29.65022087097168
ev_000120,88.55430603027344,54.72944259643555,153.11935424804688,55.470157623291016,28.83648681640625,130.91357421875,4.091543674468994,0.2867095172405243,22.205780029296875,60.0,30.0,135.0,3.975975275039673,0.9576113820075989,18.119354248046875
ev_000121,65.7581558227539,4.928009033203125,124.85772705078125,348.1872253417969,0.3640533983707428,50.83427047729492,3.4473283290863037,3.7599053382873535,3.051166534423828,0.0,0.0,60.0,0.800849437713623,4.042163372039795,27.17875862121582
ev_000122,154.42633056640625,67.86412811279297,133.81980895996094,303.7086486816406,23.77941131591797,53.840843200683594,7.892902374267578,3.137009620666504,23.40619468688965,315.0,30.0,60.0,14.263736724853516,3.5230343341827393,27.717695236206055
ev_000123,75.78385162353516,21.439563751220703,63.53505325317383,99.68119049072266,15.952095031738281,81.45903015136719,4.636003494262695,3.32932186126709,7.495573997497559,90.0,15.0,75.0,1.581209659576416,4.622359275817871,5.959309101104736
ev_000124,197.919189453125,2.3936073780059814,-149.0606231689453,335.7704162597656,1.8028523921966553,-12.825758934020996,1.588173747062683,0.5907549858093262,3.8112401962280273,0.0,0.0,15.0,57.080810546875,1.2303639650344849,2.0533409118652344
ev_000125,20.576297760009766,41.11070251464844,132.68125915527344,10.658926963806152,34.17405700683594,122.75462341308594,2.9640774726867676,0.7154945135116577,9.9266357421875,345.0,15.0,120.0,15.693690299987793,15.952796936035156,12.681259155273438
ev_000126,38.70598602294922,81.99085998535156,61.93788528442383,43.5528450012207,78.79124450683594,66.32879638671875,4.419675827026367,3.040978193283081,4.390911102294922,270.0,15.0,135.0,5.301041126251221,2.5361506938934326,17.333532333374023
ev_000127,170.99696350097656,85.81189727783203,57.48050308227539,349.39581298828125,88.74760437011719,-95.28128814697266,75.09573364257812,2.9357070922851562,70.84138488769531,285.0,15.0,30.0,5.144389629364014,3.2473695278167725,27.48050308227539
ev_000128,278.19439697265625,31.44012451171875,114.01220703125,70.66996765136719,65.651611328125,71.55741882324219,0.04651755094528198,1.2389700412750244,4.47197151184082,255.0,30.0,105.0,12.815573692321777,0.4242028295993805,5.471828937530518
ev_000129,219.4593048095703,24.31634521484375,14.80824089050293,117.94546508789062,83.96943664550781,113.93717956542969,1.8010437488555908,0.01061917468905449,0.21384823322296143,240.0,15.0,30.0,4.938417911529541,1.3942897319793701,10.533941268920898
ev_000130,36.81243133544922,61.332542419433594,168.6814727783203,291.8465576171875,81.175537109375,-28.839786529541016,10.137253761291504,0.20046938955783844,21.368501663208008,15.0,15.0,150.0,1.8502753973007202,2.480577230453491,18.681472778320312
ev_000131,346.9462585449219,7.541597843170166,124.54718780517578,131.57559204101562,85.80001831054688,83.71631622314453,0.5906178951263428,0.011793683283030987,1.9901423454284668,15.0,15.0,150.0,1.981216311454773,1.2295578718185425,8.770771980285645
ev_000132,22.03718376159668,59.76437759399414,167.29241943359375,114.36382293701172,76.19367218017578,63.24928283691406,4.151635646820068,2.8506109714508057,15.925078392028809,105.0,75.0,75.0,13.515458106994629,4.044282913208008,33.28539276123047
ev_000133,290.18280029296875,26.997528076171875,-75.6264877319336,334.1644287109375,35.13728713989258,-60.35496139526367,25.191688537597656,3.9260058403015137,11.985441207885742,315.0,30.0,-60.0,7.172636985778809,0.42854416370391846,8.894061088562012
ev_000134,261.8293151855469,75.04533386230469,-145.2960205078125,258.109375,76.65011596679688,-119.80640411376953,3.719940185546875,1.6047821044921875,7.52158784866333,120.0,15.0,-45.0,7.8222880363464355,4.4093756675720215,27.001047134399414
ev_000135,250.16062927246094,22.079126358032227,-16.42439079284668,352.07049560546875,87.50977325439453,-97.89863586425781,3.3683924674987793,3.61080002784729,1.1367896795272827,0.0,0.0,105.0,4.561111927032471,6.101027011871338,21.260074615478516
ev_000136,220.28367614746094,44.599788665771484,128.9176483154297,349.3203125,57.356224060058594,72.63453674316406,2.371493339538574,0.4703116714954376,13.936229705810547,180.0,30.0,105.0,8.883929252624512,4.2349934577941895,23.278915405273438
ev_000137,86.5056381225586,11.675249099731445,74.76155853271484,90.6627197265625,15.701634407043457,59.8802375793457,4.157081604003906,2.278545618057251,4.920777320861816,135.0,15.0,120.0,2.0819218158721924,1.6932573318481445,7.607701301574707
ev_000138,354.9793395996094,80.63538360595703,-63.971675872802734,345.8785400390625,77.84049224853516,-80.06520080566406,9.100799560546875,2.794891357421875,16.093524932861328,105.0,15.0,-165.0,1.5925647020339966,5.523650646209717,5.597098350524902
ev_000139,308.5036926269531,43.88111114501953,106.31150817871094,100.74247741699219,60.74809646606445,63.84148025512695,5.663928985595703,5.428102493286133,11.04366683959961,300.0,45.0,105.0,7.159977436065674,1.1188888549804688,0.6040346622467041
ev_000140,145.30751037597656,80.0793685913086,-145.97412109375,45.27413558959961,56.51105499267578,-6.985577583312988,3.3985376358032227,0.03954828903079033,0.34019723534584045,45.0,15.0,0.0,3.672673225402832,9.920631408691406,11.916324615478516
ev_000141,316.8595886230469,28.79474639892578,104.95094299316406,295.48321533203125,34.707542419433594,95.93033599853516,11.631558418273926,5.9127960205078125,3.9776101112365723,315.0,30.0,105.0,1.859588623046875,1.1451002359390259,0.0490570068359375
ev_000142,305.3214111328125,9.793831825256348,-45.951663970947266,310.68035888671875,1.877972960472107,-27.363845825195312,5.35894775390625,6.159623146057129,5.175714492797852,195.0,15.0,-150.0,5.000065803527832,0.4127805233001709,19.90799331665039
ev_000143,129.92129516601562,4.814159393310547,49.54004669189453,351.9454650878906,89.34600067138672,96.50778198242188,1.464213490486145,1.7262611389160156,3.3795347213745117,0.0,0.0,-75.0,5.4812517166137695,3.6610822677612305,124.54004669189453
ev_000144,254.97088623046875,29.310897827148438,-33.56805419921875,15.26749324798584,72.6359634399414,-116.2850570678711,0.241256445646286,1.6590332984924316,1.215094804763794,225.0,15.0,-60.0,0.8937146067619324,2.7524635791778564,17.43922233581543
ev_000145,283.4442138671875,26.10594367980957,-96.64968872070312,332.8565673828125,28.044570922851562,-59.593116760253906,8.393906593322754,1.9386272430419922,8.439765930175781,120.0,75.0,-105.0,9.158585548400879,5.01536226272583,8.350311279296875
ev_000146,60.079254150390625,32.18185043334961,56.97427749633789,33.69230270385742,40.030433654785156,43.2977294921875,9.723544120788574,0.3488829731941223,12.50915813446045,45.0,30.0,45.0,3.4986188411712646,2.1818504333496094,3.2770438194274902
ev_000147,299.7971496582031,13.873628616333008,-117.82374572753906,352.5233459472656,16.33538055419922,-64.4513931274414,2.2826790809631348,2.4569129943847656,13.780296325683594,30.0,15.0,-30.0,0.8204787373542786,1.1263713836669922,14.759431838989258
ev_000148,256.1768493652344,54.997188568115234,112.97665405273438,31.176782608032227,38.06333923339844,81.9952163696289,8.529766082763672,2.6246631145477295,16.75333023071289,60.0,30.0,90.0,16.176849365234375,5.002811431884766,22.976654052734375
ev_000149,195.7696075439453,78.7175521850586,48.88066482543945,13.325139045715332,89.83295440673828,-37.502532958984375,10.316115379333496,10.125494956970215,17.086475372314453,90.0,15.0,165.0,1.258788824081421,7.441482067108154,1.875912070274353
ev_000150,55.000709533691406,37.61435317993164,60.23097610473633,28.967893600463867,45.97050476074219,40.06782531738281,2.175814390182495,4.423654079437256,17.432405471801758,45.0,30.0,45.0,3.2735252380371094,7.614353179931641,1.2728873491287231
ev_000151,223.36669921875,64.32087707519531,-12.64244556427002,262.8117370605469,84.00582885742188,-80.07515716552734,39.445037841796875,5.382011413574219,5.11774206161499,0.0,30.0,-150.0,20.068248748779297,3.1013295650482178,3.7674906253814697
ev_000152,70.40190887451172,19.034387588500977,-21.08298683166504,234.51182556152344,50.83185958862305,-142.95713806152344,48.623497009277344,21.105520248413086,24.5020694732666,0.0,0.0,-90.0,70.40190887451172,6.737308025360107,17.843626022338867
ev_000153,49.036460876464844,60.914886474609375,-165.9288787841797,321.95172119140625,83.5770034790039,-41.06447219848633,8.48208999633789,5.844001293182373,5.579096794128418,90.0,15.0,-150.0,18.76287841796875,4.831525802612305,15.928878784179688
ev_000154,216.45863342285156,3.6841328144073486,57.3387451171875,72.99932098388672,85.87239837646484,83.15657043457031,3.8255584239959717,1.026642084121704,8.833593368530273,330.0,15.0,165.0,5.3370561599731445,0.7400062084197998,16.5009822845459
ev_000155,210.0093994140625,23.626440048217773,165.3228759765625,77.75801849365234,4.627793788909912,37.53813552856445,3.1929354667663574,3.010366439819336,26.608936309814453,0.0,0.0,-45.0,1.4968262910842896,5.8281025886535645,104.6771240234375
ev_000156,199.60182189941406,77.44699096679688,56.2779655456543,17.98867416381836,86.00467681884766,-33.20906066894531,19.034597396850586,8.557685852050781,26.626667022705078,90.0,15.0,165.0,1.5655163526535034,8.712043762207031,6.854752063751221
ev_000157,240.0503692626953,83.0934829711914,-14.628193855285645,70.67134094238281,82.83356475830078,0.8328987956047058,8.719368934631348,0.259918212890625,14.302729606628418,345.0,45.0,-165.0,4.221047401428223,3.6387736797332764,7.864455223083496
ev_000158,14.365928649902344,34.584068298339844,117.6191177368164,310.1343994140625,28.813270568847656,67.23759460449219,6.206459045410156,3.8080687522888184,5.037471294403076,315.0,30.0,75.0,9.737409591674805,1.3152436017990112,2.7249341011047363
ev_000159,109.67865753173828,52.42103958129883,-71.48257446289062,248.91986083984375,41.59781265258789,-126.55738830566406,3.9984097480773926,0.3168093264102936,9.351668357849121,120.0,60.0,-75.0,10.321342468261719,7.578960418701172,1.7193653583526611
ev_000160,99.24378967285156,58.870662689208984,27.70441246032715,98.96925354003906,69.8773193359375,49.57187271118164,0.2745361328125,3.328298807144165,4.833108425140381,315.0,30.0,135.0,13.350395202636719,2.746168375015259,10.70057487487793
ev_000161,186.39759826660156,64.65074157714844,172.17535400390625,279.74798583984375,51.28791427612305,19.802261352539062,0.01671808585524559,8.260880470275879,5.754979610443115,165.0,15.0,165.0,10.253885269165039,3.2262299060821533,7.17535400390625
ev_000162,233.9596710205078,78.41280364990234,83.54369354248047,109.3497543334961,19.323686599731445,126.99215698242188,16.789260864257812,3.7381293773651123,5.457988262176514,105.0,15.0,135.0,5.047356128692627,1.0419057607650757,4.272276878356934
ev_000163,54.29426956176758,33.55242156982422,141.38356018066406,14.857475280761719,28.01736068725586,89.82086944580078,17.115581512451172,5.535060882568359,27.213485717773438,180.0,75.0,75.0,2.0551953315734863,5.1782546043396,7.376533031463623
ev_000164,207.33718872070312,16.61894989013672,-35.5924186706543,333.6232604980469,83.9635238647461,-100.73654174804688,1.8424900770187378,3.545553207397461,2.906008243560791,210.0,15.0,-30.0,2.6333441734313965,1.6189498901367188,0.5782365202903748
ev_000165,298.9865417480469,83.88338470458984,-79.82664489746094,297.53607177734375,86.75636291503906,-84.87633514404297,0.1023690402507782,2.8729782104492188,1.153031826019287,0.0,0.0,150.0,59.687435150146484,6.116615295410156,10.173355102539062
ev_000166,139.3721923828125,1.6428653001785278,93.19979858398438,41.38284683227539,9.785870552062988,-23.336139678955078,15.042882919311523,2.2202234268188477,113.24441528320312,135.0,90.0,-75.0,4.3721923828125,1.6403032541275024,86.80020141601562
ev_000167,55.55155563354492,36.89738082885742,-45.38343048095703,278.909423828125,37.8603515625,-111.63133239746094,58.99666213989258,0.9629707336425781,6.171160697937012,60.0,30.0,-60.0,4.448444366455078,0.35833489894866943,11.700379371643066
ev_000168,181.02529907226562,44.479713439941406,-95.3919448852539,7.9857916831970215,41.27629470825195,-93.55824279785156,0.5751922726631165,3.0518696308135986,1.8337020874023438,0.0,45.0,-105.0,8.560983657836914,0.5202865600585938,9.238662719726562
ev_000169,198.10708618164062,64.78575134277344,135.48292541503906,343.1226806640625,34.49158477783203,52.39636993408203,8.075657844543457,1.442212462425232,18.956972122192383,0.0,30.0,75.0,0.9149624705314636,3.6648454666137695,36.98414611816406
ev_000170,314.6480407714844,85.52415466308594,144.00856018066406,96.58167266845703,3.6281497478485107,32.10248565673828,19.882871627807617,2.5486433506011963,26.576555252075195,0.0,0.0,-60.0,15.351959228515625,4.4758453369140625,65.52593231201172
ev_000171,338.3990783691406,9.82713794708252,4.899810791015625,337.0528564453125,21.92974090576172,-0.9461451768875122,1.346221923828125,0.4819493889808655,5.845955848693848,60.0,90.0,-105.0,8.399078369140625,0.8352918028831482,4.899810791015625
ev_000172,182.93594360351562,50.12905502319336,-149.9730682373047,78.32747650146484,57.534217834472656,-70.11493682861328,5.722125053405762,7.405162811279297,26.142873764038086,210.0,30.0,-135.0,6.501253604888916,1.880433201789856,14.973068237304688
ev_000173,133.92141723632812,16.05714988708496,-25.045305252075195,244.39163208007812,86.90522766113281,-111.5992431640625,3.711806535720825,3.6295721530914307,6.9841437339782715,135.0,15.0,-30.0,1.078582763671875,0.7111276388168335,1.550785779953003
ev_000174,1.0753597021102905,3.726414203643799,-65.469482421875,28.868671417236328,1.1012104749679565,-40.30437469482422,2.6688175201416016,2.6252036094665527,0.7090851068496704,0.0,0.0,-60.0,1.0753597021102905,3.3896565437316895,1.5489323139190674
ev_000175,337.4575500488281,83.66619110107422,-155.1383056640625,322.0360412597656,86.93992614746094,-100.90892791748047,15.4215087890625,3.2737350463867188,8.79934310913086,15.0,30.0,-165.0,27.404525756835938,1.10166335105896,9.8616943359375
ev_000176,312.2687683105469,48.782501220703125,-82.11957550048828,312.5529479980469,52.35177993774414,-87.2132568359375,0.2841796875,3.5692787170410156,5.093681335449219,135.0,45.0,-90.0,2.731231689453125,3.1685540676116943,7.880424499511719
ev_000177,243.1392059326172,3.5313937664031982,127.61865997314453,26.732791900634766,86.41947937011719,93.60667419433594,1.2649096250534058,0.7839962244033813,5.7639617919921875,0.0,0.0,-120.0,4.53211784362793,2.7965242862701416,112.38134002685547
ev_000178,198.6880645751953,78.25507354736328,-154.97853088378906,97.17474365234375,65.38677978515625,-15.726014137268066,4.824551582336426,0.1504061222076416,0.4296856224536896,75.0,30.0,-30.0,7.123013496398926,2.7325856685638428,17.077651977539062
ev_000179,29.831024169921875,19.009998321533203,71.31581115722656,10.495689392089844,19.593502044677734,61.582881927490234,9.145981788635254,0.5835037231445312,3.316192626953125,15.0,15.0,60.0,3.6447153091430664,4.009998321533203,1.332585334777832
ev_000180,356.96771240234375,32.86452865600586,157.67984008789062,105.97257995605469,77.98080444335938,81.496826171875,0.021187718957662582,0.12586669623851776,22.361330032348633,300.0,15.0,105.0,1.4978574514389038,2.5841832160949707,26.89737319946289
ev_000181,154.5148162841797,73.76203155517578,106.61510467529297,325.9072570800781,29.75152015686035,78.09308624267578,5.043732166290283,6.68073034286499,9.889269828796387,15.0,15.0,120.0,9.617706298828125,3.285428762435913,13.384895324707031
ev_000182,86.2034683227539,78.95565795898438,-101.95404815673828,271.6438293457031,5.651737689971924,-85.2679443359375,0.6852956414222717,5.41193151473999,11.48629379272461,300.0,15.0,-60.0,2.929053783416748,1.2202762365341187,4.323307991027832
ev_000183,316.1778564453125,66.26429748535156,118.17001342773438,325.51702880859375,66.73912048339844,86.6064224243164,9.33917236328125,0.474822998046875,20.329309463500977,135.0,30.0,75.0,16.014266967773438,5.1433916091918945,19.671232223510742
ev_000184,37.61180114746094,2.240262031555176,25.253585815429688,17.99126625061035,11.895076751708984,6.948480606079102,1.1845347881317139,0.47330817580223083,9.783828735351562,0.0,0.0,-15.0,2.624885320663452,0.9555533528327942,40.25358581542969
ev_000185,252.7476806640625,52.72775650024414,-24.916406631469727,286.2153015136719,61.50257873535156,-39.85041046142578,33.467620849609375,2.998533010482788,4.734916687011719,285.0,60.0,-60.0,32.2523193359375,7.272243499755859,9.105439186096191
ev_000186,136.36257934570312,20.98215103149414,177.4989776611328,315.2446594238281,15.63387393951416,1.5040572881698608,4.901731014251709,0.4900268614292145,36.5926513671875,45.0,90.0,-105.0,86.30204772949219,0.8953108787536621,69.03609466552734
ev_000187,168.01742553710938,71.62396240234375,8.18546199798584,9.798449516296387,88.97608184814453,158.1274871826172,24.788442611694336,3.492802619934082,3.3202271461486816,180.0,45.0,15.0,3.8503975868225098,2.77986741065979,6.81453800201416
ev_000188,166.2318572998047,74.13601684570312,170.1340789794922,75.47855377197266,89.54927825927734,-16.534595489501953,0.6194992065429688,0.6700860261917114,10.336084365844727,75.0,90.0,-60.0,1.2318572998046875,9.486618041992188,9.865921020507812
ev_000189,143.94979858398438,55.485469818115234,-84.7671890258789,306.6484375,36.43441390991211,-99.37149810791016,5.708870887756348,1.3574103116989136,1.6214549541473389,150.0,60.0,-90.0,6.050201416015625,4.514530181884766,5.232810974121094
ev_000190,303.313232421875,82.93695831298828,-114.13252258300781,303.5107421875,80.5127182006836,-110.42407989501953,0.197509765625,2.4242401123046875,3.7084426879882812,165.0,15.0,-45.0,4.3062052726745605,3.4822490215301514,13.403939247131348
ev_000191,101.27500915527344,17.61473274230957,-130.9907989501953,317.20819091796875,77.19230651855469,-63.50739669799805,6.423949718475342,0.39627504348754883,14.728264808654785,105.0,15.0,-135.0,3.7249908447265625,2.6147327423095703,1.035754919052124
ev_000192,330.5296936035156,15.198673248291016,-127.61384582519531,322.2336730957031,14.53996753692627,-141.03353881835938,5.041792392730713,0.6587057113647461,1.9866865873336792,345.0,15.0,-120.0,6.73338508605957,0.19867324829101562,1.783796787261963
ev_000193,37.76114273071289,47.20982360839844,-17.45183563232422,273.0740051269531,14.993656158447266,-128.9204559326172,6.848240375518799,1.1019439697265625,6.9414381980896,270.0,15.0,-135.0,3.8231496810913086,2.168642997741699,0.8618940711021423
ev_000194,41.396419525146484,33.15995788574219,145.85824584960938,22.616641998291016,31.930156707763672,124.74481964111328,2.3802101612091064,1.2298011779785156,8.850286483764648,30.0,15.0,150.0,11.396419525146484,10.442296028137207,4.141754150390625
ev_000195,253.62496948242188,63.79145050048828,162.59848022460938,345.34051513671875,75.34548950195312,38.81153869628906,6.164941787719727,0.9098026156425476,1.1497844457626343,345.0,75.0,60.0,6.505456924438477,0.5643131136894226,10.785265922546387
ev_000196,103.06246185302734,31.894289016723633,-154.66468811035156,347.4597473144531,75.01948547363281,-51.58598709106445,3.703951597213745,1.9135048389434814,2.0358028411865234,120.0,15.0,-150.0,9.688875198364258,5.631537437438965,4.6646881103515625
ev_000197,262.4259338378906,81.86669921875,-156.9708709716797,254.7711181640625,82.12537384033203,-149.1927490234375,7.654815673828125,0.25867462158203125,0.3210100829601288,150.0,30.0,-15.0,9.36161994934082,0.6978285312652588,6.173055648803711
ev_000198,79.48565673828125,49.39824295043945,138.0880889892578,77.47195434570312,39.69361114501953,133.30580139160156,2.013702392578125,2.7801198959350586,4.78228759765625,60.0,30.0,135.0,8.884514808654785,9.770712852478027,3.0880889892578125
ev_000199,278.4326477050781,74.79315185546875,-14.895242691040039,284.89288330078125,85.44725799560547,-13.766133308410645,3.5832412242889404,0.6404178738594055,1.1291093826293945,285.0,75.0,-60.0,6.567352294921875,0.20684814453125,12.47688102722168
ev_000200,182.48487854003906,82.94392395019531,-73.59970092773438,347.4888610839844,6.351860046386719,-102.62561798095703,2.2949373722076416,0.8584189414978027,15.006471633911133,75.0,15.0,-15.0,2.974059820175171,2.8154263496398926,30.911117553710938
ev_000201,308.9444580078125,63.72128677368164,133.5589599609375,59.19615173339844,52.60809326171875,22.023855209350586,4.7144341468811035,3.132518768310547,6.935477256774902,90.0,15.0,30.0,21.90811538696289,18.84324073791504,5.623134613037109
ev_000202,243.07955932617188,68.25220489501953,118.49580383300781,77.68946075439453,22.847618103027344,105.93335723876953,2.602722406387329,0.175467848777771,12.562446594238281,75.0,15.0,90.0,11.920440673828125,6.747795104980469,28.495803833007812
ev_000203,0.5589096546173096,62.89518737792969,20.270553588867188,5.487109661102295,67.78872680664062,11.036540985107422,4.928199768066406,4.2481889724731445,6.029842376708984,15.0,30.0,15.0,10.928606986999512,10.52761173248291,5.2705535888671875
ev_000204,286.87225341796875,74.60188293457031,-1.8410841226577759,275.5963134765625,79.22244262695312,-2.4702584743499756,11.27593994140625,0.65168297290802,0.6291743516921997,15.0,90.0,-120.0,1.87225341796875,1.774975299835205,1.8410841226577759
ev_000205,306.2530517578125,71.1187515258789,107.3392333984375,80.07685852050781,23.588701248168945,48.40175247192383,2.086090087890625,1.4684925079345703,0.5293290615081787,105.0,15.0,75.0,5.748961925506592,4.403736114501953,13.372102737426758
ev_000206,234.6350860595703,84.0264892578125,29.625045776367188,278.3660888671875,32.68874740600586,15.75446605682373,33.76129150390625,2.4586751461029053,13.870579719543457,315.0,15.0,30.0,38.78251266479492,1.4619615077972412,0.3749542236328125
ev_000207,153.93438720703125,82.03144073486328,-102.56987762451172,352.7416076660156,14.377324104309082,-69.1543960571289,2.6518893241882324,0.47112536430358887,7.357958793640137,0.0,0.0,-60.0,32.06398391723633,7.968559265136719,12.569877624511719
ev_000208,331.1390380859375,6.900730133056641,-143.84573364257812,219.26805114746094,89.48849487304688,-82.41949462890625,14.085064888000488,0.6969122886657715,1.9992603063583374,0.0,0.0,-120.0,28.8609619140625,4.064737319946289,5.581244945526123
ev_000209,117.63675689697266,36.437381744384766,-34.690067291259766,227.58245849609375,73.92112731933594,-93.99962615966797,9.165999412536621,3.6783552169799805,27.25971794128418,75.0,15.0,-60.0,12.615935325622559,6.804687976837158,23.628604888916016
ev_000210,37.14702224731445,35.595027923583984,4.140942573547363,47.6533317565918,4.095843315124512,10.553121566772461,3.3487367630004883,1.6593331098556519,6.412178993225098,0.0,0.0,-45.0,11.222176551818848,2.4088573455810547,49.14094161987305
ev_000211,168.6320037841797,50.24808120727539,93.2072982788086,344.9113464355469,38.634422302246094,96.75115966796875,1.2873934507369995,1.2252745628356934,1.5195029973983765,0.0,30.0,105.0,5.824127674102783,9.859696388244629,4.650496959686279
ev_000212,204.31919860839844,84.01358032226562,170.072021484375,284.0373229980469,86.20561218261719,10.628427505493164,10.993368148803711,0.7315656542778015,4.551675796508789,180.0,30.0,165.0,12.300673484802246,1.4490525722503662,5.072021484375
ev_000213,100.56865692138672,16.516090393066406,-101.734619140625,295.07806396484375,78.17839813232422,-80.1015396118164,2.2846686840057373,1.1429731845855713,6.4473772048950195,90.0,15.0,-105.0,7.289305686950684,1.5160903930664062,0.5160475373268127
ev_000214,275.2216491699219,3.7158663272857666,-114.19495391845703,7.623290061950684,15.96043872833252,-21.805919647216797,0.7982593178749084,2.473520040512085,9.324121475219727,0.0,0.0,-30.0,24.778350830078125,3.3890509605407715,1.5246994495391846
ev_000215,193.89230346679688,66.09977722167969,-112.17919921875,25.52230453491211,20.702199935913086,-76.88442993164062,2.356433153152466,3.761810779571533,17.277828216552734,45.0,30.0,-60.0,2.5823709964752197,1.758683443069458,6.077085494995117
ev_000216,144.6825714111328,30.389219284057617,-15.92386245727539,238.19281005859375,83.13290405273438,-77.99310302734375,10.31599235534668,1.1107831001281738,30.51255989074707,15.0,15.0,-135.0,7.515830039978027,2.5674116611480713,15.579606056213379
ev_000217,216.0349884033203,7.4576096534729,-45.854331970214844,351.5522155761719,81.27106475830078,-121.7607650756836,0.09382648020982742,3.384920358657837,26.55152130126953,240.0,15.0,-15.0,7.135223388671875,1.5030492544174194,9.30157470703125
ev_000218,358.3179016113281,14.393351554870605,-70.1695785522461,291.696533203125,16.16227149963379,-126.44888305664062,8.641341209411621,0.5843965411186218,10.061056137084961,285.0,15.0,-135.0,6.9042253494262695,0.6066484451293945,9.101838111877441
ev_000219,86.19061279296875,88.36260223388672,-33.900489807128906,81.10346984863281,87.851806640625,-21.75939178466797,5.0871429443359375,0.5107955932617188,0.3403164744377136,90.0,90.0,-60.0,2.7093660831451416,1.6373977661132812,1.9725080728530884
ev_000220,291.3984680175781,14.571490287780762,-15.523293495178223,316.29168701171875,2.3194122314453125,17.46792221069336,24.893218994140625,3.164738416671753,32.991214752197266,0.0,0.0,60.0,36.445438385009766,3.8607876300811768,14.061408042907715
ev_000221,319.03436279296875,50.52082824707031,134.28321838378906,72.70115661621094,67.25739288330078,43.992061614990234,3.2000112533569336,0.3542211055755615,5.722702503204346,75.0,60.0,60.0,7.135013103485107,3.5434656143188477,3.3898236751556396
ev_000222,181.41973876953125,31.282167434692383,-26.070810317993164,292.50164794921875,76.79210662841797,-115.28839874267578,1.6095783710479736,0.016642091795802116,2.7139334678649902,165.0,15.0,-45.0,4.895801067352295,2.645960807800293,17.89548110961914
ev_000223,329.2507019042969,50.083194732666016,-173.29342651367188,60.881446838378906,84.44241333007812,43.29118728637695,3.5822081565856934,0.418649822473526,14.320792198181152,345.0,15.0,-150.0,9.083104133605957,2.2965352535247803,23.293426513671875
ev_000224,295.4429626464844,15.667014122009277,-48.69765090942383,253.94488525390625,15.061503410339355,-95.55675506591797,6.635371208190918,0.6055107116699219,4.930934429168701,210.0,15.0,-135.0,2.9303276538848877,0.6670141220092773,21.216272354125977
ev_000225,4.397058010101318,55.664451599121094,-115.18299102783203,5.99401330947876,63.40072250366211,-103.64701080322266,1.5969552993774414,7.736270904541016,6.691974639892578,195.0,30.0,-75.0,6.589181900024414,5.456454277038574,16.6842098236084
ev_000226,95.70732879638672,74.13009643554688,169.21871948242188,10.234816551208496,88.77481842041016,-9.789902687072754,4.7388739585876465,0.578074038028717,12.024560928344727,195.0,60.0,15.0,1.661931037902832,2.586822986602783,1.1403378248214722
ev_000227,73.25298309326172,69.3743667602539,-115.2293472290039,273.939453125,21.698347091674805,-56.96061706542969,14.304929733276367,2.5703344345092773,12.98875617980957,270.0,15.0,-75.0,1.242927074432373,6.148120880126953,21.262216567993164
ev_000228,249.30955505371094,11.297491073608398,166.99142456054688,59.65083312988281,3.5129735469818115,-32.72514343261719,66.9825668334961,0.6290984153747559,100.0521240234375,0.0,0.0,-75.0,7.07440185546875,2.5274031162261963,103.00857543945312
ev_000229,179.6954345703125,61.841552734375,-118.63925170898438,16.91192054748535,32.14429473876953,-67.85396575927734,8.45602035522461,1.366445541381836,15.312760353088379,30.0,30.0,-60.0,3.3855020999908447,2.4995410442352295,11.842435836791992
ev_000230,128.18634033203125,71.15642547607422,-22.259004592895508,314.1018371582031,88.24032592773438,25.789297103881836,2.465176582336426,4.768617630004883,22.195934295654297,255.0,15.0,-165.0,22.302841186523438,15.002609252929688,5.241754055023193
ev_000231,353.3060302734375,55.57444381713867,-142.44345092773438,351.3628234863281,67.22955322265625,-118.22209930419922,1.943206787109375,7.414273738861084,0.74851393699646,225.0,45.0,-60.0,12.462449073791504,3.3356876373291016,19.155118942260742
ev_000232,320.761962890625,58.46533203125,-161.68226623535156,221.55978393554688,74.24090576171875,-78.30926513671875,0.6211907863616943,0.22131480276584625,36.002716064453125,0.0,15.0,-135.0,5.054379463195801,4.992488861083984,26.682266235351562
ev_000233,90.6982192993164,8.687593460083008,140.75595092773438,46.6153564453125,2.1095829010009766,95.97115325927734,1.0214728116989136,3.3851869106292725,6.529280662536621,105.0,15.0,150.0,4.528716087341309,1.9521533250808716,6.315479278564453
ev_000234,137.64845275878906,62.02894973754883,-123.552978515625,316.2673645019531,26.46501350402832,-73.78975677490234,19.3724308013916,2.6345417499542236,25.6411075592041,315.0,30.0,-75.0,19.840576171875,0.9080437421798706,25.054197311401367
ev_000235,221.6612548828125,42.62139129638672,-127.88609313964844,219.14488220214844,46.04190444946289,-123.72730255126953,2.5163726806640625,3.420513153076172,0.46252116560935974,210.0,45.0,-120.0,11.6612548828125,2.3786087036132812,2.9062325954437256
ev_000236,131.87503051757812,45.2537841796875,82.00015258789062,304.15740966796875,46.43915557861328,86.88123321533203,3.1968562602996826,1.1331509351730347,4.718258857727051,135.0,45.0,90.0,3.124969482421875,0.2537841796875,7.992583274841309
ev_000237,175.54612731933594,31.38051414489746,-25.073822021484375,283.64068603515625,77.71111297607422,-120.74874877929688,1.5911842584609985,0.45969894528388977,1.8299827575683594,150.0,15.0,-45.0,3.312836170196533,2.2032954692840576,18.190183639526367
ev_000238,90.70574951171875,24.90131187438965,161.60740661621094,351.9701843261719,4.249447345733643,72.10769653320312,7.580403804779053,3.590996742248535,5.881136417388916,90.0,15.0,165.0,0.70574951171875,3.7936060428619385,3.3925933837890625
ev_000239,138.88418579101562,38.24574661254883,-66.01907348632812,297.8211975097656,57.609397888183594,-88.76144409179688,8.464244842529297,2.053433656692505,15.811752319335938,120.0,30.0,-90.0,10.643047332763672,4.444035530090332,17.76320457458496
ev_000240,19.293825149536133,39.32201385498047,-100.4814453125,11.161979675292969,41.02004623413086,-98.25879669189453,8.131845474243164,1.6980323791503906,1.3529504537582397,15.0,45.0,-105.0,3.010180711746216,4.536318778991699,4.5185546875
ev_000241,52.6031608581543,31.877668380737305,-128.3048553466797,278.5387268066406,70.45780181884766,-88.75629425048828,3.007138252258301,4.940501689910889,19.83718490600586,105.0,15.0,-90.0,9.468411445617676,9.48270034790039,21.080890655517578
ev_000242,145.617919921875,79.30911254882812,-33.07268524169922,313.8556823730469,16.19656753540039,-120.75598907470703,20.023164749145508,3.178088665008545,46.547882080078125,315.0,15.0,-120.0,20.249557495117188,2.2616522312164307,47.303871154785156
ev_000243,234.5536346435547,3.1104581356048584,-108.07115173339844,311.65032958984375,5.041966438293457,-36.23377990722656,5.128553867340088,0.020821930840611458,5.036293029785156,0.0,0.0,15.0,20.446365356445312,2.956885576248169,0.9657148122787476
ev_000244,1.085270643234253,55.26100158691406,-73.16828918457031,356.7504577636719,61.25883483886719,-76.17162322998047,3.479318380355835,5.997833251953125,0.8847066760063171,165.0,30.0,-105.0,1.1068531274795532,5.8599042892456055,7.6640729904174805
ev_000245,109.9137954711914,3.5288074016571045,62.494911193847656,73.64012145996094,4.582508087158203,28.891050338745117,2.636843681335449,0.9173144698143005,2.382842779159546,0.0,0.0,-45.0,2.4634501934051514,3.1295230388641357,107.49491119384766
ev_000246,117.02721405029297,20.789287567138672,22.343555450439453,8.500143051147461,85.4565658569336,82.24788665771484,2.4925835132598877,3.211184024810791,27.10066795349121,240.0,15.0,135.0,7.999467372894287,2.790672540664673,25.651445388793945
ev_000247,88.01631164550781,85.44337463378906,104.4224853515625,92.85883331298828,88.24312591552734,79.49951171875,4.842521667480469,2.7997512817382812,24.9229736328125,330.0,15.0,150.0,1.1311146020889282,0.11060359328985214,27.486799240112305
ev_000248,94.64099884033203,63.353614807128906,35.56596755981445,84.36507415771484,71.71463012695312,58.34621810913086,10.275924682617188,8.361015319824219,0.5284677743911743,315.0,30.0,135.0,8.747604370117188,5.9415740966796875,13.331573486328125
ev_000249,199.0897674560547,5.087162494659424,130.6956329345703,78.25883483886719,15.536505699157715,10.671577453613281,0.3135940730571747,1.0117722749710083,18.602514266967773,75.0,15.0,15.0,7.793126106262207,0.013881593011319637,17.83287239074707
ev_000250,168.09970092773438,86.38163757324219,-65.65546417236328,319.35888671875,8.40751838684082,-101.56771087646484,17.05087661743164,4.6171875,22.646902084350586,270.0,15.0,-165.0,2.6105196475982666,0.22260329127311707,6.278611660003662
ev_000251,95.92073059082031,16.771289825439453,-66.00206756591797,249.76458740234375,78.55280303955078,-99.8708724975586,1.219457745552063,1.699129581451416,2.883054733276367,105.0,15.0,-60.0,3.148477077484131,1.7712898254394531,0.6429223418235779
ev_000252,276.6361389160156,59.87603759765625,131.9893341064453,9.62739086151123,59.227115631103516,51.4318962097168,26.152549743652344,0.6489219665527344,4.324986457824707,240.0,45.0,120.0,15.01146125793457,2.2460110187530518,11.989334106445312
ev_000253,14.284801483154297,30.498199462890625,43.38996505737305,8.234040260314941,26.85331153869629,38.09315872192383,1.8548578023910522,3.644887924194336,1.446536660194397,255.0,75.0,105.0,9.879097938537598,5.404158592224121,2.6030077934265137
ev_000254,297.1084289550781,23.9863338470459,179.60841369628906,37.071739196777344,86.43779754638672,100.82569885253906,9.605539321899414,3.4030163288116455,34.8115348815918,0.0,0.0,-120.0,2.5338003635406494,0.15918613970279694,60.39158630371094
ev_000255,329.28955078125,46.05574417114258,94.01174926757812,321.0291442871094,46.50001907348633,97.14598083496094,8.260406494140625,0.12276124209165573,3.1342315673828125,330.0,45.0,105.0,0.71044921875,0.8647387027740479,10.359115600585938
ev_000256,76.99832916259766,18.97577476501465,81.04106903076172,57.072296142578125,22.08966064453125,70.16703033447266,8.122550010681152,1.9813517332077026,4.774975776672363,105.0,15.0,105.0,3.0328774452209473,3.9757747650146484,4.991800308227539
ev_000257,345.7236022949219,88.08062744140625,68.3620834350586,77.24793243408203,1.734001636505127,-11.528145790100098,72.1265869140625,1.5728843212127686,79.89022827148438,0.0,0.0,-75.0,0.723602294921875,1.91937255859375,95.19290161132812
ev_000258,104.21043395996094,2.148749589920044,-21.920366287231445,31.35622215270996,89.67664337158203,122.07357025146484,17.661775588989258,0.47864750027656555,22.529298782348633,30.0,90.0,105.0,15.789566040039062,0.8020041584968567,21.920366287231445
ev_000259,193.26058959960938,41.95602798461914,-115.54370880126953,55.36566925048828,62.059417724609375,-83.26318359375,9.378231048583984,9.159759521484375,13.071874618530273,210.0,30.0,-105.0,1.2046852111816406,8.221247673034668,10.543708801269531
ev_000260,221.17283630371094,60.74055099487305,161.54949951171875,327.10321044921875,71.37689208984375,77.1148681640625,6.6687211990356445,2.5951359272003174,38.05531311035156,165.0,15.0,105.0,9.061420440673828,1.5504597425460815,55.46668243408203
ev_000261,282.7196350097656,43.593204498291016,110.24559783935547,71.09456634521484,56.197288513183594,68.35603332519531,3.87398099899292,4.160431385040283,3.409193277359009,75.0,60.0,75.0,0.46715041995048523,10.310747146606445,3.2347733974456787
ev_000262,3.075040340423584,65.53787994384766,-129.48423767089844,359.0033264160156,70.08677673339844,-136.2947998046875,4.071713924407959,4.115307807922363,6.8105621337890625,210.0,30.0,-60.0,6.76510763168335,1.1967861652374268,23.382123947143555
ev_000263,165.64695739746094,6.472397327423096,15.301820755004883,63.20822525024414,88.85296630859375,106.65430450439453,2.770089626312256,0.5576769113540649,10.409514427185059,60.0,90.0,105.0,0.4381355941295624,1.704710602760315,8.755209922790527
ev_000264,18.922361373901367,76.2951431274414,-120.91854858398438,12.265536308288574,72.179443359375,-94.36538696289062,6.656825065612793,4.115699768066406,26.55316162109375,15.0,75.0,-90.0,3.922361373901367,1.2951431274414062,30.918548583984375
ev_000265,253.91517639160156,66.40270233154297,-54.156005859375,259.76409912109375,71.2405014038086,-55.049095153808594,1.5647032260894775,2.9317424297332764,0.8930892944335938,255.0,75.0,-75.0,1.0848236083984375,8.597297668457031,9.270649909973145
ev_000266,245.36636352539062,22.849884033203125,-91.57240295410156,257.1632995605469,18.554553985595703,-88.80394744873047,8.829097747802734,4.29042911529541,0.5335764288902283,255.0,15.0,-75.0,7.576681613922119,7.849884033203125,2.394727945327759
ev_000267,314.9541931152344,39.1721076965332,69.75737762451172,305.02496337890625,39.505950927734375,57.05720520019531,4.656223297119141,0.3338432312011719,8.406509399414062,165.0,60.0,105.0,1.8590214252471924,5.946165561676025,0.743531346321106
ev_000268,95.24907684326172,22.794086456298828,-111.82504272460938,300.8854675292969,74.28411102294922,-68.56800842285156,2.156064033508301,3.561830997467041,12.55222225189209,105.0,15.0,-105.0,1.7746864557266235,6.601280689239502,4.9126386642456055
ev_000269,284.13385009765625,52.186248779296875,43.4305534362793,292.50177001953125,46.80054473876953,37.034820556640625,8.367919921875,5.385704040527344,2.7317955493927,300.0,45.0,60.0,4.771607875823975,0.05250731483101845,16.5341739654541
ev_000270,125.6331558227539,38.33506393432617,-15.766521453857422,222.97885131835938,83.85470581054688,-86.47698974609375,5.141871452331543,3.5573904514312744,7.556469440460205,90.0,15.0,-45.0,4.1136956214904785,0.8426060080528259,26.542415618896484
ev_000271,98.21783447265625,69.04801940917969,-176.42677307128906,358.46954345703125,82.48284149169922,-22.622575759887695,6.6277923583984375,1.4655472040176392,1.633335828781128,120.0,15.0,-165.0,8.550527572631836,0.504275918006897,11.426773071289062
ev_000272,90.9051513671875,54.50059509277344,-178.10848999023438,343.27606201171875,79.38002014160156,-20.2492618560791,13.739706993103027,9.080155372619629,9.410594940185547,105.0,15.0,-165.0,0.6826839447021484,2.3011410236358643,13.108489990234375
ev_000273,213.0506591796875,25.665586471557617,27.15871238708496,100.74984741210938,78.73825073242188,111.76726531982422,2.5151846408843994,0.14072084426879883,1.0753976106643677,225.0,15.0,30.0,7.617910861968994,3.9669978618621826,2.841287612915039
ev_000274,311.0764465332031,80.80750274658203,-13.275238990783691,317.6174011230469,88.51368713378906,-29.52570343017578,5.224089622497559,7.706184387207031,7.732378959655762,60.0,30.0,-165.0,5.8592400550842285,1.7570250034332275,5.559602737426758
ev_000275,150.05653381347656,6.585668563842773,-61.632198333740234,304.2472229003906,88.69200134277344,-95.36506652832031,2.71736216545105,1.0639119148254395,2.2253127098083496,0.0,0.0,150.0,30.056533813476562,5.791941165924072,3.139753818511963
ev_000276,321.804443359375,47.589385986328125,109.34806060791016,310.0335693359375,45.63988494873047,98.60074615478516,3.525627613067627,0.20270492136478424,10.747314453125,120.0,45.0,75.0,1.0508723258972168,0.668903112411499,4.837242126464844
ev_000277,31.979467391967773,51.801513671875,133.89401245117188,66.45100402832031,57.44857406616211,119.01528930664062,34.471534729003906,1.9424935579299927,4.153843402862549,60.0,60.0,105.0,28.020532608032227,4.493919372558594,17.237451553344727
ev_000278,302.5611572265625,13.26779842376709,-156.64898681640625,228.9805145263672,89.82018280029297,-122.16629791259766,39.21152114868164,5.039389610290527,34.482688903808594,0.0,0.0,-105.0,57.4388427734375,5.219206809997559,12.215094566345215
ev_000279,315.4325866699219,34.31771469116211,-84.8840560913086,314.796630859375,30.945232391357422,-78.77735137939453,0.635955810546875,3.3724822998046875,3.1723716259002686,330.0,30.0,-75.0,3.561854839324951,4.317714691162109,5.015538215637207
ev_000280,296.5162658691406,36.355621337890625,-113.56597137451172,324.5895080566406,33.676109313964844,-94.37500762939453,4.885835647583008,0.6525241136550903,13.488502502441406,345.0,30.0,-75.0,2.8514766693115234,4.03331995010376,1.3982988595962524
ev_000281,272.8172302246094,36.82354736328125,-178.85450744628906,353.95855712890625,79.41307830810547,86.556884765625,10.190690040588379,9.900397300720215,73.33222961425781,0.0,0.0,-90.0,87.18276977539062,0.6865246891975403,36.81805419921875
ev_000282,265.3666076660156,7.998971462249756,-24.144079208374023,304.01226806640625,12.03829288482666,15.940441131591797,38.645660400390625,0.020712293684482574,40.08451843261719,0.0,0.0,75.0,19.302278518676758,3.2629857063293457,7.307137966156006
ev_000283,229.08297729492188,66.64400482177734,-74.00312042236328,235.1640625,63.0633430480957,-113.92387390136719,6.081085205078125,3.5806617736816406,8.621480941772461,90.0,30.0,-60.0,7.226955413818359,1.946531057357788,14.003120422363281
ev_000284,69.8111801147461,33.90644454956055,-31.563222885131836,59.38843536376953,34.89616012573242,-35.608577728271484,7.008395195007324,0.989715576171875,0.24291495978832245,45.0,30.0,-45.0,10.93274211883545,3.727411985397339,7.592188835144043
ev_000285,227.42503356933594,18.24534034729004,-111.2843017578125,256.5630798339844,10.553035736083984,-83.63672637939453,0.36323437094688416,6.474344730377197,0.46059900522232056,285.0,15.0,-60.0,4.404510498046875,3.245340347290039,13.65356159210205
ev_000286,45.53058624267578,50.78017807006836,-29.899524688720703,18.270952224731445,20.965984344482422,-50.89341735839844,1.7204673290252686,6.59713077545166,20.993892669677734,150.0,75.0,-105.0,5.510847091674805,7.717371940612793,16.093448638916016
ev_000287,139.80270385742188,43.03692626953125,-77.10269927978516,295.91595458984375,50.45032501220703,-119.62152099609375,6.492001056671143,0.3886220455169678,17.849000930786133,150.0,45.0,-75.0,6.838473320007324,1.3778541088104248,2.1026992797851562
ev_000288,295.3558654785156,35.70574951171875,-149.5863494873047,299.1200866699219,24.076093673706055,-143.86468505859375,3.76422119140625,3.2647664546966553,5.7216644287109375,330.0,15.0,-120.0,0.9974571466445923,4.232146263122559,24.16086769104004
ev_000289,218.70004272460938,16.953325271606445,-55.212623596191406,0.6479668021202087,75.73290252685547,-118.90016174316406,2.062955856323242,0.4113832712173462,19.033899307250977,225.0,15.0,-45.0,3.7038955688476562,1.9533252716064453,0.8623201251029968
ev_000290,66.10974884033203,89.76800537109375,-63.038883209228516,328.010498046875,2.233538866043091,-8.211308479309082,0.10590431839227676,0.0869298130273819,29.17177963256836,0.0,0.0,15.0,66.10974884033203,0.23199462890625,26.961116790771484
ev_000291,336.1949157714844,3.8696396350860596,-59.98253631591797,2.013650894165039,0.47842466831207275,-27.69511604309082,6.41282844543457,3.127624273300171,1.5144351720809937,0.0,0.0,-30.0,23.805084228515625,3.349977970123291,1.938050389289856
ev_000292,181.58164978027344,57.53527069091797,107.11492156982422,315.3919677734375,34.748233795166016,53.25178146362305,3.926713228225708,1.510060429573059,5.424894332885742,330.0,30.0,60.0,1.7408124208450317,6.258294105529785,1.012807846069336
ev_000293,145.97158813476562,33.015716552734375,-13.109347343444824,249.67996215820312,85.76502990722656,-92.57722473144531,2.6590311527252197,2.8638973236083984,29.750991821289062,30.0,15.0,-135.0,8.972042083740234,3.446423053741455,12.671783447265625
ev_000294,86.7270278930664,88.1867446899414,-98.67231750488281,345.1966552734375,1.826785683631897,-10.611739158630371,0.18949221074581146,1.4769028425216675,1.2456272840499878,90.0,90.0,-75.0,3.2729721069335938,1.8132553100585938,23.672317504882812
ev_000295,299.9604797363281,81.85069274902344,22.06937599182129,301.3150939941406,81.6303482055664,20.930456161499023,1.3546142578125,0.22034454345703125,0.1677444726228714,105.0,90.0,-60.0,11.671209335327148,8.149307250976562,8.783930778503418
ev_000296,305.474365234375,82.4867935180664,-39.43013381958008,307.3397521972656,88.14427947998047,-88.3968505859375,1.865386962890625,5.6574859619140625,39.500221252441406,0.0,0.0,135.0,41.61113739013672,7.513206481933594,50.56986618041992
ev_000297,338.1770324707031,62.268463134765625,-149.06475830078125,248.76278686523438,67.0047378540039,-65.40940856933594,16.168622970581055,4.071072101593018,14.626835823059082,255.0,75.0,-75.0,22.40583610534668,12.06633472442627,15.057730674743652
ev_000298,335.0766296386719,37.44013214111328,-67.9509506225586,317.7874450683594,34.04636764526367,-71.513916015625,12.236123085021973,2.224731922149658,3.5629653930664062,315.0,30.0,-75.0,10.242132186889648,5.416996955871582,7.049049377441406
ev_000299,155.3380584716797,51.630126953125,70.59941101074219,12.012712478637695,41.13515853881836,118.96530151367188,0.36147740483283997,1.1757700443267822,3.5271823406219482,150.0,60.0,75.0,5.3380584716796875,8.369873046875,1.385707139968872
ev_000300,87.66951751708984,83.75023651123047,45.2312126159668,95.5221176147461,83.02545928955078,60.72808837890625,1.8922641277313232,0.7247772216796875,5.207744598388672,330.0,15.0,150.0,1.477908730506897,1.18570876121521,21.161043167114258
ev_000301,265.45599365234375,4.22955846786499,118.1929931640625,58.34041213989258,89.29119873046875,87.22657775878906,1.142524003982544,1.3670634031295776,0.772373378276825,0.0,0.0,-150.0,2.802111864089966,3.7270119190216064,91.8070068359375
ev_000302,274.62274169921875,46.1400146484375,-110.24176788330078,276.90155029296875,46.07563781738281,-116.93053436279297,2.27880859375,0.0643768310546875,5.384428977966309,135.0,60.0,-75.0,12.190472602844238,12.571118354797363,3.9043405055999756
ev_000303,303.5148010253906,22.50589942932129,66.59654235839844,297.5849609375,23.314186096191406,66.2466812133789,5.428380966186523,0.6721177101135254,0.34986114501953125,150.0,75.0,105.0,1.382556676864624,1.415318250656128,5.654327392578125
ev_000304,164.19236755371094,18.049209594726562,51.87771987915039,24.737165451049805,75.73018646240234,125.53308868408203,1.0104825496673584,0.16215555369853973,24.158554077148438,165.0,15.0,45.0,0.8076324462890625,3.0492095947265625,0.6459510922431946
ev_000305,302.2888488769531,31.34624671936035,-113.79360961914062,313.90325927734375,24.891971588134766,-106.78680419921875,2.703303337097168,4.659932613372803,6.173608303070068,150.0,75.0,-90.0,0.404962956905365,13.424044609069824,13.806485176086426
ev_000306,18.890613555908203,9.573362350463867,-77.23989868164062,321.89630126953125,9.576695442199707,-134.34478759765625,0.6867672204971313,0.0033330917358398438,6.03425931930542,315.0,15.0,-135.0,4.963346004486084,1.2104997634887695,2.0315182209014893
ev_000307,220.46774291992188,60.24599075317383,-139.9400634765625,31.739473342895508,32.6877555847168,-90.3293228149414,8.3369779586792,1.281592607498169,49.610740661621094,60.0,30.0,-60.0,14.15781021118164,4.095102787017822,23.244722366333008
ev_000308,274.5648498535156,68.84442138671875,17.880895614624023,278.6851806640625,70.2757568359375,13.32751750946045,4.120330810546875,1.43133544921875,1.9014010429382324,285.0,30.0,15.0,4.012176036834717,9.203852653503418,2.8808956146240234
ev_000309,171.30043029785156,33.44947052001953,-105.4374771118164,13.077534675598145,59.81476974487305,-75.49488067626953,3.464261054992676,0.2586239278316498,4.531753063201904,165.0,30.0,-120.0,6.3004302978515625,3.4494705200195312,6.128747463226318
ev_000310,10.646830558776855,54.80965042114258,-141.67034912109375,266.3583068847656,64.91778564453125,-55.46017837524414,10.2061767578125,5.3714423179626465,1.210904598236084,60.0,30.0,-120.0,17.53793716430664,4.794750690460205,21.67034912109375
ev_000311,17.813434600830078,16.444385528564453,-142.3236541748047,249.13526916503906,83.53477478027344,-97.25916290283203,2.153017044067383,3.4983086585998535,20.408241271972656,120.0,15.0,-45.0,2.718740940093994,0.5817566514015198,23.877660751342773
ev_000312,138.46604919433594,31.041053771972656,168.43202209472656,38.73054885864258,2.903500556945801,70.04850006103516,0.29244837164878845,3.2061166763305664,10.572587966918945,0.0,0.0,30.0,1.5867811441421509,5.935218334197998,29.47591209411621
ev_000313,181.25668334960938,19.71955680847168,-164.88107299804688,286.04815673828125,2.5518627166748047,-55.887882232666016,5.077498435974121,2.9363389015197754,15.024950981140137,0.0,0.0,15.0,73.74331665039062,5.04891300201416,19.08716583251953
ev_000314,357.2642822265625,56.829505920410156,-170.50376892089844,267.7535400390625,85.17508697509766,-52.9404182434082,5.718487739562988,3.1128969192504883,1.52289879322052,15.0,15.0,-165.0,8.454129219055176,4.09684419631958,5.5037689208984375
ev_000315,264.601318359375,40.02350997924805,1.7475115060806274,354.40625,87.7070083618164,-122.416015625,3.8002841472625732,1.169265866279602,6.019331932067871,0.0,90.0,-105.0,5.398681640625,1.1237257719039917,1.7475115060806274
ev_000316,119.3387222290039,10.638768196105957,-135.75975036621094,342.2832336425781,86.6769027709961,-89.04265594482422,3.311645269393921,4.077218055725098,6.707259654998779,105.0,15.0,-150.0,0.25769490003585815,0.0351569838821888,5.399709701538086
ev_000317,49.1475715637207,47.12052917480469,135.82879638671875,23.238922119140625,31.53338623046875,122.5940170288086,6.2508158683776855,4.560459136962891,13.234779357910156,165.0,60.0,75.0,7.6143388748168945,0.7044205069541931,21.682687759399414
ev_000318,342.1559143066406,65.6379623413086,101.04707336425781,338.25537109375,66.30450439453125,79.83525848388672,3.900543212890625,0.6665420532226562,10.858795166015625,165.0,30.0,90.0,2.844085693359375,3.3901455402374268,11.047073364257812
ev_000319,4.701680660247803,58.62716293334961,108.36470031738281,355.165771484375,57.193702697753906,91.79930114746094,9.535909652709961,1.4334602355957031,16.565399169921875,165.0,30.0,75.0,2.509557008743286,2.4937429428100586,9.865920066833496
ev_000320,13.641805648803711,16.965892791748047,118.91637420654297,17.508777618408203,20.45271873474121,123.29647827148438,1.1545912027359009,2.1834068298339844,3.179072618484497,15.0,15.0,120.0,0.49877557158470154,1.846071481704712,0.7607869505882263
ev_000321,175.41122436523438,4.708792686462402,157.60781860351562,29.21114730834961,1.8515353202819824,6.9012556076049805,4.578201770782471,1.569621205329895,6.193291664123535,105.0,90.0,-75.0,19.588775634765625,1.7920608520507812,22.392181396484375
ev_000322,79.69739532470703,57.10285949707031,140.8289337158203,89.74034881591797,59.9157600402832,130.1362762451172,10.042953491210938,1.94505774974823,2.1055190563201904,225.0,45.0,60.0,4.534125328063965,4.864103317260742,20.159324645996094
ev_000323,125.63892364501953,46.78457260131836,42.98776626586914,5.701406955718994,71.69338989257812,128.03619384765625,2.6109542846679688,5.181247234344482,0.13374361395835876,135.0,30.0,30.0,9.361076354980469,15.318652153015137,11.33739948272705
ev_000324,272.4353942871094,19.42194938659668,105.91790771484375,74.89875793457031,74.59313201904297,105.99783325195312,0.7111303806304932,2.6477560997009277,0.079925537109375,225.0,15.0,60.0,0.2575894892215729,4.42194938659668,8.2871675491333
ev_000325,91.51734924316406,23.746349334716797,126.67146301269531,33.09096145629883,15.183810234069824,81.34236145019531,10.333142280578613,3.8368704319000244,6.063539505004883,15.0,15.0,60.0,6.522429943084717,5.891035079956055,15.27882194519043
ev_000326,304.4245300292969,4.237796783447266,-64.53401947021484,13.771977424621582,10.918044090270996,1.5037810802459717,22.129125595092773,3.5406179428100586,66.03780364990234,0.0,0.0,-15.0,19.424530029296875,3.825409412384033,1.824859857559204
ev_000327,348.130615234375,14.629584312438965,-10.349742889404297,350.23236083984375,19.885665893554688,-12.601621627807617,2.10174560546875,1.6550832986831665,2.2518787384033203,345.0,15.0,-15.0,1.359099268913269,0.37041568756103516,0.10928980261087418
ev_000328,163.10824584960938,71.09061431884766,-177.98214721679688,75.6990737915039,85.03401947021484,-19.03498077392578,3.2450003623962402,0.05140922963619232,0.11469649523496628,75.0,90.0,-45.0,1.891754150390625,1.9089124202728271,2.017852783203125
ev_000329,147.03578186035156,71.38813018798828,-86.77201080322266,300.419921875,15.764690399169922,-114.09274291992188,1.6940624713897705,3.115257501602173,3.345862627029419,315.0,15.0,-105.0,2.0143725872039795,3.8799479007720947,0.739141583442688
ev_000330,52.75742721557617,15.781562805175781,-90.42671966552734,233.59124755859375,75.0443344116211,-97.20814514160156,0.39038631319999695,0.7847474813461304,6.781425476074219,75.0,15.0,-75.0,6.295048713684082,0.7815628051757812,3.5404112339019775
ev_000331,144.74234008789062,4.901935577392578,128.65887451171875,53.78789520263672,4.962329387664795,38.29173278808594,0.3802505433559418,0.0603938102722168,6.965216636657715,0.0,0.0,-15.0,0.9810113906860352,3.825993299484253,101.93328857421875
ev_000332,186.00247192382812,20.56063461303711,61.287540435791016,46.06452560424805,73.47037506103516,73.3572998046875,9.733025550842285,1.4100619554519653,12.069759368896484,45.0,75.0,75.0,8.668499946594238,0.5299465656280518,13.712459564208984
ev_000333,99.41468811035156,75.70513916015625,-42.58220291137695,232.52496337890625,49.18354415893555,-123.3100814819336,1.737121820449829,0.1560547947883606,14.967551231384277,210.0,30.0,-165.0,7.520998477935791,6.859388828277588,4.088327407836914
ev_000334,99.15763854980469,82.93988800048828,155.98495483398438,83.48076629638672,86.09051513671875,137.07672119140625,15.183172225952148,3.1506271362304688,2.389688730239868,195.0,15.0,15.0,2.7078604698181152,3.219146251678467,7.278569221496582
ev_000335,105.1244888305664,15.75065803527832,-50.130409240722656,242.2219696044922,78.0210952758789,-108.45112609863281,1.9506518840789795,0.04621537774801254,8.202727317810059,105.0,15.0,-45.0,0.12448883056640625,0.7506580352783203,0.4801844358444214
ev_000336,356.0589599609375,89.51216888427734,133.22586059570312,84.19864654541016,52.273380279541016,0.823289692401886,2.3641016483306885,0.16333268582820892,0.11101808398962021,0.0,90.0,105.0,3.4220428466796875,0.48783111572265625,0.7122716307640076
ev_000337,70.34425354003906,8.614315032958984,-138.75328063964844,297.72479248046875,86.21842956542969,-84.08003997802734,1.694724678993225,1.5932564735412598,0.5781925320625305,0.0,0.0,150.0,49.65574645996094,5.667305946350098,6.498152732849121
ev_000338,297.4432067871094,31.18927001953125,85.80084991455078,317.39910888671875,32.49455642700195,97.43812561035156,6.2516560554504395,1.0917845964431763,0.5145058631896973,315.0,30.0,105.0,4.540755748748779,1.18927001953125,4.299630641937256
ev_000339,82.56246185302734,3.166456937789917,48.68882369995117,62.35334777832031,1.4833059310913086,25.551654815673828,2.89211368560791,1.6831510066986084,0.753242552280426,0.0,0.0,-30.0,3.917050838470459,2.3779098987579346,78.68882751464844
ev_000340,291.7721862792969,19.895349502563477,145.8407440185547,46.914283752441406,80.96853637695312,126.57670593261719,7.398257732391357,1.9842725992202759,19.2640380859375,45.0,75.0,105.0,9.312541007995605,1.1952316761016846,27.335769653320312
ev_000341,334.4246520996094,64.96643829345703,139.63739013671875,77.596435546875,64.97696685791016,38.96072006225586,5.711195468902588,0.010528564453125,7.455766201019287,315.0,45.0,135.0,3.941495656967163,4.966438293457031,4.63739013671875
ev_000342,283.20343017578125,62.874053955078125,-76.61470031738281,293.97686767578125,68.68973541259766,-84.11551666259766,10.7734375,5.815681457519531,7.500816345214844,90.0,15.0,-105.0,2.300659656524658,12.648433685302734,9.317384719848633
ev_000343,274.7064514160156,52.09886932373047,-10.725028038024902,5.246572971343994,78.87651824951172,-116.85813903808594,6.096475124359131,2.679464101791382,12.793846130371094,240.0,15.0,-45.0,2.6639790534973145,2.1012728214263916,34.27497100830078
ev_000344,201.85604858398438,52.44662094116211,131.2541961669922,352.5579833984375,37.26374435424805,53.39042282104492,13.731820106506348,7.504435062408447,4.009859085083008,210.0,60.0,105.0,8.143951416015625,6.584643363952637,16.47332763671875
ev_000345,137.8149871826172,44.146697998046875,121.50025177001953,281.5755615234375,44.464332580566406,86.78572845458984,4.258434772491455,0.31763458251953125,23.678319931030273,135.0,45.0,105.0,2.8149871826171875,0.853302001953125,12.381772994995117
ev_000346,356.866455078125,73.50859832763672,13.44438362121582,2.3401949405670166,75.88502502441406,17.332624435424805,5.0035576820373535,0.30213528871536255,2.1720962524414062,0.0,60.0,15.0,0.6150473952293396,0.07095406204462051,1.5556163787841797
ev_000347,102.53701782226562,49.915550231933594,105.63719177246094,105.08531951904297,53.722190856933594,91.67330169677734,2.5483016967773438,3.806640625,13.963890075683594,105.0,60.0,90.0,2.462982177734375,10.084449768066406,15.637191772460938
ev_000348,243.22755432128906,48.286746978759766,55.07132339477539,119.70619201660156,55.902442932128906,109.042724609375,10.094532012939453,3.637906074523926,9.197043418884277,285.0,30.0,75.0,12.580464363098145,8.856369018554688,19.92867660522461
ev_000349,331.9201354980469,6.724939823150635,-174.71588134765625,63.03327941894531,87.76580810546875,98.89110565185547,69.64576721191406,1.6162704229354858,86.39301300048828,0.0,0.0,-150.0,28.079864501953125,0.6179215312004089,6.696620941162109
ev_000350,32.904144287109375,36.62130355834961,-84.85001373291016,125.50386047363281,47.87244415283203,-101.164794921875,71.004638671875,5.677969932556152,6.934006690979004,30.0,30.0,-90.0,2.904144287109375,6.449585914611816,3.816880941390991
ev_000351,195.1171417236328,64.53728485107422,-12.664938926696777,296.3894958496094,77.66729736328125,-137.2664337158203,0.10986005514860153,0.915451169013977,3.910999059677124,165.0,15.0,-45.0,8.371604919433594,0.8719608783721924,32.335060119628906
ev_000352,31.559228897094727,83.46440887451172,150.53103637695312,51.82681655883789,82.62005615234375,127.99280548095703,20.267587661743164,0.8443527221679688,4.38589334487915,105.0,75.0,60.0,20.239145278930664,8.464408874511719,1.2821781635284424
ev_000353,43.44904327392578,47.52760696411133,129.7728729248047,44.425071716308594,46.338687896728516,129.80361938476562,0.9760284423828125,0.77117919921875,0.0307464599609375,45.0,45.0,120.0,1.5509567260742188,2.527606964111328,8.38217830657959
ev_000354,295.4737243652344,38.33319854736328,164.40768432617188,24.938396453857422,84.50205993652344,90.9731216430664,12.88260555267334,4.098820686340332,27.286136627197266,225.0,15.0,105.0,8.325092315673828,4.880751609802246,33.32558822631836
ev_000355,216.25779724121094,33.539676666259766,-164.6034393310547,293.0142517089844,76.11222839355469,31.357362747192383,21.56486701965332,5.452524662017822,31.544355392456055,240.0,15.0,-150.0,7.522030830383301,0.9997748732566833,14.603439331054688
ev_000356,233.90457153320312,26.836091995239258,9.623823165893555,131.28150939941406,88.02613067626953,121.49998474121094,4.019287109375,2.354422092437744,4.989635944366455,0.0,0.0,135.0,0.3007964789867401,4.328291416168213,18.48965072631836
ev_000357,266.68975830078125,14.42503547668457,-73.75615692138672,257.0191955566406,10.193389892578125,-87.95276641845703,4.992843151092529,3.6506540775299072,3.7474076747894287,210.0,15.0,-120.0,9.078838348388672,0.5749645233154297,8.613102912902832
ev_000358,130.94058227539062,22.023910522460938,113.04804992675781,91.54225158691406,18.575551986694336,71.57972717285156,4.613776206970215,2.5936782360076904,9.42121696472168,120.0,15.0,105.0,1.7916266918182373,5.707966327667236,5.031924724578857
ev_000359,125.25840759277344,17.50522232055664,64.321044921875,342.1805419921875,71.44538116455078,78.86421966552734,10.166572570800781,2.8257596492767334,14.543174743652344,180.0,15.0,120.0,2.8814470767974854,2.5052223205566406,15.4132080078125
ev_000360,248.72293090820312,28.43637466430664,80.04495239257812,80.82823944091797,63.613037109375,92.19888305664062,0.8173781037330627,1.5832852125167847,3.149291753768921,75.0,60.0,90.0,5.010861396789551,1.5636253356933594,5.348175048828125
ev_000361,116.70298767089844,14.718257904052734,-50.961246490478516,257.34942626953125,81.09691619873047,-82.16844177246094,0.6234327554702759,2.478269338607788,17.226125717163086,15.0,15.0,-150.0,0.8734198212623596,0.2817420959472656,22.458881378173828
ev_000362,252.72373962402344,46.532501220703125,-142.6157684326172,243.9270477294922,47.507938385009766,-153.1741943359375,0.07302764803171158,0.9754371643066406,4.277409076690674,270.0,30.0,-135.0,4.112522602081299,5.44075870513916,7.6157684326171875
ev_000363,355.4383850097656,83.29976654052734,5.156255722045898,0.3746335208415985,86.20430755615234,11.166411399841309,4.790795803070068,1.3252525329589844,2.858492851257324,0.0,75.0,15.0,1.197696328163147,7.777278900146484,8.776881217956543
ev_000364,178.79220581054688,80.8049545288086,-22.486339569091797,295.56884765625,67.17564392089844,178.21934509277344,22.992326736450195,0.6424405574798584,11.717792510986328,285.0,30.0,-165.0,3.1434807777404785,1.759573221206665,5.062862396240234
ev_000365,63.399654388427734,9.900596618652344,-111.66267395019531,267.129150390625,84.32589721679688,-62.9404411315918,1.7702769041061401,3.5209434032440186,23.373119354248047,30.0,15.0,-150.0,5.49370002746582,1.759574055671692,9.377873420715332
ev_000366,345.28668212890625,53.115028381347656,29.478673934936523,60.9661979675293,24.60910415649414,75.92462921142578,19.838455200195312,0.6448299884796143,42.88235092163086,30.0,30.0,60.0,7.144837379455566,2.480095624923706,30.521326065063477
ev_000367,308.9228820800781,14.385713577270508,1.6479077339172363,300.8862609863281,9.425423622131348,-4.7969207763671875,8.03662109375,0.37530165910720825,6.444828510284424,300.0,15.0,-15.0,8.922882080078125,0.6142864227294922,16.647907257080078
ev_000368,53.32733154296875,1.0939888954162598,109.64491271972656,307.5940246582031,21.676319122314453,5.8702712059021,1.5428446531295776,1.1346776485443115,1.928202509880066,315.0,15.0,15.0,3.1899302005767822,2.8106603622436523,5.13409423828125
ev_000369,164.27125549316406,42.441246032714844,-81.42960357666016,329.56951904296875,51.93058395385742,-102.17850494384766,3.1595687866210938,2.7544713020324707,4.418331146240234,165.0,45.0,-90.0,0.7287445068359375,2.5587539672851562,7.760173797607422
ev_000370,322.47332763671875,55.002967834472656,-57.046112060546875,326.8813781738281,59.216487884521484,-82.53227996826172,4.408050537109375,4.213520050048828,25.486167907714844,135.0,30.0,-105.0,9.718795776367188,6.117938041687012,22.845298767089844
ev_000371,121.857421875,38.74275588989258,-56.92765808105469,258.4583740234375,65.31793975830078,-104.4504623413086,3.5400002002716064,6.947826862335205,4.570697784423828,105.0,30.0,-60.0,10.688441276550293,5.970980644226074,3.0723419189453125
ev_000372,348.5887145996094,5.416131973266602,164.88441467285156,277.48529052734375,88.241455078125,-173.68165588378906,71.10342407226562,0.34815582633018494,21.433929443359375,0.0,0.0,180.0,3.6398837566375732,1.4103890657424927,15.115585327148438
ev_000373,286.6989440917969,5.812829494476318,142.65380859375,57.03776931762695,89.8411636352539,65.32310485839844,3.1349825859069824,3.363569974899292,20.049949645996094,315.0,15.0,165.0,5.6080322265625,0.3185594081878662,9.883872985839844
ev_000374,161.2544403076172,11.32785415649414,45.501197814941406,27.863866806030273,81.73846435546875,96.25562286376953,1.5470609664916992,0.20781253278255463,1.7368510961532593,0.0,0.0,-120.0,3.683194160461426,8.053723335266113,135.50119018554688
ev_000375,200.81927490234375,42.16322326660156,-16.571422576904297,300.9345703125,77.45978546142578,-130.979736328125,2.3232390880584717,0.36609309911727905,0.022979067638516426,195.0,15.0,-15.0,3.74699068069458,7.1962175369262695,1.5714225769042969
ev_000376,235.32974243164062,63.2015495300293,-11.29137897491455,336.86163330078125,81.94560241699219,-111.43030548095703,6.388054847717285,2.010843276977539,9.880230903625488,210.0,15.0,-30.0,1.3261523246765137,2.6297686100006104,18.708621978759766
ev_000377,44.14128494262695,64.47526550292969,19.292957305908203,41.66899108886719,64.55455780029297,12.246420860290527,0.7776244878768921,0.07929229736328125,0.8747951984405518,75.0,15.0,15.0,24.925716400146484,13.505633354187012,4.292957305908203
ev_000378,79.23383331298828,22.565982818603516,-47.70303726196289,349.2388000488281,23.047922134399414,-129.4319610595703,3.6337270736694336,0.48193931579589844,23.8076171875,210.0,75.0,-75.0,4.659030437469482,1.4754016399383545,27.29696273803711
ev_000379,249.15457153320312,12.628418922424316,61.831024169921875,101.92190551757812,83.27947998046875,95.23260498046875,4.010496616363525,4.118436813354492,0.8049400448799133,225.0,15.0,45.0,6.918436050415039,0.5670247077941895,4.691038131713867
ev_000380,337.4512939453125,0.3125496208667755,-26.8012752532959,10.599852561950684,6.293242454528809,7.055262565612793,33.1485595703125,0.6305204033851624,33.856536865234375,0.0,0.0,0.0,22.5487060546875,0.140927255153656,0.2789747714996338
ev_000381,237.33660888671875,20.445884704589844,-34.63972854614258,1.64472234249115,78.64573669433594,-94.01746368408203,1.3909460306167603,0.09849841147661209,13.034643173217773,0.0,75.0,-90.0,0.25377628207206726,3.547238349914551,17.052106857299805
ev_000382,213.65689086914062,75.87712097167969,78.1408462524414,23.86187744140625,11.98516845703125,86.80855560302734,6.532601833343506,2.15657377243042,8.667709350585938,30.0,15.0,90.0,3.656890869140625,0.8771209716796875,11.859153747558594
ev_000383,226.47210693359375,48.9051628112793,174.2039794921875,322.9615478515625,86.70233917236328,66.6156005859375,1.0880014896392822,1.0671257972717285,2.4640467166900635,210.0,15.0,165.0,5.778446197509766,0.5238209366798401,9.2039794921875
ev_000384,183.5199737548828,64.74097442626953,-59.75442123413086,306.97833251953125,37.053985595703125,-136.57029724121094,2.7391860485076904,0.7873503565788269,0.30168458819389343,195.0,75.0,-75.0,11.480026245117188,10.259025573730469,2.864954710006714
ev_000385,132.76939392089844,61.0158805847168,62.22504806518555,312.1853332519531,35.98810577392578,99.36019134521484,12.098609924316406,3.300236225128174,21.03874969482422,120.0,60.0,90.0,12.769393920898438,1.0158805847167969,27.774951934814453
ev_000386,318.08758544921875,45.26797866821289,1.657163381576538,302.8392333984375,42.03309631347656,-1.7483506202697754,15.24835205078125,0.006652921438217163,3.4055140018463135,0.0,0.0,30.0,13.078876495361328,1.177177906036377,28.342836380004883
ev_000387,96.65068817138672,76.02448272705078,-100.4850845336914,232.55709838867188,16.759777069091797,-134.08009338378906,1.2298405170440674,0.6487918496131897,22.317441940307617,255.0,15.0,-120.0,9.216789245605469,1.022977590560913,18.115825653076172
ev_000388,42.45283126831055,11.268881797790527,55.287025451660156,97.3683853149414,3.5129482746124268,107.3155746459961,2.332473039627075,5.890077590942383,7.520369052886963,120.0,15.0,135.0,3.682666778564453,1.301658272743225,17.20218276977539
ev_000389,324.7809143066406,48.900054931640625,126.75498962402344,301.3225402832031,54.396728515625,110.6762924194336,7.76531457901001,1.5361621379852295,8.199109077453613,330.0,60.0,105.0,5.219085693359375,7.13943338394165,10.30220890045166
ev_000390,262.6286315917969,15.321352005004883,-144.51095581054688,302.6839599609375,5.9534502029418945,-106.18157958984375,0.8349217176437378,3.107189178466797,10.91062068939209,270.0,15.0,-135.0,2.1207666397094727,0.3213520050048828,1.8466873168945312
ev_000391,174.94459533691406,76.58966827392578,-136.6517333984375,54.200469970703125,14.41296672821045,-37.46664047241211,5.841681480407715,4.70161247253418,19.3139591217041,45.0,15.0,-45.0,4.062431812286377,2.8650410175323486,26.847318649291992
ev_000392,286.4413757324219,1.8992915153503418,-159.36843872070312,47.23416519165039,6.628028392791748,-34.93815994262695,3.8280458450317383,3.121000289916992,7.2189741134643555,0.0,0.0,-90.0,73.55862426757812,0.6691217422485352,1.7775623798370361
ev_000393,228.4043426513672,14.156763076782227,-19.385841369628906,327.01519775390625,85.59979248046875,-66.88550567626953,10.228343963623047,0.25627684593200684,36.498329162597656,75.0,15.0,-165.0,6.754360675811768,0.8155186176300049,27.894655227661133
ev_000394,4.554200649261475,66.45440673828125,-40.31258773803711,325.48516845703125,49.24931716918945,-39.95589065551758,29.118806838989258,4.37385892868042,0.35669708251953125,90.0,60.0,-120.0,23.277441024780273,6.376823902130127,8.794017791748047
ev_000395,252.649658203125,45.253929138183594,23.49473762512207,356.9923400878906,86.33687591552734,-96.50019073486328,14.93836784362793,12.78488540649414,52.98387145996094,270.0,15.0,30.0,5.217878341674805,9.012537002563477,6.50526237487793
ev_000396,351.56488037109375,31.786155700683594,-165.16456604003906,66.24270629882812,89.31512451171875,97.08365631103516,74.67782592773438,7.066290378570557,64.61361694335938,0.0,0.0,-150.0,8.43511962890625,7.751165866851807,15.164566040039062
ev_000397,276.1127014160156,27.318662643432617,30.596799850463867,338.3392028808594,16.52264976501465,83.98042297363281,6.219473838806152,2.9200279712677,22.189645767211914,15.0,15.0,120.0,5.735973358154297,0.5563884973526001,6.028543472290039
ev_000398,272.5425720214844,45.98746109008789,-112.0781021118164,322.5406188964844,44.748931884765625,-91.51860809326172,21.860733032226562,0.7164480686187744,19.7539119720459,135.0,45.0,-90.0,12.182317733764648,0.9874610900878906,21.258747100830078
ev_000399,274.23876953125,82.70702362060547,61.851661682128906,96.58615112304688,10.915637969970703,89.9910888671875,2.356456995010376,3.6226613521575928,28.139427185058594,165.0,15.0,165.0,4.7279510498046875,3.4520106315612793,0.17795498669147491
ev_000400,119.70941925048828,76.95561981201172,129.91903686523438,121.89852905273438,79.36670684814453,124.90050506591797,1.9079673290252686,2.4110870361328125,1.6851235628128052,255.0,15.0,45.0,1.2835536003112793,2.499089479446411,25.148136138916016
ev_000401,311.5469665527344,52.346031188964844,-1.295654296875,318.83270263671875,41.01043701171875,10.769172668457031,7.285736083984375,6.017124652862549,12.064826965332031,30.0,90.0,-105.0,11.546966552734375,1.025755763053894,1.295654296875
ev_000402,239.97149658203125,7.9513325691223145,-173.26658630371094,42.829349517822266,4.87571382522583,-23.255239486694336,12.70710563659668,0.9937620759010315,12.378453254699707,135.0,90.0,-75.0,8.30223274230957,0.9293441772460938,6.7334136962890625
ev_000403,74.74943542480469,75.01673126220703,99.58849334716797,80.0355453491211,79.05818939208984,80.3020248413086,5.286109924316406,3.1476168632507324,19.286468505859375,285.0,15.0,120.0,0.6169131994247437,2.030729055404663,17.219234466552734
ev_000404,261.4698181152344,41.41167068481445,17.392820358276367,357.6734313964844,85.22651672363281,-100.44148254394531,18.098907470703125,6.630518913269043,42.13175582885742,270.0,30.0,15.0,8.530181884765625,3.9685301780700684,2.392820358276367
ev_000405,295.71710205078125,42.466915130615234,-4.801407337188721,293.709228515625,29.831655502319336,-9.787322044372559,2.00787353515625,1.6112130880355835,4.985914707183838,285.0,15.0,-15.0,0.24809402227401733,0.6012934446334839,10.198593139648438
ev_000406,96.05905151367188,29.548023223876953,-132.71908569335938,324.0889587402344,76.3502426147461,-87.12259674072266,1.3227938413619995,7.592607021331787,18.158029556274414,180.0,15.0,-60.0,6.366357326507568,8.289824485778809,8.964567184448242
ev_000407,193.53082275390625,14.737049102783203,-118.91361236572266,41.04116439819336,73.44174194335938,-76.9052963256836,2.2215471267700195,3.692096710205078,5.846989154815674,180.0,15.0,-135.0,2.7302610874176025,0.2629508972167969,3.4808685779571533
ev_000408,344.652587890625,81.36445617675781,10.817850112915039,340.3580017089844,83.58995819091797,6.898876667022705,3.425079584121704,1.7800040245056152,2.33296799659729,345.0,75.0,30.0,0.347412109375,4.306240081787109,8.40275764465332
ev_000409,252.9447021484375,22.45745277404785,-118.08418273925781,246.8320770263672,21.133399963378906,-123.1956787109375,1.066217064857483,1.3240528106689453,0.9376365542411804,270.0,15.0,-105.0,2.558014392852783,5.217889785766602,7.044401168823242
ev_000410,353.3546447753906,65.08678436279297,-68.70865631103516,354.5965576171875,68.87906646728516,-59.555381774902344,1.241912841796875,3.7922821044921875,9.153274536132812,0.0,75.0,-75.0,3.4254610538482666,9.913215637207031,5.989360332489014
ev_000411,72.671142578125,13.744197845458984,166.1711883544922,357.8571472167969,88.13751220703125,-89.65067291259766,8.886316299438477,1.3930102586746216,93.20958709716797,0.0,0.0,90.0,3.881436586380005,3.255497932434082,13.360297203063965
ev_000412,272.0363464355469,19.720661163330078,-142.2876739501953,252.59869384765625,25.578977584838867,-147.37217712402344,13.39241886138916,1.5496636629104614,5.084503173828125,285.0,15.0,-135.0,5.006775379180908,1.3666378259658813,5.10336446762085
ev_000413,288.02197265625,37.01921844482422,165.0890350341797,32.083229064941406,81.07241821289062,60.41810989379883,1.2285517454147339,0.01504264771938324,2.740549087524414,285.0,15.0,165.0,0.5141042470932007,5.071573257446289,0.0890350341796875
ev_000414,47.114585876464844,77.07003021240234,139.2598876953125,46.42072296142578,83.81949615478516,131.0148162841797,0.6938629150390625,6.7494659423828125,7.487030982971191,165.0,15.0,30.0,1.2620121240615845,5.494497776031494,13.14285659790039
ev_000415,259.6388854980469,38.41865158081055,-144.399658203125,292.271240234375,20.503204345703125,-125.6597671508789,9.3751802444458,4.672879219055176,18.739891052246094,315.0,15.0,-105.0,10.15465259552002,6.729329586029053,28.85019302368164
ev_000416,136.93649291992188,88.22454071044922,-77.94910430908203,323.10797119140625,3.267860174179077,-89.15185546875,5.3219523429870605,1.4920424222946167,11.202751159667969,135.0,90.0,-75.0,1.936492919921875,1.7754592895507812,2.9491043090820312
ev_000417,320.8002624511719,61.16201400756836,33.72454071044922,315.22064208984375,69.0885238647461,58.4200325012207,5.579620361328125,7.926509857177734,2.6095571517944336,180.0,30.0,135.0,9.906867980957031,8.133174896240234,11.494383811950684
ev_000418,72.87812805175781,62.68124008178711,-165.85736083984375,331.19873046875,75.17938232421875,-33.87956619262695,1.933717131614685,2.2827324867248535,3.5349490642547607,90.0,30.0,-150.0,2.846735954284668,1.9396270513534546,15.85736083984375
ev_000419,198.83290100097656,65.69518280029297,-63.23111343383789,23.26397705078125,18.900415420532227,-88.55758666992188,2.9064977169036865,5.410617828369141,25.326473236083984,15.0,15.0,-90.0,3.8329010009765625,9.304817199707031,26.76888656616211
ev_000420,50.39694595336914,18.56740951538086,99.61849212646484,60.81267547607422,21.019407272338867,113.46831512451172,4.391617298126221,0.911870539188385,5.487858295440674,60.0,15.0,105.0,4.234917640686035,3.5674095153808594,0.7547643780708313
ev_000421,228.4631805419922,20.906415939331055,138.4929656982422,359.02197265625,76.25270080566406,70.17821502685547,0.9788166284561157,0.06819082051515579,3.8578975200653076,225.0,15.0,135.0,0.9638711810112,3.133817672729492,3.4929656982421875
ev_000422,118.4117431640625,57.909278869628906,-52.137699127197266,240.23590087890625,46.599185943603516,-144.13812255859375,2.523076295852661,1.4216272830963135,2.7337136268615723,270.0,30.0,-135.0,20.694862365722656,11.385910034179688,0.6144412755966187
ev_000423,34.76954650878906,30.870298385620117,83.1844253540039,70.47224426269531,35.491981506347656,109.06027221679688,4.781548023223877,2.653322219848633,6.293045997619629,45.0,30.0,90.0,2.303262233734131,0.6285641193389893,4.057840347290039
ev_000424,159.0502471923828,60.532840728759766,163.8932342529297,279.61602783203125,45.55495834350586,15.2896728515625,19.72907829284668,3.126112461090088,15.170175552368164,105.0,15.0,135.0,18.12797737121582,3.432123899459839,28.893234252929688
ev_000425,62.81918716430664,82.9487533569336,-46.56376266479492,266.5052795410156,14.318079948425293,-69.1626205444336,2.240560293197632,6.312333583831787,22.598857879638672,195.0,15.0,-135.0,1.82621431350708,3.494044065475464,32.7076530456543
ev_000426,280.97796630859375,43.4293212890625,-66.3150634765625,256.2314453125,35.327613830566406,-78.42840576171875,7.7019476890563965,4.510807991027832,12.11334228515625,255.0,30.0,-75.0,12.037124633789062,10.138082504272461,8.6849365234375
ev_000427,302.09405517578125,72.24336242675781,122.6683349609375,90.33735656738281,20.596649169921875,55.081398010253906,4.957457065582275,0.9912559390068054,20.528026580810547,135.0,15.0,90.0,12.90594482421875,2.7566375732421875,32.6683349609375
ev_000428,51.50385284423828,39.78497314453125,54.8427734375,52.37948226928711,38.45975112915039,60.5798454284668,0.8756294250488281,1.257986307144165,4.303873062133789,270.0,60.0,105.0,4.009891510009766,1.545327067375183,10.617769241333008
ev_000429,142.75079345703125,54.21988296508789,45.148990631103516,8.427743911743164,44.45151901245117,126.7034683227539,0.5646346807479858,0.9525737166404724,7.676583290100098,0.0,30.0,150.0,22.30698013305664,20.632064819335938,15.619948387145996
ev_000430,45.07611083984375,72.55138397216797,-37.92184066772461,46.95016098022461,77.71613311767578,-51.750789642333984,1.8740501403808594,5.1647491455078125,2.3470537662506104,45.0,75.0,-75.0,0.07611083984375,2.4486160278320312,24.268423080444336
ev_000431,65.04618835449219,3.5362606048583984,56.64869689941406,22.871261596679688,19.775190353393555,18.883132934570312,3.418527603149414,3.33298921585083,16.84158706665039,30.0,15.0,15.0,7.0415239334106445,0.8876400589942932,12.564961433410645
ev_000432,214.91494750976562,50.66191864013672,-17.990114212036133,292.32012939453125,87.2237548828125,-111.2157974243164,19.707002639770508,11.043771743774414,10.35787582397461,180.0,15.0,-30.0,17.399051666259766,6.384544372558594,12.009885787963867
ev_000433,59.11478042602539,30.73185157775879,-36.635162353515625,58.87153625488281,29.478914260864258,-36.73215866088867,0.17973116040229797,0.637810230255127,0.09699630737304688,180.0,75.0,-105.0,1.7011123895645142,2.7542567253112793,9.357810020446777
ev_000434,172.9121856689453,73.21629333496094,122.0482406616211,300.68341064453125,31.126819610595703,46.327667236328125,4.109628200531006,4.630906105041504,9.412238121032715,330.0,15.0,60.0,7.955292224884033,3.831166982650757,24.417499542236328
ev_000435,273.4656066894531,9.529047012329102,175.26983642578125,2.165245294570923,79.57369995117188,76.13432312011719,5.96554708480835,7.757641315460205,4.368492603302002,270.0,15.0,165.0,3.465606689453125,3.0587635040283203,5.013634204864502
ev_000436,189.1987762451172,50.346153259277344,-13.017033576965332,280.07537841796875,82.99237060546875,-97.32232666015625,7.515588283538818,2.9788599014282227,30.94610023498535,150.0,15.0,-45.0,3.58393931388855,0.5588014125823975,31.982967376708984
ev_000437,264.6260070800781,51.29518127441406,-53.99651336669922,269.26348876953125,54.33926010131836,-55.22112274169922,3.93603253364563,2.7152466773986816,1.224609375,45.0,45.0,-120.0,0.39448660612106323,0.943574845790863,6.264179229736328
ev_000438,308.40521240234375,21.01079559326172,-0.8629751801490784,318.2734375,0.11280514299869537,15.66996955871582,9.86822509765625,0.2789360582828522,16.53294563293457,0.0,0.0,60.0,39.210819244384766,0.30940425395965576,21.008621215820312
ev_000439,263.4339294433594,42.65830612182617,155.0194091796875,10.017217636108398,74.16587829589844,60.01480484008789,2.3293557167053223,0.7945871949195862,4.59360933303833,225.0,15.0,135.0,13.339546203613281,6.083418369293213,20.0194091796875
ev_000440,96.98049926757812,65.1095962524414,-59.07940673828125,270.05377197265625,23.712135314941406,-101.30216217041016,5.387059688568115,1.6653939485549927,26.000694274902344,105.0,75.0,-90.0,8.019500732421875,9.890403747558594,30.92059326171875
ev_000441,272.0262451171875,45.3965950012207,-103.88639831542969,280.7320251464844,44.21639633178711,-104.86080169677734,8.705780029296875,1.1801986694335938,0.33528685569763184,285.0,45.0,-105.0,12.9737548828125,0.3965950012207031,0.8341003060340881
ev_000442,304.8160400390625,39.52418518066406,-161.27647399902344,297.9275207519531,40.385189056396484,-164.7752685546875,3.9486589431762695,0.8610038757324219,1.3745572566986084,330.0,15.0,-150.0,10.68814754486084,4.352283000946045,11.276473999023438
ev_000443,30.552579879760742,85.75519561767578,-139.5340118408203,281.6163330078125,46.98677444458008,-16.80980682373047,7.29142951965332,2.6811769008636475,3.796771287918091,270.0,15.0,-45.0,13.454447746276855,6.300486087799072,38.80542755126953
ev_000444,159.86976623535156,17.073514938354492,-120.09996032714844,10.582437515258789,71.0167236328125,-84.78284454345703,0.520107090473175,2.588113307952881,3.539348840713501,180.0,15.0,-105.0,4.40154504776001,0.23725533485412598,4.789373397827148
ev_000445,36.45125198364258,66.95946502685547,3.0164437294006348,34.88195037841797,70.07980346679688,10.348588943481445,1.5693016052246094,3.1203384399414062,2.8460586071014404,270.0,15.0,-165.0,35.269744873046875,1.0653457641601562,38.06916046142578
ev_000446,56.51876449584961,11.874065399169922,17.040584564208984,46.89387130737305,35.6363410949707,0.2837229073047638,6.84096622467041,3.2916178703308105,16.756860733032227,45.0,15.0,0.0,5.1776862144470215,3.125934600830078,17.040584564208984
ev_000447,278.7818603515625,20.15079116821289,-47.5035514831543,270.07598876953125,21.432044982910156,-58.34309768676758,2.077432632446289,1.2812538146972656,2.281505823135376,255.0,15.0,-75.0,5.016897678375244,0.236861914396286,9.955459594726562
ev_000448,279.02972412109375,46.627342224121094,92.2342300415039,105.57524108886719,39.5454216003418,93.83856964111328,1.5726661682128906,3.8733198642730713,0.800845205783844,105.0,45.0,90.0,5.97027587890625,1.5812585353851318,2.2342300415039062
ev_000449,129.92977905273438,1.4366947412490845,5.542773246765137,33.666648864746094,88.76014709472656,76.1471176147461,0.7220885157585144,1.101098656654358,15.282862663269043,0.0,0.0,-120.0,4.388737201690674,0.1387542486190796,95.54277038574219
ev_000450,118.4255142211914,49.39968490600586,141.77804565429688,63.26622009277344,26.86117172241211,115.80814361572266,20.756521224975586,4.017445087432861,25.96990203857422,45.0,15.0,90.0,10.561379432678223,13.01911735534668,42.50800323486328
ev_000451,141.17153930664062,35.150390625,26.550613403320312,31.190170288085938,81.50003814697266,102.87992095947266,2.241804838180542,6.412447452545166,7.289496421813965,150.0,15.0,30.0,1.9042081832885742,7.476937294006348,3.4493865966796875
ev_000452,328.1948547363281,54.2802619934082,-2.1380040645599365,334.8177795410156,2.051607847213745,-14.498113632202148,6.6229248046875,1.22215735912323,12.360109329223633,330.0,15.0,-15.0,1.805145263671875,2.105295181274414,12.861995697021484
ev_000453,185.22183227539062,9.687559127807617,-128.67730712890625,42.1218376159668,81.29239654541016,-68.69229125976562,2.179398775100708,1.1589030027389526,15.218301773071289,165.0,15.0,-150.0,1.551337480545044,0.11322828382253647,6.974905967712402
ev_000454,199.5857391357422,34.22088623046875,88.87836456298828,31.463735580444336,55.14342498779297,104.78459167480469,10.521602630615234,0.6431551575660706,14.021824836730957,30.0,60.0,90.0,9.057867050170898,4.2134199142456055,0.7627667188644409
ev_000455,225.00978088378906,36.20627975463867,-105.67220306396484,74.83662414550781,47.910648345947266,-96.91834259033203,10.653879165649414,6.34290885925293,3.589975357055664,225.0,30.0,-105.0,0.0097808837890625,5.78288459777832,0.6722030639648438
ev_000456,320.7279357910156,51.3797492980957,-125.56856536865234,305.2716369628906,54.96213912963867,-122.8288803100586,15.456298828125,3.5823898315429688,1.650305151939392,300.0,60.0,-105.0,20.727935791015625,8.620250701904297,11.913226127624512
ev_000457,18.472976684570312,52.36457824707031,-105.08161163330078,21.81479835510254,49.253662109375,-97.44880676269531,3.3418216705322266,1.1790127754211426,7.632804870605469,225.0,45.0,-75.0,2.7148985862731934,4.874602317810059,0.5707929134368896
ev_000458,93.77748107910156,62.969688415527344,54.88901901245117,42.45198059082031,52.81928634643555,108.2175521850586,51.32550048828125,2.406728744506836,12.711607933044434,105.0,60.0,75.0,11.222518920898438,2.9696884155273438,20.110980987548828
ev_000459,237.88372802734375,22.105670928955078,148.63160705566406,357.1734619140625,80.59400177001953,64.17960357666016,0.16939431428909302,1.890547275543213,6.693536758422852,255.0,15.0,165.0,2.1679625511169434,7.105670928955078,4.61604118347168
ev_000460,128.72787475585938,51.77683639526367,-9.177484512329102,222.89407348632812,83.17857360839844,-94.04479217529297,1.5422528982162476,0.3765961825847626,47.372703552246094,105.0,15.0,-30.0,0.2889001667499542,0.23744963109493256,20.8225154876709
ev_000461,16.661827087402344,59.3485107421875,45.009559631347656,359.7297668457031,64.88733673095703,50.76210403442383,16.93206024169922,5.538825988769531,3.432521104812622,15.0,60.0,75.0,1.6618270874023438,0.6514892578125,25.883487701416016
ev_000462,348.9239196777344,89.29705810546875,-156.38548278808594,2.3297715187072754,88.52482604980469,-162.79470825195312,13.256429672241211,0.7722320556640625,0.7770684361457825,0.0,90.0,-120.0,11.076080322265625,0.70294189453125,0.7671776413917542
ev_000463,344.9841003417969,52.89898681640625,133.3936309814453,348.1951599121094,49.00940704345703,110.31886291503906,3.2110595703125,3.8895797729492188,20.469284057617188,135.0,45.0,75.0,9.23052978515625,5.978504180908203,27.250511169433594
ev_000464,221.16827392578125,41.427528381347656,-125.47124481201172,177.95631408691406,50.30046463012695,-104.21298217773438,43.21195983886719,0.34004902839660645,10.641465187072754,210.0,45.0,-105.0,11.16827392578125,3.5724716186523438,12.6058931350708
ev_000465,23.295387268066406,78.84662628173828,-151.62741088867188,23.6008243560791,74.98161315917969,-129.06871032714844,0.3054370880126953,3.8650131225585938,10.429039001464844,15.0,75.0,-105.0,8.295387268066406,3.8466262817382812,33.362945556640625
ev_000466,13.343564987182617,15.563637733459473,9.267233848571777,6.212222576141357,34.12598419189453,4.2267303466796875,1.699238657951355,0.10663899779319763,5.04050350189209,15.0,15.0,15.0,1.6564350128173828,0.5636377334594727,0.8593470454216003
ev_000467,131.4846954345703,27.12185287475586,17.266647338867188,31.469179153442383,88.10651397705078,100.41393280029297,0.17641465365886688,5.883359432220459,6.9021477699279785,150.0,15.0,30.0,4.831878185272217,0.3413729965686798,12.733352661132812
ev_000468,226.7754669189453,59.80347442626953,-22.27538299560547,323.06591796875,78.74182891845703,-132.46029663085938,5.3512773513793945,7.866354942321777,5.846173286437988,210.0,15.0,-15.0,13.906376838684082,15.283560752868652,7.275382995605469
ev_000469,4.502554893493652,28.872447967529297,-167.1007843017578,262.638427734375,85.94560241699219,-102.62220001220703,0.5239671468734741,2.1336755752563477,40.879669189453125,150.0,15.0,-30.0,5.9850311279296875,1.247399091720581,31.74253273010254
ev_000470,123.16458892822266,7.635061264038086,33.20537567138672,356.2811279296875,88.61106872558594,88.65690612792969,3.911461591720581,2.783670425415039,7.7427849769592285,0.0,0.0,-90.0,0.19258946180343628,4.172601699829102,123.20537567138672
ev_000471,306.42767333984375,84.1939697265625,-156.47384643554688,308.6118469238281,81.93132781982422,-122.69942474365234,2.184173583984375,2.2626419067382812,8.375285148620605,195.0,15.0,-30.0,7.719752788543701,1.6294419765472412,23.671703338623047
ev_000472,244.8457794189453,69.99906921386719,58.37007522583008,88.74076843261719,26.105422973632812,123.43995666503906,12.435803413391113,1.5411347150802612,16.518877029418945,75.0,15.0,120.0,20.7132568359375,7.048391342163086,23.999183654785156
ev_000473,19.105566024780273,46.27712631225586,-172.0921630859375,267.1352233886719,88.73869323730469,-76.84486389160156,16.48651123046875,4.444919586181641,2.382086992263794,15.0,15.0,180.0,4.105566024780273,5.706226348876953,7.9078369140625
ev_000474,38.21588897705078,12.119174003601074,-128.1412811279297,251.61410522460938,82.97808074951172,-61.18712615966797,5.371973514556885,2.4823036193847656,21.25846290588379,0.0,15.0,-165.0,1.4968973398208618,2.880825996398926,6.956407070159912
ev_000475,358.86376953125,23.691030502319336,110.08509063720703,344.5868835449219,26.811561584472656,96.8595962524414,0.18638932704925537,3.1205310821533203,5.114825248718262,15.0,15.0,135.0,8.08971118927002,8.691030502319336,2.1594560146331787
ev_000476,256.3072509765625,76.38851165771484,108.43826293945312,10.680709838867188,16.842044830322266,36.513916015625,10.84384822845459,3.6842687129974365,0.9228076338768005,60.0,15.0,75.0,0.8031611442565918,0.86602383852005,14.471132278442383
ev_000477,250.2194366455078,80.363037109375,-131.46759033203125,246.843994140625,80.77503967285156,-110.50045776367188,3.3754425048828125,0.4120025634765625,10.497491836547852,135.0,15.0,-30.0,3.9279897212982178,2.201490640640259,15.61803150177002
ev_000478,144.6274871826172,11.492907524108887,-41.45948791503906,275.4326171875,87.28469848632812,-87.29205322265625,0.07929562032222748,4.8652119636535645,11.371773719787598,165.0,15.0,-30.0,8.635513305664062,0.14504119753837585,4.400486469268799
ev_000479,229.21502685546875,42.67911148071289,110.7272720336914,50.17323684692383,49.596923828125,82.1074447631836,13.030774116516113,1.0560636520385742,10.181497573852539,45.0,45.0,90.0,4.21502685546875,2.3208885192871094,18.074052810668945
ev_000480,353.078857421875,41.06711196899414,-147.8834991455078,243.75186157226562,72.7734603881836,-66.7344741821289,5.998795509338379,3.215435743331909,6.014516353607178,30.0,15.0,-120.0,3.1144115924835205,7.48943567276001,27.883499145507812
ev_000481,125.18609619140625,23.252674102783203,-104.4185562133789,321.7601623535156,73.19760131835938,-106.27933502197266,0.9407702684402466,0.02218114770948887,1.86077880859375,180.0,15.0,-60.0,8.313130378723145,8.252674102783203,6.787816047668457
ev_000482,85.05442810058594,39.24298858642578,133.28463745117188,48.18558883666992,25.31622886657715,119.36619567871094,18.200191497802734,5.540029525756836,13.918441772460938,45.0,15.0,105.0,4.988612651824951,12.942706108093262,25.283342361450195
ev_000483,126.14031982421875,41.54667282104492,-77.65499114990234,297.28338623046875,57.08879470825195,-93.18643188476562,3.006754159927368,7.471851348876953,7.436229705810547,120.0,30.0,-90.0,6.14031982421875,10.383056640625,10.728271484375
ev_000484,139.57371520996094,48.429927825927734,104.13819885253906,312.4972229003906,49.02312469482422,73.20349884033203,13.711283683776855,0.2258099615573883,1.3985168933868408,150.0,45.0,90.0,10.426284790039062,1.5090439319610596,14.138198852539062
ev_000485,303.6699523925781,11.817512512207031,-120.36030578613281,32.040428161621094,15.431049346923828,-39.218379974365234,5.664007663726807,0.49296364188194275,18.107677459716797,15.0,15.0,-45.0,5.561331272125244,0.36707988381385803,16.765308380126953
ev_000486,264.382080078125,37.56438446044922,115.3455810546875,55.38457489013672,57.62809753417969,82.94145965576172,1.863577127456665,1.0615988969802856,11.165068626403809,45.0,60.0,90.0,8.520998001098633,3.4335014820098877,18.223609924316406
ev_000487,118.92625427246094,21.9927978515625,93.55850982666016,60.553688049316406,47.47420120239258,93.0435562133789,58.37256622314453,20.57761001586914,0.51495361328125,120.0,15.0,90.0,1.0737457275390625,6.948188304901123,1.4359863996505737
ev_000488,255.69305419921875,10.24965763092041,112.98198699951172,52.964847564697266,80.0112075805664,77.17013549804688,0.5869435667991638,0.5604287385940552,8.791428565979004,285.0,15.0,135.0,6.629123210906982,1.116926908493042,6.690147399902344
ev_000489,118.34085083007812,86.4228744506836,80.67129516601562,113.34706115722656,89.18544006347656,109.8336410522461,4.9937896728515625,2.7625656127929688,29.16234588623047,225.0,15.0,15.0,2.1483304500579834,0.2638401687145233,23.839523315429688
ev_000490,24.730255126953125,48.040550231933594,-141.87440490722656,265.7956237792969,65.3968276977539,-50.102046966552734,1.2470462322235107,2.270312786102295,1.2853147983551025,45.0,30.0,-135.0,7.063935279846191,6.624267101287842,6.8744049072265625
ev_000491,176.77297973632812,55.709510803222656,166.4759979248047,116.61012268066406,18.28704833984375,123.49208068847656,12.751791000366211,4.029689788818359,42.983917236328125,150.0,15.0,150.0,5.34254789352417,3.704538583755493,16.475997924804688
ev_000492,26.414474487304688,29.880712509155273,66.0627670288086,48.50369644165039,27.69719886779785,92.51252746582031,7.859337329864502,0.5810700058937073,10.610261917114258,45.0,30.0,75.0,8.666268348693848,0.11928749084472656,4.624008655548096
ev_000493,133.460693359375,67.79049682617188,-102.06231689453125,348.4291687011719,18.62755584716797,-58.34395217895508,1.9189558029174805,6.432704448699951,2.030362367630005,345.0,15.0,-60.0,0.6718288660049438,9.256963729858398,2.8949997425079346
ev_000494,279.9699401855469,89.27680206298828,-125.18909454345703,100.03764343261719,86.47950744628906,98.10801696777344,24.41044807434082,2.7972946166992188,24.821674346923828,0.0,0.0,165.0,80.03005981445312,0.7231979370117188,35.18909454345703
ev_000495,138.06163024902344,6.676560401916504,-50.46171188354492,88.3662338256836,88.28054809570312,-72.91321563720703,45.87985610961914,3.4247708320617676,21.348506927490234,30.0,15.0,-165.0,7.15737247467041,1.3032569885253906,18.772541046142578
ev_000496,29.37080192565918,28.39659881591797,-45.21670150756836,290.50140380859375,20.353757858276367,-129.62538146972656,8.972111701965332,4.188419818878174,18.77712631225586,150.0,75.0,-75.0,10.923177719116211,4.727654933929443,23.15877342224121
ev_000497,166.62445068359375,78.63707733154297,-165.4592742919922,71.98082733154297,72.87296295166016,-4.760039806365967,1.7181799411773682,2.8774161338806152,2.642102003097534,60.0,30.0,-15.0,3.5601372718811035,3.92745041847229,3.271329402923584
ev_000498,53.623165130615234,45.12992858886719,-170.65501403808594,322.3349609375,89.30039978027344,-70.18204498291016,0.6523106098175049,5.908586502075195,7.282257080078125,60.0,15.0,180.0,6.376834869384766,6.608186721801758,9.344985961914062
ev_000499,264.1153869628906,22.67465591430664,76.78277587890625,101.590576171875,74.16481018066406,83.60742950439453,3.194457769393921,5.628497123718262,6.824653625488281,105.0,75.0,90.0,6.603881359100342,7.042001247406006,5.456613540649414
