event_id,true_strike,true_dip,true_rake,bfnet_strike,bfnet_dip,bfnet_rake,bfnet_err_strike,bfnet_err_dip,bfnet_err_rake,jssa_strike,jssa_dip,jssa_rake,jssa_err_strike,jssa_err_dip,jssa_err_rake
ev_000000,337.6008605957031,29.380830764770508,55.353694915771484,40.30779266357422,31.307653427124023,102.37356567382812,9.890045166015625,1.9268226623535156,5.375663757324219,30.0,30.0,90.0,13.982927322387695,0.6191692352294922,17.749229431152344
ev_000001,207.99659729003906,63.276493072509766,81.94658660888672,55.751014709472656,28.50322151184082,105.8155288696289,9.888506889343262,0.6083173751831055,0.265460729598999,45.0,30.0,105.0,0.18872103095054626,2.1555871963500977,0.44536730647087097
ev_000002,251.83096313476562,5.729231834411621,-60.2340087890625,313.26171875,0.39746159315109253,5.05942440032959,33.62854766845703,4.936218738555908,65.2934341430664,285.0,15.0,-30.0,2.2062623500823975,2.4642021656036377,10.212824821472168
ev_000003,41.384029388427734,38.486427307128906,-4.839542388916016,7.466989517211914,10.388833045959473,-31.1726131439209,6.953907489776611,2.3462347984313965,26.333070755004883,0.0,15.0,-45.0,1.1686710119247437,7.535697937011719,27.658201217651367
ev_000004,21.648468017578125,3.4154086112976074,176.05001831054688,298.08612060546875,88.48178100585938,-99.2358627319336,83.24034881591797,1.2830852270126343,84.71411895751953,0.0,0.0,150.0,4.408544063568115,0.23513378202915192,26.050018310546875
ev_000005,252.45220947265625,10.00365924835205,39.39972686767578,124.77252197265625,83.59825134277344,118.75896453857422,1.2901664972305298,0.07149813324213028,20.997085571289062,270.0,15.0,60.0,2.614877700805664,4.996340751647949,0.1311386376619339
ev_000006,129.68341064453125,67.77700805664062,130.04150390625,338.7049560546875,81.32596588134766,-143.81838989257812,1.5042016506195068,9.426345825195312,43.121070861816406,285.0,15.0,60.0,6.184067249298096,9.270452499389648,27.5820255279541
ev_000007,47.54987716674805,9.193922996520996,-55.729888916015625,8.520578384399414,83.4912109375,96.16511535644531,39.029296875,0.23796318471431732,102.4617919921875,0.0,0.0,-105.0,32.54987716674805,7.58737850189209,5.20756196975708
ev_000008,73.77881622314453,89.6538314819336,55.60579299926758,66.40141296386719,87.9957275390625,87.62519836425781,7.377403259277344,1.6581039428710938,32.019405364990234,315.0,15.0,150.0,0.36861005425453186,7.089303493499756,21.329893112182617
ev_000009,2.865445613861084,20.67020034790039,-4.480418682098389,347.8168640136719,31.182823181152344,-16.112430572509766,5.3600544929504395,6.681493282318115,9.563015937805176,0.0,0.0,-15.0,2.865445613861084,1.5801241397857666,10.519580841064453
ev_000010,33.60795974731445,88.21479034423828,-120.2023696899414,22.721683502197266,88.72335052490234,-93.87559509277344,10.886276245117188,0.5085601806640625,14.702723503112793,0.0,0.0,60.0,33.60795974731445,1.7852096557617188,30.202369689941406
ev_000011,236.2995147705078,6.157846450805664,40.219966888427734,286.504638671875,88.894287109375,-75.99260711669922,50.20512390136719,2.8660850524902344,89.8495864868164,0.0,15.0,165.0,1.732120156288147,0.130832239985466,19.220325469970703
ev_000012,199.0231170654297,13.725950241088867,-149.69544982910156,337.6396179199219,6.467832565307617,-17.35557746887207,5.454723358154297,4.950872898101807,18.083627700805664,285.0,15.0,-60.0,5.304061412811279,1.2740497589111328,18.092065811157227
ev_000013,100.85760498046875,89.65140533447266,-2.8935277462005615,269.89752197265625,86.82119750976562,-1.162709355354309,79.02230072021484,0.28532835841178894,1.7308183908462524,15.0,90.0,135.0,4.14239501953125,0.34859466552734375,2.8935277462005615
ev_000014,160.87155151367188,24.119293212890625,-174.01962280273438,338.0246276855469,11.711008071899414,-10.22179889678955,12.628023147583008,0.37587881088256836,35.53303909301758,60.0,90.0,-75.0,5.409975051879883,2.440110921859741,5.980377197265625
ev_000015,44.6190299987793,43.33311080932617,-138.26829528808594,294.26214599609375,79.07335662841797,-57.184898376464844,3.9758145809173584,8.940613746643066,2.332892417907715,285.0,75.0,-75.0,3.356114625930786,12.180187225341797,4.261268138885498
ev_000016,136.83084106445312,37.47906494140625,127.11798858642578,147.42173767089844,36.98971176147461,128.80296325683594,9.039922714233398,0.4893531799316406,0.4389301836490631,270.0,60.0,75.0,3.190136432647705,0.9749581217765808,9.829964637756348
ev_000017,38.59449768066406,63.203758239746094,11.453104019165039,47.301448822021484,47.8074836730957,5.941657543182373,8.706951141357422,5.810645580291748,5.511446475982666,105.0,15.0,45.0,27.61716079711914,0.33608317375183105,33.546897888183594
ev_000018,4.307140827178955,21.483057022094727,19.026899337768555,1.862636923789978,26.66216278076172,11.568279266357422,2.4445037841796875,1.6943278312683105,5.78497314453125,0.0,15.0,15.0,1.0268093347549438,3.0161702632904053,4.026899337768555
ev_000019,353.46478271484375,10.764548301696777,148.8444366455078,296.77447509765625,87.7939682006836,-76.9911117553711,42.76905822753906,2.426881790161133,40.866477966308594,0.0,15.0,150.0,4.9755706787109375,1.8903412818908691,1.1555633544921875
ev_000020,71.20683288574219,6.714657306671143,165.3918914794922,354.81927490234375,82.75308227539062,-98.96397399902344,50.45075225830078,4.793643951416016,95.64413452148438,0.0,0.0,90.0,4.281014442443848,1.689850091934204,6.499483585357666
ev_000021,15.769804954528809,20.464309692382812,-134.05567932128906,244.68374633789062,75.79463958740234,-87.87713623046875,2.991058826446533,0.34685561060905457,12.423966407775879,60.0,15.0,-90.0,1.6926875114440918,0.4477839767932892,14.546830177307129
ev_000022,257.7714538574219,55.17600631713867,166.94973754882812,350.6288146972656,79.84269714355469,29.694658279418945,2.885406732559204,0.5251812934875488,1.3967764377593994,225.0,15.0,150.0,11.164250373840332,3.24701189994812,16.949737548828125
ev_000023,2.672696828842163,50.21783447265625,99.28353118896484,6.499257564544678,61.33795166015625,92.20578002929688,3.8265607357025146,11.1201171875,6.937285423278809,0.0,60.0,90.0,2.672696828842163,9.78216552734375,9.283531188964844
ev_000024,254.32330322265625,40.8587646484375,3.2290494441986084,345.03460693359375,88.84319305419922,-112.23612213134766,2.1157758235931396,0.9549864530563354,6.283471584320068,165.0,90.0,105.0,0.67669677734375,2.1117935180664062,3.2290494441986084
ev_000025,327.32550048828125,18.494630813598633,-159.56607055664062,41.47446823120117,86.4424819946289,79.65620422363281,34.62724685668945,2.8009531497955322,39.53224563598633,345.0,15.0,-150.0,7.986858367919922,1.0770010948181152,4.338942050933838
ev_000026,132.4178466796875,6.866744041442871,-76.2987060546875,299.5685119628906,83.12029266357422,-87.2689208984375,0.9471803903579712,0.20926576852798462,4.364925861358643,0.0,0.0,150.0,12.4178466796875,6.670441627502441,1.6338467597961426
ev_000027,304.8935852050781,80.85672760009766,-135.630615234375,310.5929260253906,81.25311279296875,-112.66778564453125,5.472126007080078,0.39638519287109375,9.074840545654297,0.0,0.0,135.0,55.106414794921875,9.143272399902344,45.630615234375
ev_000028,142.8580322265625,84.0323257446289,60.875125885009766,318.97637939453125,87.58308410644531,-70.04804992675781,13.314393043518066,3.5507583618164062,19.172822952270508,15.0,15.0,150.0,8.71060562133789,1.4677979946136475,16.06056022644043
ev_000029,207.4425048828125,69.95308685302734,29.637575149536133,46.5848274230957,28.919313430786133,129.38417053222656,24.022308349609375,1.900862693786621,27.842052459716797,60.0,30.0,135.0,16.549110412597656,0.6578978896141052,22.22622299194336
ev_000030,55.561126708984375,0.20831717550754547,-58.9407844543457,21.521818161010742,89.76525115966797,115.27748107910156,34.039306640625,0.05629725381731987,59.49053192138672,0.0,0.0,-120.0,25.561126708984375,0.17845158278942108,0.1074761152267456
ev_000031,128.03338623046875,45.16059494018555,-16.885379791259766,47.78116226196289,89.01590728759766,99.3600845336914,15.696249008178711,10.901593208312988,22.914417266845703,90.0,15.0,-45.0,6.1074323654174805,1.3403948545455933,28.114620208740234
ev_000032,316.6788024902344,31.418001174926758,-128.10092163085938,319.9116516113281,27.125286102294922,-124.2499008178711,1.9286192655563354,2.077632427215576,3.8510208129882812,345.0,30.0,-105.0,2.9352834224700928,1.4180011749267578,12.153356552124023
ev_000033,229.97994995117188,32.24748229980469,174.17095947265625,334.7723388671875,79.63443756103516,66.61353302001953,7.7977800369262695,6.7852582931518555,8.727126121520996,0.0,0.0,-45.0,9.914709091186523,3.106403112411499,95.82904052734375
ev_000034,281.10235595703125,53.29975128173828,129.96929931640625,52.9457893371582,44.831748962402344,47.9738883972168,3.6441237926483154,5.117977619171143,1.2711141109466553,300.0,60.0,105.0,18.89764404296875,6.700248718261719,16.608888626098633
ev_000035,340.2082214355469,46.13520431518555,-22.814777374267578,342.65179443359375,46.022884368896484,-8.947209358215332,2.443572998046875,0.1123199462890625,1.870321273803711,330.0,15.0,-15.0,10.208221435546875,12.393054008483887,7.814777374267578
ev_000036,343.7081604003906,89.74938201904297,29.698017120361328,350.5638427734375,86.331787109375,54.866783142089844,1.8035517930984497,3.4175949096679688,6.0681843757629395,270.0,15.0,-165.0,16.434778213500977,3.5903477668762207,15.288514137268066
ev_000037,193.27378845214844,42.46369552612305,-45.10202407836914,302.12005615234375,65.34506225585938,-85.91461944580078,17.667654037475586,3.9151408672332764,24.038375854492188,135.0,30.0,-75.0,21.979833602905273,0.3090153932571411,24.362340927124023
ev_000038,311.8599853515625,87.61873626708984,74.35852813720703,83.44244384765625,2.509855270385742,36.89034652709961,4.718509197235107,0.8749423623085022,17.649280548095703,0.0,0.0,-45.0,3.1400146484375,2.3812637329101562,98.76802062988281
ev_000039,160.11029052734375,8.163758277893066,-114.38317108154297,3.57409405708313,84.92200469970703,-74.4109115600586,1.1395390033721924,2.3532798290252686,12.199751853942871,150.0,15.0,-120.0,3.8461551666259766,5.521264553070068,4.241404056549072
ev_000040,283.0688171386719,39.097007751464844,31.118139266967773,315.5052490234375,19.013507843017578,59.46562576293945,0.5009559988975525,2.7243003845214844,24.89466094970703,345.0,15.0,75.0,12.538182258605957,4.543511867523193,30.857746124267578
ev_000041,272.8896484375,22.911773681640625,-24.314130783081055,24.9655818939209,80.09194946289062,-99.54666900634766,0.5196096301078796,0.6840025782585144,11.518500328063965,255.0,15.0,-45.0,3.5218355655670166,1.3212425708770752,10.336585998535156
ev_000042,160.04994201660156,79.05065155029297,111.97456359863281,344.95184326171875,89.90216827392578,-103.41924285888672,20.71554946899414,10.851516723632812,27.761022567749023,285.0,15.0,30.0,5.802631855010986,3.51387619972229,2.6605231761932373
ev_000043,93.15534210205078,54.811973571777344,21.90434455871582,352.5693054199219,70.6117172241211,128.49871826171875,2.4595510959625244,1.6368879079818726,7.57709264755249,0.0,75.0,105.0,9.89024543762207,2.7513949871063232,24.0886287689209
ev_000044,57.22986602783203,17.061609268188477,-153.90354919433594,301.354736328125,83.70455932617188,-70.53856658935547,0.7832624316215515,1.1199376583099365,4.052204608917236,90.0,15.0,-120.0,1.2705209255218506,2.0616092681884766,7.7784881591796875
ev_000045,88.5434799194336,21.186357498168945,-48.20734405517578,224.20721435546875,74.44551086425781,-80.08361053466797,0.5451133251190186,0.07692210376262665,17.260988235473633,45.0,15.0,-90.0,0.24767230451107025,0.6314112544059753,14.483550071716309
ev_000046,300.54071044921875,63.81211853027344,-26.751371383666992,290.2589111328125,54.74556350708008,-14.984992027282715,10.28179931640625,9.06655502319336,7.350461483001709,30.0,75.0,-105.0,13.082219123840332,8.823203086853027,19.241601943969727
ev_000047,81.79730224609375,55.281917572021484,-20.392866134643555,76.47061920166016,52.62234115600586,-24.19475555419922,2.0244674682617188,2.363131284713745,3.473515510559082,180.0,75.0,-105.0,3.7519242763519287,1.6436198949813843,25.600107192993164
ev_000048,327.1588439941406,22.912643432617188,-67.71277618408203,336.81884765625,18.44862174987793,-73.90645599365234,9.660003662109375,3.413909435272217,3.8236007690429688,120.0,75.0,-90.0,3.170811414718628,6.115074634552002,9.107037544250488
ev_000049,341.08453369140625,71.75227355957031,145.7666015625,64.5323715209961,72.26034545898438,38.012325286865234,18.58015251159668,0.5080718994140625,12.134692192077637,330.0,60.0,120.0,11.08453369140625,2.2947473526000977,25.7666015625
ev_000050,80.9305191040039,87.96024322509766,94.54907989501953,81.73944091796875,89.4233169555664,82.37887573242188,0.8089218139648438,1.46307373046875,12.170204162597656,0.0,0.0,-165.0,5.930519104003906,2.0397567749023438,100.45092010498047
ev_000051,49.43135452270508,83.11752319335938,-22.540327072143555,29.933517456054688,48.815608978271484,-42.73154067993164,8.967175483703613,8.340292930603027,20.191213607788086,195.0,15.0,-135.0,11.561617851257324,3.662813901901245,37.5544319152832
ev_000052,56.15663528442383,65.72186279296875,-139.381591796875,11.78618335723877,74.46367645263672,-83.47651672363281,44.370452880859375,8.741813659667969,27.153732299804688,15.0,75.0,-90.0,41.15663528442383,9.27813720703125,49.381591796875
ev_000053,199.65724182128906,80.90550994873047,97.0922622680664,3.5037429332733154,4.821229934692383,68.0612564086914,5.855715274810791,4.623133659362793,5.287311553955078,75.0,15.0,150.0,5.509815692901611,1.65901780128479,20.15657615661621
ev_000054,75.46805572509766,52.07893753051758,161.80081176757812,47.354896545410156,21.753076553344727,129.21127319335938,9.165757179260254,2.42440128326416,32.58953857421875,30.0,15.0,135.0,12.883987426757812,3.7179548740386963,26.800811767578125
ev_000055,248.01089477539062,38.23978805541992,-68.8215560913086,241.43551635742188,43.12162399291992,-74.73480224609375,0.819935142993927,4.8818359375,2.0407767295837402,30.0,60.0,-105.0,9.824109077453613,5.013845920562744,0.8917004466056824
ev_000056,298.7375793457031,61.14866638183594,-170.88807678222656,22.084936141967773,89.95547485351562,65.69639587402344,6.751238822937012,7.928485870361328,9.22010612487793,315.0,15.0,-165.0,6.17708158493042,4.132045269012451,5.8880767822265625
ev_000057,212.42811584472656,8.43280029296875,102.08316040039062,24.99359893798828,89.3751449584961,92.38786315917969,4.7767653465271,5.964580535888672,4.165398120880127,165.0,15.0,60.0,4.349355697631836,4.707885265350342,4.452420234680176
ev_000058,286.0888977050781,34.770263671875,-33.01914596557617,38.099002838134766,70.91736602783203,-64.77566528320312,6.085118770599365,0.9775638580322266,20.72723960876465,210.0,15.0,-105.0,1.3199682235717773,3.6275579929351807,15.204522132873535
ev_000059,187.4588623046875,9.793960571289062,148.5308074951172,324.6357421875,86.61321258544922,81.00662231445312,16.08097267150879,0.18892057240009308,0.617754340171814,195.0,15.0,150.0,5.592657089233398,2.3407845497131348,1.4691925048828125
ev_000060,95.35994720458984,29.544204711914062,-30.094905853271484,186.41908264160156,50.67522430419922,-108.37570190429688,25.698280334472656,13.222722053527832,7.746979713439941,45.0,15.0,-75.0,2.6214537620544434,0.16240757703781128,22.155550003051758
ev_000061,195.42904663085938,53.63420104980469,-67.56669616699219,341.6663513183594,37.112220764160156,-104.20752716064453,1.085984230041504,0.5682741403579712,11.91313648223877,330.0,45.0,-105.0,10.580367088317871,3.0998880863189697,7.9224853515625
ev_000062,305.0895690917969,89.33998107910156,-142.5574188232422,308.5206604003906,89.8845443725586,-115.65777587890625,3.43109130859375,0.5445632934570312,0.5646325349807739,120.0,90.0,105.0,4.584193229675293,0.6600189208984375,0.8312752842903137
ev_000063,145.21932983398438,2.3270204067230225,-129.53338623046875,4.847452640533447,89.66571044921875,-80.12590026855469,0.07152974605560303,1.4602338075637817,8.392401695251465,135.0,15.0,-135.0,3.7829501628875732,8.75076675415039,5.46661376953125
ev_000064,205.11000061035156,68.5365982055664,-52.52653884887695,271.51483154296875,73.7933578491211,-112.82780456542969,49.11109161376953,5.2567596435546875,15.686861038208008,30.0,15.0,-105.0,20.394088745117188,6.985889434814453,33.50632858276367
ev_000065,67.10647583007812,86.24835968017578,48.046504974365234,71.57459259033203,86.29942321777344,94.02770233154297,4.468116760253906,0.05106353759765625,5.407044887542725,0.0,0.0,-165.0,7.893524169921875,3.7516403198242188,20.601913452148438
ev_000066,34.64999771118164,42.129249572753906,45.384544372558594,21.953115463256836,41.86552429199219,42.566246032714844,10.138035774230957,0.26372528076171875,0.9990893006324768,270.0,60.0,105.0,2.280574321746826,1.4775034189224243,17.426532745361328
ev_000067,325.93695068359375,54.3524055480957,-118.40087127685547,316.5727844238281,58.920467376708984,-128.41729736328125,4.7201762199401855,3.4807634353637695,10.016426086425781,180.0,45.0,-60.0,5.168471336364746,0.6277480125427246,1.8358200788497925
ev_000068,253.21762084960938,77.83973693847656,-57.42575454711914,251.31082153320312,79.0694351196289,-58.91694259643555,1.90679931640625,1.2296981811523438,1.303749680519104,15.0,15.0,-150.0,2.6349527835845947,4.724791049957275,8.187125205993652
ev_000069,301.019775390625,9.46039867401123,177.73304748535156,42.134124755859375,88.02985382080078,65.37053680419922,6.825889587402344,1.5976310968399048,2.4516396522521973,285.0,15.0,150.0,10.891498565673828,5.5396013259887695,3.611185073852539
ev_000070,37.96219253540039,43.27690887451172,-166.4794464111328,300.0997314453125,84.76289367675781,-80.7167739868164,2.0674185752868652,3.985563278198242,16.0849609375,60.0,15.0,-150.0,2.820261001586914,1.7871973514556885,16.479446411132812
ev_000071,111.08145904541016,29.819562911987305,52.9068603515625,330.4935302734375,71.9985122680664,108.28546142578125,1.6599361896514893,4.378201484680176,0.7837466597557068,120.0,15.0,60.0,1.285988688468933,10.416420936584473,7.0931396484375
ev_000072,143.12583923339844,64.78805541992188,72.36563110351562,11.246255874633789,34.03092575073242,136.17825317382812,3.383197784423828,2.4126338958740234,8.342040061950684,0.0,30.0,120.0,0.14198027551174164,0.4328020215034485,1.5322551727294922
ev_000073,28.056867599487305,16.739486694335938,-177.01759338378906,296.03948974609375,88.49143981933594,-91.9591293334961,0.8388608694076538,0.6499214768409729,18.677209854125977,0.0,0.0,150.0,28.056867599487305,0.8586387038230896,16.718080520629883
ev_000074,22.684978485107422,27.822277069091797,55.40852737426758,78.23526000976562,24.60045623779297,111.00813293457031,5.293422698974609,0.2730141282081604,4.329517364501953,60.0,30.0,90.0,0.6312528848648071,2.177722930908203,16.67861557006836
ev_000075,8.561697959899902,13.233909606933594,-7.443233489990234,10.38956069946289,20.349300384521484,-4.022151470184326,1.6479573249816895,0.30175450444221497,3.421082019805908,345.0,15.0,-30.0,1.6619696617126465,1.7660903930664062,0.061959825456142426
ev_000076,274.46624755859375,76.6573715209961,116.70782470703125,45.08224868774414,24.056791305541992,43.415069580078125,0.21004267036914825,2.9273393154144287,8.741267204284668,60.0,15.0,60.0,3.5987696647644043,0.390088826417923,19.077083587646484
ev_000077,142.036865234375,46.14929962158203,-171.28453063964844,38.2533073425293,83.60418701171875,-59.02641677856445,3.2697482109069824,0.12235692143440247,3.572169303894043,45.0,90.0,-75.0,0.9746673107147217,6.27345609664917,8.715469360351562
ev_000078,262.2373046875,32.18390655517578,-47.40897750854492,284.0187683105469,43.38027572631836,-29.230871200561523,1.2786202430725098,3.49005126953125,16.44135856628418,270.0,30.0,-45.0,6.020928382873535,2.1839065551757812,0.862154483795166
ev_000079,231.57679748535156,70.20153045654297,-65.18254089355469,240.61184692382812,72.54529571533203,-76.1208724975586,9.035049438476562,2.3437652587890625,10.938331604003906,45.0,15.0,-105.0,8.927292823791504,5.320957183837891,20.85032844543457
ev_000080,309.95013427734375,32.92219161987305,70.8908462524414,314.6000061035156,31.948436737060547,70.56280517578125,4.649871826171875,0.9669445753097534,0.2437070608139038,300.0,30.0,60.0,1.3119109869003296,2.922191619873047,4.134583473205566
ev_000081,120.06661987304688,73.51353454589844,171.94564819335938,332.7558288574219,88.65794372558594,169.8889617919922,57.07149124145508,2.387087345123291,2.0566864013671875,225.0,30.0,15.0,1.8690667152404785,0.285675972700119,1.6416726112365723
ev_000082,171.1718292236328,58.34732437133789,47.38844680786133,73.31390380859375,58.68997573852539,119.32717895507812,21.84470558166504,0.3426513671875,3.7686026096343994,75.0,60.0,105.0,23.53080177307129,1.6526756286621094,18.465444564819336
ev_000083,83.39186096191406,64.84252166748047,38.399776458740234,351.2033996582031,62.39601516723633,134.74380493164062,16.43193244934082,2.4465065002441406,1.7952924966812134,0.0,60.0,105.0,25.228532791137695,4.2097883224487305,27.45411491394043
ev_000084,57.67128372192383,33.56647872924805,36.189510345458984,128.70118713378906,23.606548309326172,77.19304656982422,26.32954216003418,3.930628538131714,22.63738441467285,150.0,15.0,105.0,18.19148063659668,4.576941967010498,13.170591354370117
ev_000085,92.17236328125,60.95477294921875,22.07176971435547,354.930419921875,71.96086120605469,131.70455932617188,3.895031213760376,1.1392208337783813,4.011072158813477,0.0,75.0,105.0,8.964611053466797,4.178359508514404,23.92120361328125
ev_000086,196.5423126220703,79.73265838623047,-90.95288848876953,17.900548934936523,88.08518981933594,101.98737335205078,3.9728751182556152,1.826139211654663,93.8987808227539,75.0,15.0,-30.0,2.3948862552642822,2.83186936378479,12.111425399780273
ev_000087,230.8102569580078,5.894110202789307,122.62930297851562,19.04449462890625,86.425048828125,73.10888671875,1.0016063451766968,1.3863786458969116,13.705029487609863,270.0,15.0,165.0,3.532069444656372,1.1203640699386597,11.324734687805176
ev_000088,42.32245635986328,10.286162376403809,39.25065612792969,24.066497802734375,24.012710571289062,26.096603393554688,3.564568519592285,3.8247697353363037,13.154052734375,30.0,15.0,30.0,2.673321008682251,0.9483237862586975,5.0645575523376465
ev_000089,212.30433654785156,33.6527214050293,125.81048583984375,348.76123046875,61.29030990600586,76.96639251708984,2.6256752014160156,2.0046260356903076,8.248305320739746,150.0,30.0,90.0,21.386905670166016,3.294935941696167,21.28191375732422
ev_000090,354.08245849609375,32.889732360839844,26.588668823242188,13.989487648010254,22.67882537841797,49.78035354614258,4.790556907653809,3.055525779724121,14.939624786376953,240.0,75.0,105.0,1.285863995552063,0.9335005283355713,15.040121078491211
ev_000091,128.47373962402344,15.537811279296875,-147.41073608398438,7.117542743682861,82.25553131103516,-79.2755355834961,0.2727239727973938,0.5511497855186462,2.4598796367645264,135.0,15.0,-135.0,5.851845741271973,0.537811279296875,2.455760955810547
ev_000092,69.79012298583984,2.432435989379883,-19.830657958984375,10.198068618774414,85.59310150146484,97.1471939086914,47.90687942504883,3.581935167312622,51.605369567871094,60.0,15.0,-30.0,0.45687800645828247,6.610508918762207,10.169342041015625
ev_000093,89.20352935791016,71.41000366210938,1.4248428344726562,85.02354431152344,70.92765808105469,12.001111030578613,4.179985046386719,0.4823455810546875,0.8714207410812378,0.0,90.0,120.0,0.7964706420898438,1.350486159324646,1.4248428344726562
ev_000094,210.54856872558594,70.57874298095703,-124.02327728271484,215.08908081054688,68.98635864257812,-136.39793395996094,4.5405120849609375,1.5923843383789062,4.271437644958496,75.0,30.0,-45.0,4.655174255371094,1.2835540771484375,11.81562328338623
ev_000095,67.96891784667969,75.10639190673828,131.14219665527344,63.219627380371094,83.0315933227539,132.2780303955078,4.749290466308594,0.55800461769104,1.135833740234375,210.0,15.0,45.0,8.024054527282715,4.348317623138428,22.989595413208008
ev_000096,162.2800750732422,65.15480041503906,-43.96835708618164,264.7694091796875,61.68189239501953,-143.21212768554688,7.041018486022949,3.4729080200195312,4.033315658569336,270.0,60.0,-120.0,4.342954635620117,5.1548004150390625,5.138248443603516
ev_000097,48.33274459838867,31.685773849487305,157.0206298828125,7.738420486450195,9.556477546691895,115.17970275878906,4.074749946594238,3.192021131515503,25.511966705322266,150.0,75.0,90.0,8.17430305480957,3.1669020652770996,29.608983993530273
ev_000098,268.5689697265625,0.6560023427009583,109.77427673339844,69.49971771240234,87.8000259399414,100.97396850585938,0.7062203884124756,1.582655906677246,8.800308227539062,0.0,0.0,-165.0,6.206502437591553,0.6173181533813477,85.22572326660156
ev_000099,30.323589324951172,5.633572578430176,-163.7263946533203,287.44647216796875,86.9177017211914,-84.08797454833984,3.32201886177063,1.031174898147583,0.5027983784675598,0.0,0.0,165.0,30.323589324951172,1.5763216018676758,5.409226894378662
ev_000100,220.10800170898438,86.93431091308594,164.99578857421875,308.15142822265625,71.98834228515625,9.781493186950684,2.777815580368042,3.0294227600097656,3.255633592605591,45.0,90.0,-105.0,4.070755958557129,3.0656890869140625,3.173680067062378
ev_000101,173.88865661621094,19.715078353881836,163.88937377929688,335.6336364746094,1.002082109451294,-21.891246795654297,56.53371810913086,4.997731685638428,92.89391326904297,180.0,15.0,165.0,5.4109015464782715,1.530371904373169,1.110626220703125
ev_000102,122.2994384765625,35.07213592529297,-26.771926879882812,226.333740234375,79.935546875,-90.43706512451172,8.40217113494873,4.935971260070801,31.64351463317871,105.0,15.0,-45.0,4.271115779876709,4.45513391494751,18.228073120117188
ev_000103,332.2784423828125,6.756165981292725,162.73468017578125,88.41767883300781,89.16992950439453,108.49359893798828,8.9867525100708,1.1709017753601074,24.947965621948242,180.0,15.0,15.0,3.9417455196380615,1.8399934768676758,20.965185165405273
ev_000104,56.93844985961914,28.33638572692871,160.00408935546875,337.96630859375,74.79148864746094,-8.764022827148438,13.343785285949707,0.8860375881195068,35.37562942504883,45.0,15.0,150.0,0.5505980849266052,1.9053611755371094,10.00408935546875
ev_000105,333.85418701171875,87.49981689453125,29.081443786621094,333.3399963378906,89.13607788085938,37.120079040527344,0.2218170464038849,1.636260986328125,1.7768762111663818,210.0,15.0,150.0,4.706760883331299,4.935288906097412,27.13970947265625
ev_000106,170.08258056640625,54.56913375854492,93.74689483642578,322.0745849609375,40.622215270996094,62.95720291137695,5.914211273193359,0.011615773662924767,17.558547973632812,345.0,30.0,75.0,1.362606167793274,5.60264253616333,4.751885890960693
ev_000107,32.48387908935547,17.212438583374023,-173.21800231933594,297.115234375,88.03501892089844,-108.30843353271484,1.1122592687606812,0.03764123469591141,35.40747833251953,0.0,0.0,150.0,32.48387908935547,2.002622365951538,17.099044799804688
ev_000108,357.9834899902344,30.282270431518555,-76.87579345703125,338.52899169921875,29.45820426940918,-91.64653015136719,2.454465389251709,0.032646093517541885,5.9062933921813965,315.0,30.0,-105.0,10.682177543640137,0.2822704315185547,4.625425815582275
ev_000109,111.27787017822266,25.903947830200195,152.75433349609375,38.96265411376953,88.96707916259766,-47.95551300048828,18.829954147338867,10.503988265991211,28.78780746459961,105.0,15.0,150.0,1.9840688705444336,4.101437091827393,2.75433349609375
ev_000110,38.09150314331055,49.74531936645508,-71.09747314453125,26.59356117248535,44.973960876464844,-75.45281982421875,3.7218892574310303,1.1956530809402466,4.3553466796875,195.0,45.0,-105.0,2.3379321098327637,1.2216922044754028,4.3917083740234375
ev_000111,214.9434051513672,24.565874099731445,98.30899047851562,23.410293579101562,70.51798248291016,101.7777099609375,2.4104628562927246,1.9194374084472656,3.468719482421875,30.0,75.0,90.0,4.179243564605713,9.291252136230469,3.7793781757354736
ev_000112,54.469703674316406,36.70550537109375,120.55748748779297,75.08541107177734,41.5120849609375,129.2727508544922,9.466479301452637,0.10747361928224564,8.502964973449707,195.0,60.0,75.0,3.1012163162231445,0.976936936378479,5.758092403411865
ev_000113,127.6207275390625,2.305299997329712,-59.34158706665039,278.23309326171875,86.58141326904297,-93.21467590332031,1.2911310195922852,1.4356547594070435,2.0386908054351807,0.0,0.0,180.0,37.6207275390625,1.9829319715499878,1.1759850978851318
ev_000114,2.368016242980957,62.107688903808594,-19.042207717895508,1.2454913854599,68.6419448852539,-11.031089782714844,1.1225248575210571,4.598143100738525,7.523321628570557,345.0,30.0,-15.0,13.47585391998291,9.324440002441406,4.042207717895508
ev_000115,219.2427215576172,77.36063385009766,-76.02741241455078,4.945876598358154,57.41962814331055,-156.70249938964844,14.37456226348877,6.827852725982666,19.586158752441406,15.0,15.0,-120.0,6.624756336212158,0.3131735026836395,6.3418474197387695
ev_000116,220.23757934570312,42.47518539428711,131.9010772705078,342.73590087890625,69.84419250488281,63.730106353759766,2.4211981296539307,9.806212425231934,5.173253059387207,195.0,30.0,120.0,8.347987174987793,4.513483047485352,11.901077270507812
ev_000117,155.4989776611328,12.27488899230957,27.308229446411133,35.689491271972656,84.80728149414062,112.09809112548828,3.037778615951538,0.4046400785446167,11.156221389770508,165.0,15.0,45.0,7.734296798706055,2.7251110076904297,0.21328701078891754
ev_000118,213.83677673339844,19.11781883239746,49.208099365234375,75.5931167602539,79.12998962402344,107.20242309570312,0.6491562724113464,1.1429858207702637,4.442569732666016,195.0,15.0,30.0,0.3896993100643158,4.117818832397461,0.3044602870941162
ev_000119,58.185302734375,66.8188705444336,56.38264846801758,47.1307258605957,71.75171661376953,75.622802734375,11.054576873779297,4.9328460693359375,15.297398567199707,270.0,30.0,120.0,1.8753702640533447,2.4777767658233643,17.51523780822754
ev_000120,88.55430603027344,54.72944259643555,153.11935424804688,39.478843688964844,23.204572677612305,123.36800384521484,11.013755798339844,2.450456142425537,29.75135040283203,45.0,30.0,120.0,3.5594372749328613,3.99648380279541,33.119354248046875
ev_000121,65.7581558227539,4.928009033203125,124.85772705078125,10.210932731628418,2.3254334926605225,62.548580169677734,6.8808183670043945,1.978689432144165,3.893721103668213,90.0,15.0,150.0,1.6534231901168823,3.3933088779449463,10.243072509765625
ev_000122,154.42633056640625,67.86412811279297,133.81980895996094,322.08929443359375,21.327470779418945,66.29763793945312,12.897191047668457,2.683781147003174,34.900020599365234,315.0,30.0,60.0,14.263736724853516,3.5230343341827393,27.717695236206055
ev_000123,75.78385162353516,21.439563751220703,63.53505325317383,92.50239562988281,14.863836288452148,81.26319885253906,2.386120319366455,4.412411689758301,7.617886543273926,90.0,15.0,75.0,1.581209659576416,4.622359275817871,5.959309101104736
ev_000124,197.919189453125,2.3936073780059814,-149.0606231689453,324.7292175292969,2.457751512527466,-16.50245475769043,5.7845458984375,0.06414413452148438,4.409968376159668,195.0,15.0,-150.0,1.1492887735366821,6.205108165740967,0.9393768310546875
ev_000125,20.576297760009766,41.11070251464844,132.68125915527344,359.9522399902344,28.79576873779297,117.55236053466797,0.6413660645484924,3.6242194175720215,15.128898620605469,330.0,15.0,105.0,15.330302238464355,14.427824974060059,26.6418399810791
ev_000126,38.70598602294922,81.99085998535156,61.93788528442383,42.08747100830078,83.88104248046875,68.44580078125,2.926903486251831,1.8901824951171875,0.38420721888542175,0.0,0.0,-135.0,6.294013977050781,8.009140014648438,61.65174102783203
ev_000127,170.99696350097656,85.81189727783203,57.48050308227539,352.50457763671875,87.03577423095703,-94.45703125,57.9461555480957,1.223876953125,91.15734100341797,285.0,15.0,30.0,5.144389629364014,3.2473695278167725,27.48050308227539
ev_000128,278.19439697265625,31.44012451171875,114.01220703125,69.06267547607422,62.175235748291016,69.46890258789062,1.560774564743042,0.630126953125,6.560487747192383,255.0,30.0,105.0,12.815573692321777,0.4242028295993805,5.471828937530518
ev_000129,219.4593048095703,24.31634521484375,14.80824089050293,300.63116455078125,89.36811065673828,-114.95636749267578,10.185647964477539,0.6475083827972412,16.305583953857422,120.0,90.0,105.0,4.085844039916992,6.041182518005371,8.598254203796387
ev_000130,36.81243133544922,61.332542419433594,168.6814727783203,299.76348876953125,88.5760498046875,-40.060428619384766,5.851842403411865,8.49209976196289,13.178738594055176,30.0,15.0,165.0,2.213667869567871,6.0750837326049805,3.6814727783203125
ev_000131,346.9462585449219,7.541597843170166,124.54718780517578,313.6081237792969,89.62169647216797,-77.7935791015625,33.338134765625,4.670595169067383,57.24148178100586,30.0,15.0,165.0,2.344608783721924,2.3649487495422363,10.217277526855469
ev_000132,22.03718376159668,59.76437759399414,167.29241943359375,106.90213012695312,77.36284637451172,69.5510025024414,11.613327980041504,1.6814367771148682,19.982391357421875,330.0,15.0,135.0,14.508431434631348,0.4104262590408325,32.29241943359375
ev_000133,290.18280029296875,26.997528076171875,-75.6264877319336,343.9605407714844,36.05812072753906,-47.253456115722656,20.997812271118164,0.4769859313964844,19.09044647216797,300.0,30.0,-75.0,8.670580863952637,2.7916436195373535,0.6264877319335938
ev_000134,261.8293151855469,75.04533386230469,-145.2960205078125,259.9404296875,81.4930419921875,-124.93653106689453,1.888885498046875,6.4477081298828125,3.3609073162078857,135.0,15.0,-30.0,7.681889057159424,7.51919412612915,12.001047134399414
ev_000135,250.16062927246094,22.079126358032227,-16.42439079284668,354.4612121582031,85.71239471435547,-103.35380554199219,0.9776759743690491,1.8134214878082275,1.559503436088562,225.0,15.0,-45.0,3.56813907623291,4.444263935089111,10.53149127960205
ev_000136,220.28367614746094,44.599788665771484,128.9176483154297,344.0303649902344,57.29462432861328,69.08895874023438,7.661440849304199,0.4087119400501251,9.850494384765625,180.0,30.0,105.0,8.883929252624512,4.2349934577941895,23.278915405273438
ev_000137,86.5056381225586,11.675249099731445,74.76155853271484,117.10859680175781,8.732107162475586,90.87881469726562,14.168877601623535,2.528210401535034,2.23000431060791,135.0,15.0,120.0,2.0819218158721924,1.6932573318481445,7.607701301574707
ev_000138,354.9793395996094,80.63538360595703,-63.971675872802734,348.4765930175781,73.31897735595703,-88.41397857666016,6.50274658203125,7.31640625,24.442302703857422,0.0,0.0,90.0,5.020660400390625,9.364616394042969,26.028324127197266
ev_000139,308.5036926269531,43.88111114501953,106.31150817871094,112.73906707763672,55.3575325012207,62.84223937988281,6.332660675048828,0.9365673661231995,12.04290771484375,300.0,30.0,105.0,3.5985300540924072,12.823458671569824,1.3115081787109375
ev_000140,145.30751037597656,80.0793685913086,-145.97412109375,51.75837326049805,56.69412612915039,1.2782710790634155,3.085700035095215,0.14352284371852875,13.194596290588379,45.0,15.0,0.0,3.672673225402832,9.920631408691406,11.916324615478516
ev_000141,316.8595886230469,28.79474639892578,104.95094299316406,124.19865417480469,62.08745574951172,56.82511520385742,4.2855000495910645,0.17855051159858704,25.104068756103516,120.0,75.0,90.0,0.08684595674276352,12.733993530273438,8.070816993713379
ev_000142,305.3214111328125,9.793831825256348,-45.951663970947266,306.9827575683594,13.555852890014648,-33.91284942626953,1.661346435546875,0.49170175194740295,4.471437454223633,225.0,15.0,-120.0,4.985161781311035,5.206168174743652,14.474419593811035
ev_000143,129.92129516601562,4.814159393310547,49.54004669189453,350.9245300292969,88.49787139892578,102.19709777832031,0.443278431892395,2.1589536666870117,9.06885051727295,0.0,0.0,-75.0,5.4812517166137695,3.6610822677612305,124.54004669189453
ev_000144,254.97088623046875,29.310897827148438,-33.56805419921875,8.721819877624512,75.26545715332031,-120.96297454833984,0.7781237959861755,0.9704603552818298,5.893012046813965,225.0,15.0,-60.0,0.8937146067619324,2.7524635791778564,17.43922233581543
ev_000145,283.4442138671875,26.10594367980957,-96.64968872070312,335.7993469238281,24.371850967407227,-53.210853576660156,5.5733513832092285,1.7340927124023438,8.529589653015137,330.0,30.0,-60.0,5.468517780303955,0.2583122253417969,9.452425003051758
ev_000146,60.079254150390625,32.18185043334961,56.97427749633789,41.777610778808594,35.14227294921875,46.37931442260742,6.459700584411621,1.89652681350708,6.971399307250977,60.0,30.0,60.0,0.079254150390625,0.863806962966919,2.8284966945648193
ev_000147,299.7971496582031,13.873628616333008,-117.82374572753906,19.998870849609375,12.472921371459961,-51.134071350097656,12.135732650756836,1.4007072448730469,14.478426933288574,30.0,15.0,-30.0,0.8204787373542786,1.1263713836669922,14.759431838989258
ev_000148,256.1768493652344,54.997188568115234,112.97665405273438,33.49611282348633,38.33089065551758,88.3366928100586,6.21043586730957,2.7190134525299072,21.662012100219727,15.0,45.0,75.0,24.7065486907959,3.9500958919525146,8.465835571289062
ev_000149,195.7696075439453,78.7175521850586,48.88066482543945,22.670808792114258,86.00910949707031,-68.60209655761719,29.604984283447266,7.291557312011719,27.70160484313965,75.0,15.0,150.0,1.6221812963485718,3.846975564956665,13.124088287353516
ev_000150,55.000709533691406,37.61435317993164,60.23097610473633,27.186138153076172,45.680824279785156,44.124237060546875,7.769172191619873,2.1165528297424316,15.384737968444824,60.0,30.0,60.0,2.856987237930298,6.332970142364502,0.23097610473632812
ev_000151,223.36669921875,64.32087707519531,-12.64244556427002,330.6159973144531,75.61927795410156,-140.76670837402344,5.785128593444824,3.0045392513275146,5.672945976257324,240.0,75.0,-75.0,16.63330078125,3.623817205429077,19.76046371459961
ev_000152,70.40190887451172,19.034387588500977,-21.08298683166504,6.831727027893066,85.8072280883789,102.69567108154297,44.41011428833008,2.5445361137390137,39.5299186706543,30.0,15.0,-60.0,1.2935210466384888,4.034387588500977,10.212885856628418
ev_000153,49.036460876464844,60.914886474609375,-165.9288787841797,318.337646484375,87.91583251953125,-40.97568893432617,1.1103720664978027,10.182830810546875,11.143166542053223,105.0,15.0,-135.0,18.903276443481445,1.7217073440551758,30.928878784179688
ev_000154,216.45863342285156,3.6841328144073486,57.3387451171875,70.05550384521484,87.65047454833984,85.53519439697266,0.8817411661148071,0.7514340877532959,6.454969882965088,330.0,15.0,165.0,5.3370561599731445,0.7400062084197998,16.5009822845459
ev_000155,210.0093994140625,23.626440048217773,165.3228759765625,82.18170166015625,12.60612678527832,40.211612701416016,0.8452280163764954,2.2720210552215576,26.852014541625977,0.0,0.0,-45.0,1.4968262910842896,5.8281025886535645,104.6771240234375
ev_000156,199.60182189941406,77.44699096679688,56.2779655456543,38.92880630493164,81.33872985839844,-68.92776489257812,49.32578659057617,3.8917388916015625,44.81586837768555,75.0,15.0,150.0,5.454395771026611,5.117537021636963,8.145247459411621
ev_000157,240.0503692626953,83.0934829711914,-14.628193855285645,61.537296295166016,83.61271667480469,32.748619079589844,4.403504848480225,0.5192337036132812,14.716999053955078,345.0,45.0,-165.0,4.221047401428223,3.6387736797332764,7.864455223083496
ev_000158,14.365928649902344,34.584068298339844,117.6191177368164,318.14764404296875,30.541824340820312,79.69864654541016,11.865355491638184,0.19592861831188202,7.423580646514893,315.0,30.0,75.0,9.737409591674805,1.3152436017990112,2.7249341011047363
ev_000159,109.67865753173828,52.42103958129883,-71.48257446289062,257.45550537109375,43.90068435668945,-120.79931640625,3.4474449157714844,1.0224032402038574,7.7144293785095215,120.0,60.0,-75.0,10.321342468261719,7.578960418701172,1.7193653583526611
ev_000160,99.24378967285156,58.870662689208984,27.70441246032715,97.62738800048828,70.12400817871094,28.030216217041016,1.6164016723632812,2.7769577503204346,0.3258037567138672,315.0,30.0,135.0,13.350395202636719,2.746168375015259,10.70057487487793
ev_000161,186.39759826660156,64.65074157714844,172.17535400390625,261.2444763183594,35.777099609375,-32.86302185058594,18.520227432250977,6.8530988693237305,58.42026138305664,165.0,15.0,165.0,10.253885269165039,3.2262299060821533,7.17535400390625
ev_000162,233.9596710205078,78.41280364990234,83.54369354248047,100.38585662841797,20.02010726928711,131.35302734375,3.2960894107818604,3.3040988445281982,7.079322338104248,90.0,15.0,120.0,5.172851085662842,1.3653433322906494,1.174433708190918
ev_000163,54.29426956176758,33.55242156982422,141.38356018066406,354.7604064941406,26.905500411987305,79.76984405517578,8.256507873535156,6.265960693359375,17.162460327148438,30.0,15.0,120.0,1.1877175569534302,7.225715160369873,19.761877059936523
ev_000164,207.33718872070312,16.61894989013672,-35.5924186706543,330.9737548828125,81.93523406982422,-97.55366516113281,0.8070154786109924,1.5172635316848755,6.0888848304748535,180.0,15.0,-60.0,2.6482481956481934,1.6189498901367188,6.011809825897217
ev_000165,298.9865417480469,83.88338470458984,-79.82664489746094,300.1299133300781,83.59021759033203,-96.25566101074219,1.14337158203125,0.2931671142578125,16.42901611328125,0.0,0.0,150.0,59.687435150146484,6.116615295410156,10.173355102539062
ev_000166,139.3721923828125,1.6428653001785278,93.19979858398438,324.46124267578125,87.3036880493164,76.24432373046875,8.290162086486816,1.0560086965560913,13.663949966430664,0.0,0.0,-45.0,1.1710807085037231,1.6403032541275024,134.9082794189453
ev_000167,55.55155563354492,36.89738082885742,-45.38343048095703,347.5160217285156,33.37267303466797,-105.50955200195312,1.3215744495391846,3.524707794189453,12.292941093444824,30.0,30.0,-75.0,8.231971740722656,3.5785226821899414,19.303712844848633
ev_000168,181.02529907226562,44.479713439941406,-95.3919448852539,2.811429738998413,45.3781852722168,-89.90259552001953,1.6474617719650269,0.14218518137931824,5.174751281738281,15.0,45.0,-90.0,6.439015865325928,0.5202865600585938,5.27215576171875
ev_000169,198.10708618164062,64.78575134277344,135.48292541503906,337.2786560058594,31.37161636352539,53.80934143066406,0.23476079106330872,0.3706356883049011,20.369943618774414,345.0,30.0,60.0,0.5829813480377197,0.4446576237678528,26.56060218811035
ev_000170,314.6480407714844,85.52415466308594,144.00856018066406,335.38409423828125,88.77728271484375,90.95858001708984,20.736053466796875,3.2531280517578125,46.38402557373047,105.0,15.0,45.0,16.344932556152344,6.0694451332092285,39.47406768798828
ev_000171,338.3990783691406,9.82713794708252,4.899810791015625,334.4827880859375,23.65581512451172,-3.54934024810791,3.916290283203125,0.5880866050720215,8.449151039123535,60.0,90.0,-105.0,8.399078369140625,0.8352918028831482,4.899810791015625
ev_000172,182.93594360351562,50.12905502319336,-149.9730682373047,253.12557983398438,33.271968841552734,-85.657470703125,4.669442653656006,6.706840515136719,41.68540573120117,225.0,30.0,-120.0,6.084715843200684,3.073662042617798,29.925823211669922
ev_000173,133.92141723632812,16.05714988708496,-25.045305252075195,242.3321533203125,83.50785827636719,-113.87393188476562,4.080236434936523,0.23220285773277283,9.258832931518555,120.0,15.0,-45.0,5.90358829498291,1.057149887084961,3.8865160942077637
ev_000174,1.0753597021102905,3.726414203643799,-65.469482421875,23.036088943481445,2.2358310222625732,-58.519187927246094,15.036832809448242,1.483038067817688,0.3809211552143097,270.0,15.0,-150.0,5.646434307098389,4.045815944671631,11.466203689575195
ev_000175,337.4575500488281,83.66619110107422,-155.1383056640625,292.3270568847656,86.84050750732422,-41.69603729248047,45.1304931640625,3.17431640625,20.63372802734375,30.0,30.0,-150.0,28.90378761291504,8.14370346069336,5.1383056640625
ev_000176,312.2687683105469,48.782501220703125,-82.11957550048828,304.9570617675781,48.75556564331055,-87.27352142333984,0.41988781094551086,0.026935577392578125,5.1539459228515625,135.0,45.0,-90.0,2.731231689453125,3.1685540676116943,7.880424499511719
ev_000177,243.1392059326172,3.5313937664031982,127.61865997314453,24.6372127532959,89.23345184326172,92.22187042236328,0.8306694626808167,1.1810725927352905,4.379158020019531,0.0,0.0,-120.0,4.53211784362793,2.7965242862701416,112.38134002685547
ev_000178,198.6880645751953,78.25507354736328,-154.97853088378906,54.91462326049805,84.23905181884766,-116.39804077148438,48.34593963623047,5.983978271484375,0.13753770291805267,75.0,15.0,-30.0,4.540638446807861,4.309454441070557,17.077651977539062
ev_000179,29.831024169921875,19.009998321533203,71.31581115722656,19.820173263549805,20.29596710205078,68.66753387451172,7.085721015930176,0.8778748512268066,1.364230751991272,30.0,15.0,75.0,0.168975830078125,3.4953556060791016,2.331024169921875
ev_000180,356.96771240234375,32.86452865600586,157.67984008789062,98.54780578613281,79.60091400146484,92.7850112915039,7.445961952209473,1.4942429065704346,16.03504180908203,315.0,15.0,120.0,1.8612455129623413,1.0592107772827148,23.233762741088867
ev_000181,154.5148162841797,73.76203155517578,106.61510467529297,310.2145690917969,28.516557693481445,58.98548889160156,10.080267906188965,5.445767879486084,0.9753262400627136,15.0,15.0,120.0,9.617706298828125,3.285428762435913,13.384895324707031
ev_000182,86.2034683227539,78.95565795898438,-101.95404815673828,288.7632751464844,8.432110786437988,-71.40657806396484,3.7773776054382324,3.055300712585449,9.247900009155273,330.0,15.0,-30.0,2.943958044052124,1.2202762365341187,1.1102652549743652
ev_000183,316.1778564453125,66.26429748535156,118.17001342773438,323.2626953125,67.71952056884766,97.09358215332031,7.0848388671875,1.4552230834960938,21.076431274414062,135.0,30.0,75.0,16.014266967773438,5.1433916091918945,19.671232223510742
ev_000184,37.61180114746094,2.240262031555176,25.253585815429688,24.179752349853516,12.282238006591797,11.779706954956055,0.2872643768787384,1.5334806442260742,10.004840850830078,0.0,0.0,-15.0,2.624885320663452,0.9555533528327942,40.25358581542969
ev_000185,252.7476806640625,52.72775650024414,-24.916406631469727,281.140380859375,61.92064666748047,-37.326576232910156,28.3927001953125,4.9292168617248535,6.143866062164307,45.0,45.0,-120.0,11.483839988708496,0.4890004098415375,19.99883460998535
ev_000186,136.36257934570312,20.98215103149414,177.4989776611328,317.53839111328125,15.440394401550293,3.6380245685577393,4.666617393493652,0.07265667617321014,36.37466049194336,330.0,15.0,15.0,3.208772659301758,2.94565486907959,35.4747200012207
ev_000187,168.01742553710938,71.62396240234375,8.18546199798584,6.196178913116455,81.50675964355469,-132.60145568847656,69.22483825683594,0.7278172373771667,20.626266479492188,180.0,30.0,15.0,1.514667272567749,0.32995086908340454,6.81453800201416
ev_000188,166.2318572998047,74.13601684570312,170.1340789794922,75.68803405761719,88.446044921875,-5.581985950469971,0.39196884632110596,3.906691551208496,11.427276611328125,75.0,90.0,-60.0,1.2318572998046875,9.486618041992188,9.865921020507812
ev_000189,143.94979858398438,55.485469818115234,-84.7671890258789,306.49560546875,34.04253005981445,-94.76101684570312,8.272627830505371,0.6054561734199524,2.023381233215332,150.0,60.0,-90.0,6.050201416015625,4.514530181884766,5.232810974121094
ev_000190,303.313232421875,82.93695831298828,-114.13252258300781,305.38092041015625,84.96721649169922,-112.254638671875,2.06768798828125,2.0302581787109375,1.8778839111328125,195.0,15.0,-15.0,2.9654581546783447,3.222075939178467,1.8594367504119873
ev_000191,101.27500915527344,17.61473274230957,-130.9907989501953,321.1227722167969,79.18778991699219,-59.993961334228516,2.5093681812286377,2.391758441925049,18.241701126098633,90.0,15.0,-135.0,7.639167785644531,2.6147327423095703,1.035754919052124
ev_000192,330.5296936035156,15.198673248291016,-127.61384582519531,347.4818420410156,18.08608627319336,-112.112548828125,1.4911613464355469,2.8874130249023438,2.4060909748077393,0.0,15.0,-105.0,6.369997024536133,0.19867324829101562,5.44740629196167
ev_000193,37.76114273071289,47.20982360839844,-17.45183563232422,293.1366271972656,14.774181365966797,-102.34461212158203,13.926382064819336,1.7111605405807495,33.51728057861328,270.0,15.0,-135.0,3.8231496810913086,2.168642997741699,0.8618940711021423
ev_000194,41.396419525146484,33.15995788574219,145.85824584960938,21.16774559020996,14.359614372253418,117.95127868652344,11.477666854858398,5.222988128662109,21.560897827148438,15.0,15.0,135.0,11.972152709960938,7.332477569580078,10.858245849609375
ev_000195,253.62496948242188,63.79145050048828,162.59848022460938,346.20733642578125,75.52217102050781,36.50837326049805,5.298120498657227,1.0864840745925903,0.4076882302761078,345.0,75.0,75.0,6.505456924438477,0.5643131136894226,28.591453552246094
ev_000196,103.06246185302734,31.894289016723633,-154.66468811035156,351.67205810546875,77.45230865478516,-64.63395690917969,0.5083591341972351,0.5193184018135071,2.118088483810425,150.0,15.0,-120.0,9.703779220581055,0.11447008699178696,21.724958419799805
ev_000197,262.4259338378906,81.86669921875,-156.9708709716797,255.76666259765625,89.47010803222656,-143.3766632080078,3.6116087436676025,7.6034088134765625,8.166714668273926,150.0,15.0,-15.0,7.9151153564453125,4.292335033416748,6.173055648803711
ev_000198,79.48565673828125,49.39824295043945,138.0880889892578,69.38481903076172,39.25609588623047,128.76467895507812,3.56520676612854,0.9112353324890137,9.323410034179688,60.0,30.0,120.0,6.532022476196289,4.816617488861084,18.088088989257812
ev_000199,278.4326477050781,74.79315185546875,-14.895242691040039,287.46282958984375,84.10469818115234,-21.67197608947754,7.3763508796691895,6.344761848449707,6.7767333984375,30.0,30.0,-165.0,8.50303840637207,6.926791191101074,0.7099047899246216
ev_000200,182.48487854003906,82.94392395019531,-73.59970092773438,14.951404571533203,86.2802734375,95.875,45.30281066894531,3.3363494873046875,106.02130889892578,60.0,15.0,-30.0,3.3374521732330322,0.3793961703777313,29.46461296081543
ev_000201,308.9444580078125,63.72128677368164,133.5589599609375,52.04811477661133,56.80784225463867,18.885820388793945,2.4960556030273438,6.913444519042969,11.780755996704102,330.0,75.0,105.0,21.0555419921875,11.27871322631836,10.369837760925293
ev_000202,243.07955932617188,68.25220489501953,118.49580383300781,69.5869140625,22.875062942504883,93.34315490722656,2.879565954208374,1.0861353874206543,25.15264892578125,75.0,15.0,90.0,11.920440673828125,6.747795104980469,28.495803833007812
ev_000203,0.5589096546173096,62.89518737792969,20.270553588867188,3.123835802078247,64.39468383789062,8.765727043151855,2.5649261474609375,1.4994964599609375,2.749305009841919,15.0,30.0,15.0,10.928606986999512,10.52761173248291,5.2705535888671875
ev_000204,286.87225341796875,74.60188293457031,-1.8410841226577759,279.10064697265625,68.93806457519531,-2.5280611515045166,7.351574897766113,0.5840935111045837,0.6869770288467407,270.0,30.0,-15.0,4.29694938659668,5.660497188568115,13.158915519714355
ev_000205,306.2530517578125,71.1187515258789,107.3392333984375,86.55177307128906,23.0007381439209,50.40288162231445,2.2424845695495605,1.358455777168274,1.4718000888824463,120.0,15.0,75.0,9.251038551330566,4.403736114501953,13.372102737426758
ev_000206,234.6350860595703,84.0264892578125,29.625045776367188,291.40301513671875,13.027456283569336,14.643265724182129,45.87272262573242,2.706702947616577,14.981780052185059,330.0,15.0,45.0,38.642112731933594,4.571779727935791,15.374954223632812
ev_000207,153.93438720703125,82.03144073486328,-102.56987762451172,23.907608032226562,6.504374980926514,-58.08855056762695,8.156375885009766,2.4505414962768555,9.120938301086426,0.0,0.0,-60.0,32.06398391723633,7.968559265136719,12.569877624511719
ev_000208,331.1390380859375,6.900730133056641,-143.84573364257812,24.92160415649414,89.90042114257812,91.9225082397461,53.78256607055664,3.965158462524414,87.3843765258789,0.0,0.0,-120.0,28.8609619140625,4.064737319946289,5.581244945526123
ev_000209,117.63675689697266,36.437381744384766,-34.690067291259766,234.23098754882812,70.02925109863281,-110.19993591308594,2.517469882965088,0.2135211080312729,11.059409141540527,60.0,15.0,-75.0,12.252547264099121,5.279715538024902,27.292213439941406
ev_000210,37.14702224731445,35.595027923583984,4.140942573547363,68.03646850585938,0.6719781756401062,20.012983322143555,14.246929168701172,2.178889036178589,15.872040748596191,195.0,15.0,150.0,10.369603157043457,5.026614665985107,24.475828170776367
ev_000211,168.6320037841797,50.24808120727539,93.2072982788086,342.919189453125,40.44419860839844,96.86690521240234,0.7047635912895203,0.3428442180156708,1.9709558486938477,0.0,30.0,105.0,5.824127674102783,9.859696388244629,4.650496959686279
ev_000212,204.31919860839844,84.01358032226562,170.072021484375,285.3943176269531,85.20600128173828,6.3140130043029785,9.454696655273438,0.3054151237010956,0.23726128041744232,180.0,30.0,165.0,12.300673484802246,1.4490525722503662,5.072021484375
ev_000213,100.56865692138672,16.516090393066406,-101.734619140625,290.530029296875,75.76220703125,-87.71603393554688,0.7502113580703735,1.9235464334487915,1.1671172380447388,75.0,15.0,-120.0,6.925917625427246,1.5160903930664062,4.179656982421875
ev_000214,275.2216491699219,3.7158663272857666,-114.19495391845703,23.104385375976562,8.401813507080078,-5.616645812988281,0.8005809783935547,2.569664239883423,9.886747360229492,0.0,0.0,-30.0,24.778350830078125,3.3890509605407715,1.5246994495391846
ev_000215,193.89230346679688,66.09977722167969,-112.17919921875,37.31281280517578,21.377634048461914,-68.15968322753906,0.13345350325107574,4.123837471008301,13.893688201904297,45.0,30.0,-60.0,2.5823709964752197,1.758683443069458,6.077085494995117
ev_000216,144.6825714111328,30.389219284057617,-15.92386245727539,253.6044158935547,86.18116760253906,-77.55950927734375,5.0956130027771,4.159046649932861,41.86088562011719,15.0,15.0,-135.0,7.515830039978027,2.5674116611480713,15.579606056213379
ev_000217,216.0349884033203,7.4576096534729,-45.854331970214844,352.3949279785156,82.85281372070312,-126.51213073730469,0.7488859295845032,1.8031713962554932,31.302886962890625,165.0,90.0,105.0,38.96501159667969,5.344015121459961,45.854331970214844
ev_000218,358.3179016113281,14.393351554870605,-70.1695785522461,319.33282470703125,11.886007308959961,-90.40431213378906,18.151203155517578,1.6373733282089233,4.571279525756836,285.0,15.0,-135.0,6.9042253494262695,0.6066484451293945,9.101838111877441
ev_000219,86.19061279296875,88.36260223388672,-33.900489807128906,78.38958740234375,76.58077239990234,-16.931785583496094,4.859801292419434,11.781829833984375,12.031331062316895,210.0,15.0,-150.0,4.661961078643799,5.798074245452881,28.02749252319336
ev_000220,291.3984680175781,14.571490287780762,-15.523293495178223,7.642235279083252,76.49748992919922,-62.44712448120117,28.803203582763672,9.641722679138184,41.61428451538086,0.0,0.0,60.0,36.445438385009766,3.8607876300811768,14.061408042907715
ev_000221,319.03436279296875,50.52082824707031,134.28321838378906,81.96269226074219,66.54266357421875,49.59890365600586,0.17232078313827515,4.834890365600586,0.11586034297943115,285.0,30.0,120.0,10.825080871582031,7.884559154510498,14.283218383789062
ev_000222,181.41973876953125,31.282167434692383,-26.070810317993164,299.0097961425781,75.59825897216797,-115.11186218261719,0.36362138390541077,1.2104897499084473,3.512202262878418,165.0,15.0,-45.0,4.895801067352295,2.645960807800293,17.89548110961914
ev_000223,329.2507019042969,50.083194732666016,-173.29342651367188,52.51470947265625,87.3116455078125,69.47596740722656,13.877293586730957,2.450582265853882,14.334676742553711,0.0,0.0,-135.0,30.749298095703125,5.138936996459961,38.293426513671875
ev_000224,295.4429626464844,15.667014122009277,-48.69765090942383,246.63829040527344,3.4498555660247803,-98.73939514160156,2.330660581588745,8.295008659362793,1.7482943534851074,195.0,15.0,-150.0,2.789928674697876,0.6670141220092773,23.552003860473633
ev_000225,4.397058010101318,55.664451599121094,-115.18299102783203,2.1347954273223877,61.886844635009766,-107.09113311767578,2.2622625827789307,6.222393035888672,3.105100393295288,195.0,30.0,-75.0,6.589181900024414,5.456454277038574,16.6842098236084
ev_000226,95.70732879638672,74.13009643554688,169.21871948242188,100.15753173828125,85.14505767822266,135.8468780517578,4.450202941894531,5.5107741355896,9.38886833190918,105.0,75.0,120.0,9.292671203613281,0.869903564453125,12.04644775390625
ev_000227,73.25298309326172,69.3743667602539,-115.2293472290039,282.2394104003906,19.323158264160156,-48.12596893310547,14.543079376220703,6.361656188964844,6.6804327964782715,285.0,15.0,-60.0,0.8795391321182251,7.673093795776367,17.59860610961914
ev_000228,249.30955505371094,11.297491073608398,166.99142456054688,352.4085693359375,87.67792510986328,89.5805435180664,0.3341673016548157,0.20532818138599396,10.595280647277832,0.0,0.0,-75.0,7.07440185546875,2.5274031162261963,103.00857543945312
ev_000229,179.6954345703125,61.841552734375,-118.63925170898438,45.33993148803711,32.775001525878906,-49.10411834716797,0.2046373039484024,4.003840923309326,0.94655442237854,30.0,30.0,-60.0,3.3855020999908447,2.4995410442352295,11.842435836791992
ev_000230,128.18634033203125,71.15642547607422,-22.259004592895508,326.6581115722656,86.94729614257812,28.993011474609375,9.250792503356934,7.940341949462891,23.730825424194336,255.0,15.0,-165.0,22.302841186523438,15.002609252929688,5.241754055023193
ev_000231,353.3060302734375,55.57444381713867,-142.44345092773438,316.2148742675781,63.91867446899414,-92.80746459960938,37.091156005859375,4.103394985198975,43.440956115722656,210.0,45.0,-60.0,2.537550687789917,3.3356876373291016,19.155118942260742
ev_000232,320.761962890625,58.46533203125,-161.68226623535156,45.64399337768555,88.22355651855469,69.96754455566406,9.977651596069336,13.761336326599121,23.491193771362305,345.0,15.0,-150.0,4.913980484008789,8.102307319641113,11.682266235351562
ev_000233,90.6982192993164,8.687593460083008,140.75595092773438,52.42311096191406,7.934444904327393,102.18709564208984,0.5030767321586609,0.7531485557556152,5.063531875610352,75.0,15.0,120.0,4.513812065124512,6.312406539916992,0.881906270980835
ev_000234,137.64845275878906,62.02894973754883,-123.552978515625,321.1732482910156,22.448530197143555,-77.37391662597656,10.099299430847168,6.093814373016357,28.392484664916992,315.0,30.0,-75.0,19.840576171875,0.9080437421798706,25.054197311401367
ev_000235,221.6612548828125,42.62139129638672,-127.88609313964844,235.2139434814453,40.919410705566406,-107.15007781982422,10.830750465393066,1.7019805908203125,15.133234024047852,210.0,45.0,-120.0,11.6612548828125,2.3786087036132812,2.9062325954437256
ev_000236,131.87503051757812,45.2537841796875,82.00015258789062,117.67725372314453,43.09927749633789,79.68091583251953,11.486028671264648,2.1545066833496094,1.5230201482772827,135.0,45.0,90.0,3.124969482421875,0.2537841796875,7.992583274841309
ev_000237,175.54612731933594,31.38051414489746,-25.073822021484375,292.0162658691406,75.66722106933594,-112.62773895263672,4.23585844039917,1.5841929912567139,6.291027069091797,150.0,15.0,-45.0,3.312836170196533,2.2032954692840576,18.190183639526367
ev_000238,90.70574951171875,24.90131187438965,161.60740661621094,14.100320816040039,87.04744720458984,-53.37709426879883,17.35877227783203,4.682018756866455,23.3341064453125,90.0,15.0,165.0,0.70574951171875,3.7936060428619385,3.3925933837890625
ev_000239,138.88418579101562,38.24574661254883,-66.01907348632812,300.38323974609375,54.70256042480469,-94.68199157714844,10.433758735656738,0.8534039258956909,13.08121395111084,120.0,30.0,-90.0,10.643047332763672,4.444035530090332,17.76320457458496
ev_000240,19.293825149536133,39.32201385498047,-100.4814453125,17.85413932800293,42.81058120727539,-101.59998321533203,0.7429273724555969,3.192594289779663,1.1185379028320312,15.0,45.0,-105.0,3.010180711746216,4.536318778991699,4.5185546875
ev_000241,52.6031608581543,31.877668380737305,-128.3048553466797,277.4323425292969,72.16351318359375,-92.71797180175781,1.9007540941238403,6.646213054656982,12.69739818572998,105.0,15.0,-90.0,9.468411445617676,9.48270034790039,21.080890655517578
ev_000242,145.617919921875,79.30911254882812,-33.07268524169922,329.906494140625,12.17585563659668,-103.18594360351562,17.767009735107422,1.1592272520065308,54.10955047607422,330.0,15.0,-105.0,19.88616943359375,3.7866246700286865,52.960182189941406
ev_000243,234.5536346435547,3.1104581356048584,-108.07115173339844,318.6269836425781,2.219327688217163,-25.039949417114258,1.0007389783859253,0.8911304473876953,2.9766345024108887,0.0,0.0,15.0,20.446365356445312,2.956885576248169,0.9657148122787476
ev_000244,1.085270643234253,55.26100158691406,-73.16828918457031,1.2654472589492798,59.16212463378906,-75.2378921508789,0.18017661571502686,3.901123046875,0.44870784878730774,165.0,30.0,-105.0,1.1068531274795532,5.8599042892456055,7.6640729904174805
ev_000245,109.9137954711914,3.5288074016571045,62.494911193847656,340.99359130859375,86.7837905883789,79.78009796142578,23.530141830444336,0.08668627589941025,11.851224899291992,0.0,0.0,-45.0,2.4634501934051514,3.1295230388641357,107.49491119384766
ev_000246,117.02721405029297,20.789287567138672,22.343555450439453,5.921658039093018,85.24382781982422,80.94116973876953,0.08590155839920044,2.998445987701416,28.407384872436523,240.0,15.0,135.0,7.999467372894287,2.790672540664673,25.651445388793945
ev_000247,88.01631164550781,85.44337463378906,104.4224853515625,89.92212677001953,86.4140396118164,78.87640380859375,1.9058151245117188,0.9706649780273438,25.54608154296875,315.0,15.0,135.0,0.9907155632972717,0.11060359328985214,25.15106773376465
ev_000248,94.64099884033203,63.353614807128906,35.56596755981445,85.73310089111328,72.8812255859375,40.41128158569336,5.197293281555176,6.960047245025635,4.845314025878906,75.0,75.0,75.0,19.64099884033203,11.646385192871094,14.324545860290527
ev_000249,199.0897674560547,5.087162494659424,130.6956329345703,66.56080627441406,8.991264343261719,9.238276481628418,10.84818172454834,2.4171504974365234,12.198562622070312,90.0,15.0,30.0,7.429733753204346,3.58062481880188,16.38636589050293
ev_000250,168.09970092773438,86.38163757324219,-65.65546417236328,352.3634033203125,88.3624267578125,71.96321105957031,8.692362785339355,1.9807891845703125,13.996719360351562,0.0,0.0,-75.0,78.95964050292969,3.6183624267578125,9.344535827636719
ev_000251,95.92073059082031,16.771289825439453,-66.00206756591797,247.7705078125,74.187255859375,-98.4164810180664,0.3512016832828522,0.5283892750740051,1.4286631345748901,105.0,15.0,-60.0,3.148477077484131,1.7712898254394531,0.6429223418235779
ev_000252,276.6361389160156,59.87603759765625,131.9893341064453,14.791403770446777,60.28898239135742,42.60002136230469,16.34593391418457,0.4129447937011719,1.6638647317886353,240.0,45.0,120.0,15.01146125793457,2.2460110187530518,11.989334106445312
ev_000253,14.284801483154297,30.498199462890625,43.38996505737305,6.186190605163574,27.376554489135742,38.043487548828125,3.7290091514587402,3.121644973754883,0.9857844710350037,255.0,75.0,105.0,9.879097938537598,5.404158592224121,2.6030077934265137
ev_000254,297.1084289550781,23.9863338470459,179.60841369628906,30.796579360961914,89.34452056884766,99.57601165771484,3.3303797245025635,0.496293306350708,33.56184768676758,0.0,0.0,-120.0,2.5338003635406494,0.15918613970279694,60.39158630371094
ev_000255,329.28955078125,46.05574417114258,94.01174926757812,209.77484130859375,49.69845199584961,85.60356140136719,66.2561264038086,3.589797258377075,0.2447357475757599,330.0,45.0,105.0,0.71044921875,0.8647387027740479,10.359115600585938
ev_000256,76.99832916259766,18.97577476501465,81.04106903076172,93.03768920898438,18.405418395996094,86.37569427490234,10.393791198730469,0.36830297112464905,1.8600610494613647,105.0,15.0,105.0,3.0328774452209473,3.9757747650146484,4.991800308227539
ev_000257,345.7236022949219,88.08062744140625,68.3620834350586,344.6207275390625,89.36968231201172,91.12789154052734,1.102874755859375,1.2890548706054688,22.76580810546875,0.0,0.0,-75.0,0.723602294921875,1.91937255859375,95.19290161132812
ev_000258,104.21043395996094,2.148749589920044,-21.920366287231445,29.95146369934082,88.31419372558594,117.3988037109375,18.989492416381836,0.8838021159172058,25.579792022705078,135.0,15.0,15.0,30.789566040039062,3.03896164894104,36.92036437988281
ev_000259,193.26058959960938,41.95602798461914,-115.54370880126953,35.874053955078125,49.30365753173828,-84.67803192138672,10.113384246826172,0.9733267426490784,15.867101669311523,210.0,30.0,-105.0,1.2046852111816406,8.221247673034668,10.543708801269531
ev_000260,221.17283630371094,60.74055099487305,161.54949951171875,323.85906982421875,77.0117416381836,73.56114959716797,3.4245805740356445,3.0397136211395264,20.731233596801758,195.0,15.0,135.0,8.572538375854492,5.4826812744140625,26.54949951171875
ev_000261,282.7196350097656,43.593204498291016,110.24559783935547,76.88638305664062,56.498722076416016,77.00455474853516,1.1545954942703247,6.809469699859619,1.4814079999923706,270.0,30.0,105.0,2.9239113330841064,11.43165397644043,5.245597839355469
ev_000262,3.075040340423584,65.53787994384766,-129.48423767089844,353.1726989746094,70.46814727783203,-142.08250427246094,2.184964418411255,4.930267333984375,11.369597434997559,210.0,30.0,-60.0,6.76510763168335,1.1967861652374268,23.382123947143555
ev_000263,165.64695739746094,6.472397327423096,15.301820755004883,58.442893981933594,89.12633514404297,113.48848724365234,1.995241641998291,0.8310457468032837,13.110692024230957,60.0,90.0,105.0,0.4381355941295624,1.704710602760315,8.755209922790527
ev_000264,18.922361373901367,76.2951431274414,-120.91854858398438,15.419890403747559,75.83694458007812,-92.64517211914062,3.5024709701538086,0.45819854736328125,28.27337646484375,15.0,75.0,-90.0,3.922361373901367,1.2951431274414062,30.918548583984375
ev_000265,253.91517639160156,66.40270233154297,-54.156005859375,254.3389892578125,70.4437026977539,-54.92290496826172,0.4238128662109375,2.485809803009033,0.7668991088867188,255.0,75.0,-75.0,1.0848236083984375,8.597297668457031,9.270649909973145
ev_000266,245.36636352539062,22.849884033203125,-91.57240295410156,269.6814880371094,23.873849868774414,-67.61695861816406,1.6358639001846313,0.8639482855796814,7.994208812713623,255.0,15.0,-75.0,7.576681613922119,7.849884033203125,2.394727945327759
ev_000267,314.9541931152344,39.1721076965332,69.75737762451172,314.1881103515625,41.071533203125,65.7506332397461,0.766082763671875,0.4560815095901489,3.9500224590301514,315.0,45.0,75.0,0.045806884765625,5.827892303466797,1.2327126264572144
ev_000268,95.24907684326172,22.794086456298828,-111.82504272460938,298.3851013183594,67.61164093017578,-73.1109390258789,0.34430208802223206,1.3095661401748657,8.009291648864746,105.0,30.0,-105.0,3.4627203941345215,7.205913543701172,0.38098862767219543
ev_000269,284.13385009765625,52.186248779296875,43.4305534362793,299.55059814453125,37.49940490722656,70.91461944580078,15.416748046875,2.2244060039520264,27.484066009521484,300.0,45.0,60.0,4.771607875823975,0.05250731483101845,16.5341739654541
ev_000270,125.6331558227539,38.33506393432617,-15.766521453857422,42.0576171875,87.97618865966797,94.78559875488281,29.295673370361328,7.678873062133789,38.72230911254883,90.0,15.0,-45.0,4.1136956214904785,0.8426060080528259,26.542415618896484
ev_000271,98.21783447265625,69.04801940917969,-176.42677307128906,5.758596420288086,84.88369750976562,-15.318473815917969,1.0599428415298462,1.77961266040802,1.7304860353469849,135.0,15.0,-150.0,8.913919448852539,4.098782539367676,26.426773071289062
ev_000272,90.9051513671875,54.50059509277344,-178.10848999023438,346.5596923828125,83.26327514648438,-38.92071533203125,8.934255599975586,3.102587938308716,3.406545877456665,120.0,15.0,-150.0,1.0460764169692993,5.8956475257873535,28.108489990234375
ev_000273,213.0506591796875,25.665586471557617,27.15871238708496,92.14421081542969,79.36280059814453,105.94718170166016,1.9554851055145264,0.7652707099914551,7.197391986846924,225.0,15.0,30.0,7.617910861968994,3.9669978618621826,2.841287612915039
ev_000274,311.0764465332031,80.80750274658203,-13.275238990783691,315.0998840332031,87.56925201416016,-33.171180725097656,3.452939748764038,6.761749267578125,6.537159442901611,75.0,15.0,-165.0,19.412734985351562,5.351531505584717,5.559602737426758
ev_000275,150.05653381347656,6.585668563842773,-61.632198333740234,306.4239501953125,88.98619079589844,-100.15946960449219,4.894089221954346,3.6237308979034424,7.019715785980225,60.0,15.0,-150.0,0.6772870421409607,1.6435308456420898,15.303487777709961
ev_000276,321.804443359375,47.589385986328125,109.34806060791016,328.3202819824219,43.35696029663086,86.49870300292969,6.515838623046875,0.8454470634460449,16.047739028930664,120.0,45.0,75.0,1.0508723258972168,0.668903112411499,4.837242126464844
ev_000277,31.979467391967773,51.801513671875,133.89401245117188,64.02794647216797,62.97880935668945,108.94886779785156,32.04847717285156,7.472728729248047,8.897637367248535,240.0,30.0,75.0,45.2126579284668,5.614825248718262,26.383560180664062
ev_000278,302.5611572265625,13.26779842376709,-156.64898681640625,16.476919174194336,78.493896484375,103.08966064453125,42.666358947753906,4.093426704406738,100.2613525390625,345.0,15.0,-120.0,6.098484039306641,1.7322015762329102,4.584354400634766
ev_000279,315.4325866699219,34.31771469116211,-84.8840560913086,322.3701477050781,30.728391647338867,-79.26539611816406,0.6871016621589661,3.589323043823242,2.8346986770629883,330.0,30.0,-75.0,3.561854839324951,4.317714691162109,5.015538215637207
ev_000280,296.5162658691406,36.355621337890625,-113.56597137451172,316.5356750488281,33.65989303588867,-97.86526489257812,1.0027393102645874,0.3892963230609894,11.191584587097168,150.0,60.0,-90.0,5.043600559234619,2.9124138355255127,16.398298263549805
ev_000281,272.8172302246094,36.82354736328125,-178.85450744628906,2.802220106124878,89.05847930908203,80.7523422241211,5.777881145477295,0.25499603152275085,6.9845123291015625,0.0,0.0,-90.0,87.18276977539062,0.6865246891975403,36.81805419921875
ev_000282,265.3666076660156,7.998971462249756,-24.144079208374023,319.625,6.820183753967285,28.849905014038086,54.258392333984375,0.021900523453950882,52.99398422241211,0.0,0.0,75.0,19.302278518676758,3.2629857063293457,7.307137966156006
ev_000283,229.08297729492188,66.64400482177734,-74.00312042236328,233.5909423828125,68.55573272705078,-100.37679290771484,4.507965087890625,1.9117279052734375,8.637925148010254,60.0,15.0,-90.0,10.917022705078125,8.355995178222656,15.996879577636719
ev_000284,69.8111801147461,33.90644454956055,-31.563222885131836,63.961952209472656,31.736663818359375,-37.62036895751953,0.37807077169418335,1.7517139911651611,3.6998627185821533,30.0,15.0,-60.0,7.693614482879639,4.024859428405762,22.169103622436523
ev_000285,227.42503356933594,18.24534034729004,-111.2843017578125,263.5425109863281,15.436620712280273,-73.35308074951172,3.419127941131592,2.1870615482330322,9.823046684265137,285.0,15.0,-60.0,4.404510498046875,3.245340347290039,13.65356159210205
ev_000286,45.53058624267578,50.78017807006836,-29.899524688720703,16.30712890625,26.148311614990234,-51.11341857910156,1.1422641277313232,2.655565023422241,21.21389389038086,0.0,15.0,-60.0,6.37832498550415,9.764832496643066,30.100475311279297
ev_000287,139.80270385742188,43.03692626953125,-77.10269927978516,304.54925537109375,44.756202697753906,-107.8315200805664,2.1412997245788574,0.38607415556907654,3.9922542572021484,150.0,45.0,-75.0,6.838473320007324,1.3778541088104248,2.1026992797851562
ev_000288,295.3558654785156,35.70574951171875,-149.5863494873047,314.14996337890625,27.41252899169922,-128.92613220214844,3.423823118209839,3.8029518127441406,13.742713928222656,330.0,15.0,-120.0,0.9974571466445923,4.232146263122559,24.16086769104004
ev_000289,218.70004272460938,16.953325271606445,-55.212623596191406,1.1015636920928955,77.59954833984375,-106.20806884765625,1.6093590259552002,1.455262541770935,6.341805934906006,210.0,15.0,-60.0,3.5784006118774414,0.9031745791435242,2.235522747039795
ev_000290,66.10974884033203,89.76800537109375,-63.038883209228516,346.99090576171875,1.976304292678833,5.656698226928711,79.11884307861328,0.03723311051726341,68.6955795288086,0.0,0.0,15.0,66.10974884033203,0.23199462890625,26.961116790771484
ev_000291,336.1949157714844,3.8696396350860596,-59.98253631591797,46.24079513549805,1.328711986541748,4.545073986053467,24.49797821044922,2.5409276485443115,64.5276107788086,0.0,0.0,-30.0,23.805084228515625,3.349977970123291,1.938050389289856
ev_000292,181.58164978027344,57.53527069091797,107.11492156982422,323.5055847167969,33.76674270629883,58.90855407714844,2.1187217235565186,2.491551399230957,1.9333068132400513,345.0,30.0,75.0,0.6104739308357239,3.585635185241699,8.616141319274902
ev_000293,145.97158813476562,33.015716552734375,-13.109347343444824,61.44129943847656,89.61042022705078,98.12364196777344,8.196885108947754,6.709287643432617,15.86418628692627,0.0,0.0,-165.0,70.97158813476562,7.098867416381836,32.328216552734375
ev_000294,86.7270278930664,88.1867446899414,-98.67231750488281,32.17497253417969,1.4084811210632324,33.71846008300781,47.167808532714844,1.0314444303512573,45.57582473754883,0.0,0.0,0.0,14.992836952209473,1.8132553100585938,8.672317504882812
ev_000295,299.9604797363281,81.85069274902344,22.06937599182129,298.0485534667969,83.64556884765625,14.756085395812988,0.29245755076408386,1.7948760986328125,2.2146389484405518,195.0,30.0,165.0,1.8961663246154785,0.7138350009918213,6.216069221496582
ev_000296,305.474365234375,82.4867935180664,-39.43013381958008,312.5922546386719,88.30792999267578,-81.60697174072266,7.117889404296875,5.821136474609375,1.751528024673462,0.0,0.0,135.0,41.61113739013672,7.513206481933594,50.56986618041992
ev_000297,338.1770324707031,62.268463134765625,-149.06475830078125,250.26300048828125,67.70420837402344,-50.161502838134766,17.66883659362793,4.770542621612549,1.6867674589157104,30.0,30.0,-135.0,26.512441635131836,6.361523151397705,14.06475830078125
ev_000298,335.0766296386719,37.44013214111328,-67.9509506225586,320.5086669921875,36.749671936035156,-75.79601287841797,5.072394371032715,0.690460205078125,5.6533308029174805,315.0,30.0,-75.0,10.242132186889648,5.416996955871582,7.049049377441406
ev_000299,155.3380584716797,51.630126953125,70.59941101074219,8.133298873901367,40.89616775512695,110.78423309326172,3.2273342609405518,0.6294422745704651,1.976168155670166,15.0,45.0,105.0,10.094035148620605,2.6890714168548584,4.8897705078125
ev_000300,87.66951751708984,83.75023651123047,45.2312126159668,88.12150573730469,84.31910705566406,76.4090576171875,0.45198822021484375,0.5688705444335938,14.105196952819824,345.0,15.0,165.0,1.8413012027740479,2.4087977409362793,6.161044120788574
ev_000301,265.45599365234375,4.22955846786499,118.1929931640625,57.029571533203125,87.60513305664062,87.04948425292969,0.16831664741039276,0.4301033020019531,0.9494668841362,300.0,15.0,150.0,1.9495381116867065,3.7084603309631348,11.063264846801758
ev_000302,274.62274169921875,46.1400146484375,-110.24176788330078,282.6524963378906,43.064273834228516,-112.8001480102539,8.029754638671875,3.0757408142089844,0.10888758301734924,285.0,45.0,-105.0,3.1091978549957275,0.508399248123169,5.241767883300781
ev_000303,303.5148010253906,22.50589942932129,66.59654235839844,289.0591125488281,18.533138275146484,71.77396392822266,14.4556884765625,2.9939494132995605,3.3600001335144043,300.0,15.0,60.0,2.2500343322753906,7.505899429321289,1.7149323225021362
ev_000304,164.19236755371094,18.049209594726562,51.87771987915039,24.438255310058594,76.80438995361328,123.36741638183594,0.7115724682807922,0.9120479226112366,21.992881774902344,165.0,15.0,45.0,0.8076324462890625,3.0492095947265625,0.6459510922431946
ev_000305,302.2888488769531,31.34624671936035,-113.79360961914062,313.5101013183594,25.207977294921875,-111.09667205810547,7.008902549743652,5.010881423950195,2.6969375610351562,150.0,75.0,-90.0,0.404962956905365,13.424044609069824,13.806485176086426
ev_000306,18.890613555908203,9.573362350463867,-77.23989868164062,19.507699966430664,2.596618413925171,-80.35224914550781,0.6170864105224609,6.774921894073486,1.6979174613952637,330.0,15.0,-120.0,5.088841438293457,3.617748737335205,5.129361152648926
ev_000307,220.46774291992188,60.24599075317383,-139.9400634765625,54.92421340942383,29.077110290527344,-70.29705047607422,7.825016498565674,2.5259575843811035,33.541770935058594,60.0,30.0,-60.0,14.15781021118164,4.095102787017822,23.244722366333008
ev_000308,274.5648498535156,68.84442138671875,17.880895614624023,273.24530029296875,78.07183837890625,14.061840057373047,1.319549560546875,2.8871541023254395,3.8190555572509766,285.0,30.0,15.0,4.012176036834717,9.203852653503418,2.8808956146240234
ev_000309,171.30043029785156,33.44947052001953,-105.4374771118164,11.878662109375,62.01670837402344,-78.8501968383789,2.206782817840576,3.4942822456359863,1.1764370203018188,180.0,30.0,-105.0,7.578850269317627,3.215242624282837,0.43747711181640625
ev_000310,10.646830558776855,54.80965042114258,-141.67034912109375,260.48095703125,63.10488510131836,-57.67285919189453,4.328826904296875,3.558542013168335,5.156838417053223,60.0,30.0,-120.0,17.53793716430664,4.794750690460205,21.67034912109375
ev_000311,17.813434600830078,16.444385528564453,-142.3236541748047,257.0110168457031,81.67169952392578,-91.0824966430664,5.72273063659668,1.6352334022521973,5.79548978805542,90.0,15.0,-75.0,3.2076239585876465,1.4443855285644531,1.8509217500686646
ev_000312,138.46604919433594,31.041053771972656,168.43202209472656,14.71890640258789,0.25882208347320557,41.94546890258789,4.360509395599365,5.762215614318848,17.53044319152832,0.0,0.0,30.0,1.5867811441421509,5.935218334197998,29.47591209411621
ev_000313,181.25668334960938,19.71955680847168,-164.88107299804688,296.7080078125,11.826582908630371,-52.50065612792969,1.626192569732666,4.3088908195495605,18.41217803955078,0.0,0.0,15.0,73.74331665039062,5.04891300201416,19.08716583251953
ev_000314,357.2642822265625,56.829505920410156,-170.50376892089844,264.458251953125,84.95235443115234,-52.671165466308594,2.4231996536254883,2.890164375305176,1.208802342414856,45.0,15.0,-135.0,8.957921028137207,2.607480525970459,35.50376892089844
ev_000315,264.601318359375,40.02350997924805,1.7475115060806274,356.4678955078125,87.16866302490234,-122.55046844482422,2.5584805011749268,1.7076112031936646,6.999335765838623,0.0,90.0,-105.0,5.398681640625,1.1237257719039917,1.7475115060806274
ev_000316,119.3387222290039,10.638768196105957,-135.75975036621094,345.2496337890625,86.31607055664062,-83.76654052734375,0.3452450633049011,3.40179705619812,1.4311442375183105,120.0,15.0,-135.0,0.39809396862983704,3.144975423812866,0.7597503662109375
ev_000317,49.1475715637207,47.12052917480469,135.82879638671875,17.63129425048828,31.687915802001953,122.8709716796875,12.196954727172852,4.524571418762207,12.95782470703125,0.0,30.0,105.0,9.806462287902832,1.8253264427185059,29.184415817260742
ev_000318,342.1559143066406,65.6379623413086,101.04707336425781,334.774658203125,63.839630126953125,79.92269134521484,7.381256103515625,1.2961703538894653,8.55992317199707,165.0,30.0,90.0,2.844085693359375,3.3901455402374268,11.047073364257812
ev_000319,4.701680660247803,58.62716293334961,108.36470031738281,352.72088623046875,54.250797271728516,100.43478393554688,3.047696352005005,1.1718803644180298,7.9299163818359375,165.0,30.0,75.0,2.509557008743286,2.4937429428100586,9.865920066833496
ev_000320,13.641805648803711,16.965892791748047,118.91637420654297,4.119449138641357,16.772628784179688,117.15474700927734,7.693284511566162,0.07969820499420166,0.5593016147613525,165.0,75.0,90.0,1.36625337600708,0.20138892531394958,8.39152717590332
ev_000321,175.41122436523438,4.708792686462402,157.60781860351562,51.997745513916016,2.886462450027466,37.9617919921875,3.6640334129333496,0.016961367800831795,6.631638526916504,105.0,90.0,-75.0,19.588775634765625,1.7920608520507812,22.392181396484375
ev_000322,79.69739532470703,57.10285949707031,140.8289337158203,83.51703643798828,59.27336120605469,124.71138000488281,3.81964111328125,1.3026589155197144,6.387080192565918,225.0,45.0,60.0,4.534125328063965,4.864103317260742,20.159324645996094
ev_000323,125.63892364501953,46.78457260131836,42.98776626586914,8.813047409057617,76.48210906982422,134.21524047851562,5.722594738006592,0.9609675407409668,6.312790393829346,150.0,30.0,45.0,16.01615333557129,9.091353416442871,2.0122337341308594
ev_000324,272.4353942871094,19.42194938659668,105.91790771484375,73.54129791259766,73.44558715820312,111.54688262939453,2.0685904026031494,2.09472918510437,5.628974914550781,225.0,15.0,60.0,0.2575894892215729,4.42194938659668,8.2871675491333
ev_000325,91.51734924316406,23.746349334716797,126.67146301269531,23.23810386657715,19.719369888305664,71.73567199707031,9.831775665283203,0.1555570363998413,3.543149948120117,30.0,15.0,75.0,6.885818004608154,4.366062641143799,0.2788218855857849
ev_000326,304.4245300292969,4.237796783447266,-64.53401947021484,354.79766845703125,13.354142189025879,-14.753059387207031,0.27095332741737366,0.45348915457725525,11.104059219360352,330.0,15.0,-45.0,5.109424591064453,6.719881057739258,8.90372371673584
ev_000327,348.130615234375,14.629584312438965,-10.349742889404297,350.41461181640625,17.754785537719727,-14.310955047607422,2.28399658203125,1.7221784591674805,2.8354179859161377,345.0,15.0,-15.0,1.359099268913269,0.37041568756103516,0.10928980261087418
ev_000328,163.10824584960938,71.09061431884766,-177.98214721679688,80.89340209960938,82.81818389892578,-27.533828735351562,8.439329147338867,5.272903919219971,6.069825172424316,180.0,30.0,-165.0,4.4816131591796875,5.526559829711914,12.982147216796875
ev_000329,147.03578186035156,71.38813018798828,-86.77201080322266,308.54888916015625,17.67563819885254,-106.21068572998047,1.518147349357605,1.2043095827102661,1.855877161026001,150.0,75.0,-90.0,2.9642181396484375,3.6118698120117188,3.2279891967773438
ev_000330,52.75742721557617,15.781562805175781,-90.42671966552734,235.93533325195312,76.28955078125,-84.27134704589844,2.7344720363616943,0.9436155557632446,5.608053207397461,75.0,15.0,-75.0,6.295048713684082,0.7815628051757812,3.5404112339019775
ev_000331,144.74234008789062,4.901935577392578,128.65887451171875,76.77840423583984,7.99611759185791,64.77890014648438,3.765044689178467,3.094182014465332,6.492166519165039,0.0,0.0,-15.0,0.9810113906860352,3.825993299484253,101.93328857421875
ev_000332,186.00247192382812,20.56063461303711,61.287540435791016,44.73820114135742,74.8895492553711,72.28147888183594,8.40670108795166,2.567552328109741,10.993938446044922,270.0,30.0,120.0,19.97843360900879,7.719219207763672,12.610345840454102
ev_000333,99.41468811035156,75.70513916015625,-42.58220291137695,236.9539794921875,19.026371002197266,-125.09162902832031,5.841150283813477,1.175918698310852,35.820045471191406,105.0,75.0,-75.0,5.5853118896484375,0.70513916015625,26.904645919799805
ev_000334,99.15763854980469,82.93988800048828,155.98495483398438,88.59090423583984,89.82353973388672,88.91287231445312,10.566734313964844,6.8836517333984375,14.794753074645996,90.0,90.0,105.0,9.157638549804688,7.060111999511719,7.721430778503418
ev_000335,105.1244888305664,15.75065803527832,-50.130409240722656,239.4100341796875,76.99419403076172,-112.0284652709961,4.762587547302246,0.9806858897209167,11.78006649017334,105.0,15.0,-45.0,0.12448883056640625,0.7506580352783203,0.4801844358444214
ev_000336,356.0589599609375,89.51216888427734,133.22586059570312,81.52204132080078,62.586605072021484,-35.556976318359375,5.055915832519531,15.693366050720215,36.269248962402344,0.0,90.0,105.0,3.4220428466796875,0.48783111572265625,0.7122716307640076
ev_000337,70.34425354003906,8.614315032958984,-138.75328063964844,301.25225830078125,83.80572509765625,-93.19950866699219,1.832741141319275,0.5269691348075867,9.697661399841309,0.0,0.0,150.0,49.65574645996094,5.667305946350098,6.498152732849121
ev_000338,297.4432067871094,31.18927001953125,85.80084991455078,331.7205810546875,31.11956024169922,106.97223663330078,9.750526428222656,0.06970977783203125,5.795254230499268,330.0,30.0,105.0,10.459244728088379,1.18927001953125,4.299630641937256
ev_000339,82.56246185302734,3.166456937789917,48.68882369995117,78.77909851074219,1.877047061920166,42.12653732299805,2.7508087158203125,1.1189665794372559,0.6991673707962036,0.0,0.0,-30.0,3.917050838470459,2.3779098987579346,78.68882751464844
ev_000340,291.7721862792969,19.895349502563477,145.8407440185547,45.776580810546875,81.25171661376953,128.59072875976562,8.53596019744873,2.2674527168273926,17.250015258789062,45.0,75.0,105.0,9.312541007995605,1.1952316761016846,27.335769653320312
ev_000341,334.4246520996094,64.96643829345703,139.63739013671875,77.05612182617188,70.3271713256836,37.05490493774414,1.6304535865783691,1.3595542907714844,5.549951076507568,285.0,30.0,120.0,12.895953178405762,0.6253445744514465,19.63739013671875
ev_000342,283.20343017578125,62.874053955078125,-76.61470031738281,282.8188171386719,67.95915222167969,-89.22157287597656,0.384613037109375,5.0850982666015625,12.60687255859375,90.0,15.0,-105.0,2.300659656524658,12.648433685302734,9.317384719848633
ev_000343,274.7064514160156,52.09886932373047,-10.725028038024902,5.0986552238464355,80.16834259033203,-114.59618377685547,6.2443928718566895,1.3876397609710693,11.880051612854004,240.0,15.0,-45.0,2.6639790534973145,2.1012728214263916,34.27497100830078
ev_000344,201.85604858398438,52.44662094116211,131.2541961669922,356.02069091796875,28.034290313720703,56.29130172729492,11.24733829498291,13.569228172302246,6.910737991333008,15.0,30.0,75.0,10.336074829101562,7.705549240112305,25.619436264038086
ev_000345,137.8149871826172,44.146697998046875,121.50025177001953,134.7327423095703,41.89406204223633,108.820068359375,3.082244873046875,2.252635955810547,10.752697944641113,135.0,45.0,105.0,2.8149871826171875,0.853302001953125,12.381772994995117
ev_000346,356.866455078125,73.50859832763672,13.44438362121582,0.12244794517755508,70.4136734008789,3.5435562133789062,3.255992889404297,3.0949249267578125,2.6911637783050537,15.0,30.0,15.0,8.951379776000977,5.446113586425781,1.5556163787841797
ev_000347,102.53701782226562,49.915550231933594,105.63719177246094,104.7762222290039,53.053775787353516,89.9487075805664,2.2392044067382812,3.138225555419922,15.568991661071777,105.0,60.0,90.0,2.462982177734375,10.084449768066406,15.637191772460938
ev_000348,243.22755432128906,48.286746978759766,55.07132339477539,120.68824768066406,60.94004440307617,107.17231750488281,11.076587677001953,8.675507545471191,6.945773124694824,285.0,30.0,75.0,12.580464363098145,8.856369018554688,19.92867660522461
ev_000349,331.9201354980469,6.724939823150635,-174.71588134765625,54.86360549926758,88.83151245117188,95.63970947265625,80.14068603515625,0.5505660176277161,89.6444091796875,0.0,0.0,-150.0,28.079864501953125,0.6179215312004089,6.696620941162109
ev_000350,32.904144287109375,36.62130355834961,-84.85001373291016,53.56146240234375,45.05949401855469,-91.75318908691406,20.657318115234375,8.34607219696045,2.0636918544769287,45.0,45.0,-90.0,12.095855712890625,8.37869644165039,3.816880941390991
ev_000351,195.1171417236328,64.53728485107422,-12.664938926696777,291.84881591796875,78.77291870117188,-155.51251220703125,1.2133935689926147,0.19017015397548676,0.3605405390262604,180.0,15.0,-30.0,8.512003898620605,3.9817793369293213,17.335060119628906
ev_000352,31.559228897094727,83.46440887451172,150.53103637695312,48.888973236083984,88.99849700927734,123.04097747802734,15.189146995544434,5.534088134765625,5.660087585449219,315.0,15.0,135.0,36.23211669921875,4.00969934463501,15.531036376953125
ev_000353,43.44904327392578,47.52760696411133,129.7728729248047,52.19023513793945,43.95505142211914,133.34225463867188,7.027649879455566,3.5725555419921875,1.4520162343978882,45.0,45.0,120.0,1.5509567260742188,2.527606964111328,8.38217830657959
ev_000354,295.4737243652344,38.33319854736328,164.40768432617188,30.489532470703125,83.64582824707031,91.18751525878906,7.331469535827637,3.242588758468628,26.750165939331055,30.0,75.0,90.0,7.821002006530762,5.4032392501831055,37.29271697998047
ev_000355,216.25779724121094,33.539676666259766,-164.6034393310547,297.595458984375,88.19490051269531,32.02405548095703,9.791010856628418,6.630147457122803,17.525379180908203,240.0,15.0,-150.0,7.522030830383301,0.9997748732566833,14.603439331054688
ev_000356,233.90457153320312,26.836091995239258,9.623823165893555,76.09725952148438,35.371986389160156,126.81359100341797,20.356130599975586,8.535894393920898,10.303242683410645,0.0,15.0,120.0,13.83172607421875,8.624248504638672,3.4896512031555176
ev_000357,266.68975830078125,14.42503547668457,-73.75615692138672,243.97401428222656,5.647583484649658,-97.08601379394531,1.1479216814041138,8.233159065246582,2.9705777168273926,195.0,15.0,-135.0,8.95334243774414,0.5749645233154297,5.515259742736816
ev_000358,130.94058227539062,22.023910522460938,113.04804992675781,93.0069351196289,24.627580642700195,79.44509887695312,1.6968038082122803,2.603670120239258,1.5558454990386963,120.0,15.0,105.0,1.7916266918182373,5.707966327667236,5.031924724578857
ev_000359,125.25840759277344,17.50522232055664,64.321044921875,330.43182373046875,73.6304702758789,77.42298889160156,1.5821456909179688,0.6406705975532532,13.101943969726562,180.0,15.0,120.0,2.8814470767974854,2.5052223205566406,15.4132080078125
ev_000360,248.72293090820312,28.43637466430664,80.04495239257812,77.38165283203125,60.831478118896484,93.04625701904297,2.4272420406341553,0.8768703937530518,2.301917791366577,75.0,60.0,90.0,5.010861396789551,1.5636253356933594,5.348175048828125
ev_000361,116.70298767089844,14.718257904052734,-50.961246490478516,256.2884216308594,79.6768569946289,-81.68386840820312,0.4375719130039215,1.0582101345062256,17.7106990814209,15.0,15.0,-150.0,0.8734198212623596,0.2817420959472656,22.458881378173828
ev_000362,252.72373962402344,46.532501220703125,-142.6157684326172,253.72662353515625,35.947261810302734,-150.73374938964844,1.0028839111328125,9.467992782592773,7.655393600463867,285.0,30.0,-120.0,3.6959846019744873,0.4866633415222168,22.615768432617188
ev_000363,355.4383850097656,83.29976654052734,5.156255722045898,4.363807201385498,79.78640747070312,-10.9712553024292,8.925422668457031,3.5133590698242188,16.12751007080078,0.0,75.0,15.0,1.197696328163147,7.777278900146484,8.776881217956543
ev_000364,178.79220581054688,80.8049545288086,-22.486339569091797,353.84515380859375,88.14388275146484,6.427462100982666,8.94042682647705,2.770969867706299,11.804986953735352,285.0,30.0,-165.0,3.1434807777404785,1.759573221206665,5.062862396240234
ev_000365,63.399654388427734,9.900596618652344,-111.66267395019531,264.8699951171875,84.21369934082031,-61.290550231933594,0.48887839913368225,3.408745527267456,25.02301025390625,45.0,15.0,-135.0,5.63409948348999,1.3502442836761475,7.04214334487915
ev_000366,345.28668212890625,53.115028381347656,29.478673934936523,68.22435760498047,22.52655601501465,78.60612487792969,23.986499786376953,1.1197985410690308,44.55427551269531,60.0,30.0,75.0,20.646892547607422,5.700283527374268,40.73963165283203
ev_000367,308.9228820800781,14.385713577270508,1.6479077339172363,315.3760681152344,5.3143439292907715,4.441706657409668,3.626760959625244,0.001614827779121697,2.7937989234924316,330.0,15.0,30.0,6.474043369293213,0.6142864227294922,1.3156973123550415
ev_000368,53.32733154296875,1.0939888954162598,109.64491271972656,311.29058837890625,17.999391555786133,3.185619831085205,4.581463813781738,0.046385571360588074,1.6715445518493652,30.0,90.0,-105.0,23.32733154296875,1.0303053855895996,89.63217163085938
ev_000369,164.27125549316406,42.441246032714844,-81.42960357666016,334.521484375,48.824039459228516,-96.52781677246094,0.10992471873760223,0.6829256415367126,1.1650633811950684,165.0,45.0,-90.0,0.7287445068359375,2.5587539672851562,7.760173797607422
ev_000370,322.47332763671875,55.002967834472656,-57.046112060546875,326.4720764160156,58.96223831176758,-82.25772094726562,3.998748779296875,3.959270477294922,25.21160888671875,135.0,30.0,-105.0,9.718795776367188,6.117938041687012,22.845298767089844
ev_000371,121.857421875,38.74275588989258,-56.92765808105469,253.44049072265625,67.5583267211914,-104.7991714477539,8.557883262634277,9.188213348388672,1.3377549648284912,90.0,30.0,-75.0,9.190498352050781,2.750792980194092,15.147673606872559
ev_000372,348.5887145996094,5.416131973266602,164.88441467285156,293.5673828125,88.72248077392578,-112.5362548828125,55.021331787109375,0.1328698843717575,82.57933044433594,0.0,0.0,180.0,3.6398837566375732,1.4103890657424927,15.115585327148438
ev_000373,286.6989440917969,5.812829494476318,142.65380859375,58.3944206237793,86.72745513916016,66.8046875,4.491633892059326,0.2498614639043808,18.56836700439453,285.0,15.0,135.0,1.698944091796875,7.022884368896484,6.10163688659668
ev_000374,161.2544403076172,11.32785415649414,45.501197814941406,24.98785400390625,81.06841278076172,94.27792358398438,1.3289518356323242,0.8778641223907471,3.714550495147705,0.0,0.0,-120.0,3.683194160461426,8.053723335266113,135.50119018554688
ev_000375,200.81927490234375,42.16322326660156,-16.571422576904297,298.9459228515625,84.64022064208984,-141.7082977294922,3.9088141918182373,5.677403926849365,9.754868507385254,180.0,15.0,-30.0,4.110383033752441,3.6017112731933594,13.428577423095703
ev_000376,235.32974243164062,63.2015495300293,-11.29137897491455,332.63037109375,87.8426284790039,-104.18329620361328,1.1713790893554688,7.907869338989258,2.5509445667266846,225.0,15.0,-15.0,0.9627599120140076,6.2242751121521,3.708621025085449
ev_000377,44.14128494262695,64.47526550292969,19.292957305908203,45.94172286987305,65.74370574951172,10.252365112304688,1.8004379272460938,1.2684402465820312,2.232081174850464,90.0,15.0,30.0,25.289108276367188,9.911126136779785,10.707042694091797
ev_000378,79.23383331298828,22.565982818603516,-47.70303726196289,344.220458984375,20.242774963378906,-127.02355194091797,11.644564628601074,0.4538218677043915,21.399208068847656,15.0,15.0,-105.0,4.154940605163574,2.0123090744018555,0.6243442893028259
ev_000379,249.15457153320312,12.628418922424316,61.831024169921875,95.87982940673828,79.50410461425781,93.63666534423828,2.0315794944763184,0.6164199113845825,2.4008796215057373,105.0,75.0,90.0,7.0885910987854,2.3715810775756836,6.037545204162598
ev_000380,337.4512939453125,0.3125496208667755,-26.8012752532959,23.690515518188477,6.308695316314697,23.606685638427734,46.239219665527344,2.3811399936676025,50.407958984375,0.0,0.0,0.0,22.5487060546875,0.140927255153656,0.2789747714996338
ev_000381,237.33660888671875,20.445884704589844,-34.63972854614258,3.823793649673462,76.87017059326172,-91.9428482055664,3.5700173377990723,1.6770676374435425,15.109258651733398,0.0,75.0,-90.0,0.25377628207206726,3.547238349914551,17.052106857299805
ev_000382,213.65689086914062,75.87712097167969,78.1408462524414,30.4244441986084,13.865467071533203,89.5418701171875,2.7605674266815186,0.2578640580177307,11.401023864746094,30.0,15.0,90.0,3.656890869140625,0.8771209716796875,11.859153747558594
ev_000383,226.47210693359375,48.9051628112793,174.2039794921875,325.28009033203125,88.07549285888672,61.18934631347656,4.990825176239014,2.440279483795166,1.8075287342071533,210.0,15.0,165.0,5.778446197509766,0.5238209366798401,9.2039794921875
ev_000384,183.5199737548828,64.74097442626953,-59.75442123413086,314.0955810546875,28.852113723754883,-129.9634246826172,4.378062725067139,3.55246901512146,6.908556938171387,195.0,75.0,-75.0,11.480026245117188,10.259025573730469,2.864954710006714
ev_000385,132.76939392089844,61.0158805847168,62.22504806518555,130.27325439453125,57.99992752075195,85.84759521484375,2.4961395263671875,3.0159530639648438,23.622547149658203,120.0,60.0,90.0,12.769393920898438,1.0158805847167969,27.774951934814453
ev_000386,318.08758544921875,45.26797866821289,1.657163381576538,303.1850891113281,45.949615478515625,-2.753375768661499,14.902496337890625,0.6816368103027344,4.410539150238037,0.0,0.0,30.0,13.078876495361328,1.177177906036377,28.342836380004883
ev_000387,96.65068817138672,76.02448272705078,-100.4850845336914,238.2962646484375,13.82655143737793,-121.58484649658203,6.012962818145752,2.22902774810791,17.830310821533203,255.0,15.0,-120.0,9.216789245605469,1.022977590560913,18.115825653076172
ev_000388,42.45283126831055,11.268881797790527,55.287025451660156,116.32147216796875,10.109126091003418,121.9004135131836,6.327795505523682,0.6738506555557251,11.855955123901367,90.0,15.0,105.0,3.193783760070801,3.7311182022094727,8.526400566101074
ev_000389,324.7809143066406,48.900054931640625,126.75498962402344,317.9994812011719,52.62178421020508,114.51721954345703,4.948035717010498,0.23878216743469238,5.9383134841918945,330.0,60.0,105.0,5.219085693359375,7.13943338394165,10.30220890045166
ev_000390,262.6286315917969,15.321352005004883,-144.51095581054688,358.05419921875,6.5199408531188965,-47.68172836303711,2.5629377365112305,4.007758140563965,16.97518539428711,300.0,15.0,-105.0,2.609649419784546,0.3213520050048828,8.608139991760254
ev_000391,174.94459533691406,76.58966827392578,-136.6517333984375,53.924293518066406,11.297921180725098,-41.47591781616211,9.899959564208984,5.955036163330078,23.3232364654541,45.0,15.0,-45.0,4.062431812286377,2.8650410175323486,26.847318649291992
ev_000392,286.4413757324219,1.8992915153503418,-159.36843872070312,355.2425842285156,89.79955291748047,81.3996353149414,22.523889541625977,0.4686746597290039,21.971731185913086,240.0,15.0,150.0,46.441375732421875,6.766350269317627,50.631561279296875
ev_000393,228.4043426513672,14.156763076782227,-19.385841369628906,334.5576477050781,80.63673400878906,-65.93291473388672,2.685894250869751,4.70678186416626,37.45092010498047,105.0,15.0,-135.0,6.2505693435668945,0.8432369232177734,24.11241912841797
ev_000394,4.554200649261475,66.45440673828125,-40.31258773803711,327.46649169921875,51.1552619934082,-32.9762077331543,33.667274475097656,1.5367283821105957,7.3363800048828125,90.0,60.0,-105.0,23.277441024780273,6.376823902130127,25.541303634643555
ev_000395,252.649658203125,45.253929138183594,23.49473762512207,339.98736572265625,89.67185974121094,-121.94563293457031,3.1885194778442383,13.30678939819336,24.11488914489746,270.0,15.0,30.0,5.217878341674805,9.012537002563477,6.50526237487793
ev_000396,351.56488037109375,31.786155700683594,-165.16456604003906,58.21541213989258,86.28978729248047,99.83507537841797,66.65052795410156,4.040953159332275,79.8653335571289,0.0,0.0,-150.0,8.43511962890625,7.751165866851807,15.164566040039062
ev_000397,276.1127014160156,27.318662643432617,30.596799850463867,3.9179251194000244,13.423552513122559,111.5108413696289,3.463639736175537,1.0360026359558105,2.4606151580810547,0.0,15.0,105.0,6.099361419677734,0.9685840010643005,8.971456527709961
ev_000398,272.5425720214844,45.98746109008789,-112.0781021118164,316.65057373046875,43.995582580566406,-91.13897705078125,15.41594409942627,0.02788565121591091,20.159225463867188,135.0,45.0,-90.0,12.182317733764648,0.9874610900878906,21.258747100830078
ev_000399,274.23876953125,82.70702362060547,61.851661682128906,97.62647247314453,13.444328308105469,92.86903381347656,0.4379725158214569,6.13418436050415,27.462810516357422,90.0,90.0,-75.0,9.108494758605957,7.292976379394531,15.17795467376709
ev_000400,119.70941925048828,76.95561981201172,129.91903686523438,306.3295593261719,89.4569320678711,-150.00469970703125,8.790027618408203,12.501312255859375,20.47890853881836,255.0,15.0,45.0,1.2835536003112793,2.499089479446411,25.148136138916016
ev_000401,311.5469665527344,52.346031188964844,-1.295654296875,319.6535339355469,45.10635757446289,4.019492149353027,8.1065673828125,1.8205609321594238,5.315146446228027,285.0,15.0,-15.0,12.827735900878906,2.8152098655700684,13.704345703125
ev_000402,239.97149658203125,7.9513325691223145,-173.26658630371094,337.54443359375,88.07878112792969,81.25592803955078,4.723353385925293,0.9918746948242188,19.176603317260742,255.0,15.0,-150.0,7.4496588706970215,6.506127834320068,5.167131423950195
ev_000403,74.74943542480469,75.01673126220703,99.58849334716797,78.4070053100586,79.88788604736328,85.11237335205078,3.6575698852539062,4.87115478515625,14.476119995117188,270.0,15.0,105.0,0.2535252571105957,0.5057565569877625,5.411506652832031
ev_000404,261.4698181152344,41.41167068481445,17.392820358276367,331.5965881347656,86.8959732055664,-149.12051391601562,21.727886199951172,8.299975395202637,21.008255004882812,300.0,15.0,45.0,7.743640899658203,0.8587117195129395,27.607179641723633
ev_000405,295.71710205078125,42.466915130615234,-4.801407337188721,296.2200012207031,37.29383850097656,-20.36899185180664,0.502899169921875,5.173076629638672,6.839710235595703,285.0,15.0,-15.0,0.24809402227401733,0.6012934446334839,10.198593139648438
ev_000406,96.05905151367188,29.548023223876953,-132.71908569335938,327.1249694824219,73.8328628540039,-86.8035659790039,4.358804702758789,5.0752272605896,17.838998794555664,150.0,15.0,-90.0,7.233835220336914,6.242364406585693,21.035432815551758
ev_000407,193.53082275390625,14.737049102783203,-118.91361236572266,42.7781982421875,77.39047241210938,-79.9714126586914,0.48451337218284607,0.2566338777542114,2.7808728218078613,180.0,15.0,-135.0,2.7302610874176025,0.2629508972167969,3.4808685779571533
ev_000408,344.652587890625,81.36445617675781,10.817850112915039,339.7865905761719,88.7283935546875,1.3563858270645142,3.252688407897949,7.279491901397705,7.5174031257629395,210.0,15.0,150.0,15.50516128540039,1.2000715732574463,21.210634231567383
ev_000409,252.9447021484375,22.45745277404785,-118.08418273925781,248.893798828125,20.907154083251953,-115.41061401367188,4.0509033203125,0.8914476037025452,1.7024136781692505,105.0,75.0,-90.0,2.053924560546875,4.695402145385742,11.011531829833984
ev_000410,353.3546447753906,65.08678436279297,-68.70865631103516,358.70477294921875,67.04747009277344,-61.321102142333984,5.350128173828125,1.9606857299804688,7.387554168701172,0.0,75.0,-75.0,3.4254610538482666,9.913215637207031,5.989360332489014
ev_000411,72.671142578125,13.744197845458984,166.1711883544922,357.05548095703125,89.05059051513672,-84.67545318603516,24.465410232543945,2.306088447570801,23.954030990600586,0.0,0.0,90.0,3.881436586380005,3.255497932434082,13.360297203063965
ev_000412,272.0363464355469,19.720661163330078,-142.2876739501953,258.94122314453125,11.74208927154541,-160.06517028808594,3.4054315090179443,7.933218955993652,4.775566101074219,300.0,15.0,-120.0,4.881280422210693,1.0406111478805542,8.201207160949707
ev_000413,288.02197265625,37.01921844482422,165.0890350341797,30.84388542175293,80.35160827636719,56.6929931640625,0.8189624547958374,0.7358525991439819,2.2912850379943848,285.0,15.0,165.0,0.5141042470932007,5.071573257446289,0.0890350341796875
ev_000414,47.114585876464844,77.07003021240234,139.2598876953125,45.254493713378906,77.66889190673828,140.54234313964844,1.8600921630859375,0.5988616943359375,1.048667073249817,165.0,15.0,30.0,1.2620121240615845,5.494497776031494,13.14285659790039
ev_000415,259.6388854980469,38.41865158081055,-144.399658203125,302.6691589355469,21.597431182861328,-115.2566909790039,9.222783088684082,1.7621897459030151,23.229976654052734,285.0,30.0,-120.0,1.6593700647354126,4.452064514160156,16.7152099609375
ev_000416,136.93649291992188,88.22454071044922,-77.94910430908203,327.00634765625,88.24628448486328,75.1051254272461,4.751139163970947,0.0217437744140625,15.237676620483398,0.0,0.0,-45.0,79.80594635009766,1.7754592895507812,12.050895690917969
ev_000417,320.8002624511719,61.16201400756836,33.72454071044922,317.2939758300781,73.27972412109375,60.0275993347168,3.50628662109375,12.11771011352539,2.4870364665985107,315.0,75.0,75.0,5.800262451171875,13.83798599243164,12.487357139587402
ev_000418,72.87812805175781,62.68124008178711,-165.85736083984375,334.9568176269531,77.62046813964844,-32.913394927978516,0.021173851564526558,0.15835325419902802,0.5096474885940552,105.0,15.0,-150.0,9.57088851928711,5.102412700653076,15.85736083984375
ev_000419,198.83290100097656,65.69518280029297,-63.23111343383789,26.680200576782227,17.384841918945312,-83.41572570800781,0.950821578502655,7.0382561683654785,20.184612274169922,45.0,30.0,-75.0,8.9749755859375,4.574276924133301,11.76888656616211
ev_000420,50.39694595336914,18.56740951538086,99.61849212646484,55.94156265258789,15.586685180664062,104.96234893798828,0.17399393022060394,2.980724334716797,0.9070581793785095,45.0,15.0,90.0,4.739007472991943,3.297067165374756,3.2123663425445557
ev_000421,228.4631805419922,20.906415939331055,138.4929656982422,355.0261535644531,79.0537109375,82.10740661621094,3.0170023441314697,2.7328193187713623,8.071293830871582,225.0,15.0,135.0,0.9638711810112,3.133817672729492,3.4929656982421875
ev_000422,118.4117431640625,57.909278869628906,-52.137699127197266,242.61895751953125,45.75599670410156,-147.2177276611328,0.14001965522766113,2.2648165225982666,2.9390668869018555,285.0,30.0,-120.0,20.278324127197266,6.431814670562744,14.38555908203125
ev_000423,34.76954650878906,30.870298385620117,83.1844253540039,63.09720993041992,37.44318389892578,107.73773956298828,1.5428853034973145,4.756729602813721,6.316342830657959,45.0,30.0,90.0,2.303262233734131,0.6285641193389893,4.057840347290039
ev_000424,159.0502471923828,60.532840728759766,163.8932342529297,263.16558837890625,25.541587829589844,29.484962463378906,6.030583381652832,1.7250583171844482,0.9748856425285339,90.0,15.0,120.0,18.002483367919922,1.0248748064041138,43.89323425292969
ev_000425,62.81918716430664,82.9487533569336,-46.56376266479492,269.9600524902344,11.500042915344238,-64.21479034423828,0.8976783156394958,3.2904245853424072,17.65102767944336,0.0,0.0,30.0,62.81918716430664,7.051246643066406,43.43623733520508
ev_000426,280.97796630859375,43.4293212890625,-66.3150634765625,257.82196044921875,38.30066680908203,-78.44398498535156,6.626702308654785,1.6280808448791504,11.829720497131348,255.0,30.0,-75.0,12.037124633789062,10.138082504272461,8.6849365234375
ev_000427,302.09405517578125,72.24336242675781,122.6683349609375,92.73290252685547,19.662397384643555,57.15043640136719,5.075753688812256,1.3367866277694702,21.699363708496094,135.0,15.0,90.0,12.90594482421875,2.7566375732421875,32.6683349609375
ev_000428,51.50385284423828,39.78497314453125,54.8427734375,53.306148529052734,36.301231384277344,67.1518783569336,1.8022956848144531,1.5188591480255127,9.697501182556152,90.0,30.0,75.0,13.182231903076172,2.6662330627441406,17.118988037109375
ev_000429,142.75079345703125,54.21988296508789,45.148990631103516,7.988963603973389,44.81863784790039,147.7186737060547,14.31801700592041,9.4012451171875,4.817371368408203,120.0,75.0,75.0,22.75079345703125,20.109577178955078,0.37302449345588684
ev_000430,45.07611083984375,72.55138397216797,-37.92184066772461,46.63747787475586,76.06876373291016,-54.10348129272461,1.5613670349121094,3.5173797607421875,1.2070391178131104,195.0,15.0,-120.0,0.7913669347763062,4.496076583862305,38.27545166015625
ev_000431,65.04618835449219,3.5362606048583984,56.64869689941406,20.55240249633789,21.87677001953125,13.199661254882812,0.1742735505104065,1.927531361579895,19.405580520629883,15.0,15.0,0.0,6.552342891693115,2.9533257484436035,56.64869689941406
ev_000432,214.91494750976562,50.66191864013672,-17.990114212036133,299.20928955078125,88.61213684082031,-106.60459899902344,10.349139213562012,12.432153701782227,13.144098281860352,150.0,15.0,-60.0,17.413955688476562,0.8674771189689636,41.616756439208984
ev_000433,59.11478042602539,30.73185157775879,-36.635162353515625,57.7850227355957,20.625333786010742,-45.202171325683594,1.3297576904296875,3.279135227203369,8.567008972167969,30.0,15.0,-60.0,2.5685901641845703,4.801717281341553,17.87340545654297
ev_000434,172.9121856689453,73.21629333496094,122.0482406616211,311.52880859375,25.527950286865234,54.226078033447266,2.7766125202178955,3.6818201541900635,16.449329376220703,330.0,15.0,60.0,7.955292224884033,3.831166982650757,24.417499542236328
ev_000435,273.4656066894531,9.529047012329102,175.26983642578125,9.496407508850098,89.05302429199219,77.46258544921875,1.365614891052246,0.16477340459823608,0.375775545835495,270.0,15.0,165.0,3.465606689453125,3.0587635040283203,5.013634204864502
ev_000436,189.1987762451172,50.346153259277344,-13.017033576965332,284.3177490234375,84.14891052246094,-101.1817855834961,3.2732176780700684,4.13539981842041,14.836928367614746,150.0,15.0,-45.0,3.58393931388855,0.5588014125823975,31.982967376708984
ev_000437,264.6260070800781,51.29518127441406,-53.99651336669922,265.0977783203125,52.275882720947266,-58.323123931884766,0.471771240234375,0.9807014465332031,2.093722343444824,45.0,45.0,-120.0,0.39448660612106323,0.943574845790863,6.264179229736328
ev_000438,308.40521240234375,21.01079559326172,-0.8629751801490784,337.039794921875,4.83701229095459,34.35588073730469,28.63458251953125,2.418062686920166,35.21885681152344,0.0,0.0,60.0,39.210819244384766,0.30940425395965576,21.008621215820312
ev_000439,263.4339294433594,42.65830612182617,155.0194091796875,9.451003074645996,74.41935729980469,60.84079360961914,2.8955702781677246,1.048066258430481,4.801431655883789,210.0,15.0,120.0,13.214051246643066,3.6761693954467773,32.23884963989258
ev_000440,96.98049926757812,65.1095962524414,-59.07940673828125,259.4866027832031,21.66145133972168,-109.41661071777344,3.276073694229126,4.51753044128418,23.39917755126953,105.0,60.0,-90.0,8.019500732421875,5.109596252441406,30.92059326171875
ev_000441,272.0262451171875,45.3965950012207,-103.88639831542969,282.6427001953125,44.85892105102539,-101.96441650390625,7.864629745483398,0.08990917354822159,1.9219818115234375,285.0,45.0,-105.0,12.9737548828125,0.3965950012207031,0.8341003060340881
ev_000442,304.8160400390625,39.52418518066406,-161.27647399902344,24.20573616027832,86.13404846191406,16.467897415161133,11.752077102661133,4.64160680770874,22.754314422607422,330.0,15.0,-135.0,4.171453475952148,1.2424644231796265,26.276473999023438
ev_000443,30.552579879760742,85.75519561767578,-139.5340118408203,292.0965576171875,45.72496032714844,-5.636277198791504,4.514804363250732,0.21242478489875793,0.06422046571969986,0.0,0.0,45.0,30.552579879760742,4.244804382324219,49.53401184082031
ev_000444,159.86976623535156,17.073514938354492,-120.09996032714844,14.563277244567871,74.2618408203125,-88.83208465576172,3.4607326984405518,1.0233917236328125,7.588589191436768,15.0,75.0,-90.0,3.8974554538726807,0.2852324843406677,8.75650405883789
ev_000445,36.45125198364258,66.95946502685547,3.0164437294006348,11.076558113098145,82.85596466064453,14.609071731567383,25.37469482421875,4.368415355682373,11.592628479003906,210.0,15.0,135.0,38.737281799316406,7.769670486450195,21.93083953857422
ev_000446,56.51876449584961,11.874065399169922,17.040584564208984,47.213958740234375,37.99989318847656,8.103279113769531,0.9900187253952026,1.5215871334075928,8.937305450439453,30.0,15.0,-15.0,26.51876449584961,0.38404032588005066,32.040584564208984
ev_000447,278.7818603515625,20.15079116821289,-47.5035514831543,263.99993896484375,20.396167755126953,-54.0086669921875,8.250931739807129,0.2453765869140625,1.5968940258026123,255.0,15.0,-75.0,5.016897678375244,0.236861914396286,9.955459594726562
ev_000448,279.02972412109375,46.627342224121094,92.2342300415039,106.58171844482422,39.620121002197266,95.07782745361328,0.9716624021530151,3.7986204624176025,1.827806830406189,105.0,45.0,90.0,5.97027587890625,1.5812585353851318,2.2342300415039062
ev_000449,129.92977905273438,1.4366947412490845,5.542773246765137,39.157955169677734,87.56293487548828,80.04071807861328,4.7692179679870605,2.2983109951019287,11.389262199401855,285.0,15.0,150.0,9.758688926696777,7.296718120574951,14.494293212890625
ev_000450,118.4255142211914,49.39968490600586,141.77804565429688,62.832237243652344,21.532752990722656,110.35254669189453,14.470580101013184,7.891073226928711,31.425498962402344,45.0,15.0,90.0,10.561379432678223,13.01911735534668,42.50800323486328
ev_000451,141.17153930664062,35.150390625,26.550613403320312,33.98658752441406,83.70320129394531,104.40132904052734,5.038221836090088,8.61561107635498,2.6255226135253906,150.0,15.0,30.0,1.9042081832885742,7.476937294006348,3.4493865966796875
ev_000452,328.1948547363281,54.2802619934082,-2.1380040645599365,349.4742126464844,5.811804294586182,2.555051803588867,21.27935791015625,1.4770277738571167,4.693056106567383,0.0,15.0,15.0,31.805145263671875,2.105295181274414,17.138004302978516
ev_000453,185.22183227539062,9.687559127807617,-128.67730712890625,43.981571197509766,81.48443603515625,-63.888580322265625,0.3196651041507721,0.9668634533882141,20.02201271057129,150.0,15.0,-165.0,1.187945008277893,3.7077348232269287,8.421411514282227
ev_000454,199.5857391357422,34.22088623046875,88.87836456298828,22.33468246459961,56.02168273925781,98.44812774658203,1.3925492763519287,0.235102578997612,7.685360908508301,30.0,60.0,90.0,9.057867050170898,4.2134199142456055,0.7627667188644409
ev_000455,225.00978088378906,36.20627975463867,-105.67220306396484,217.61529541015625,37.9968376159668,-91.69474029541016,7.3944854736328125,1.790557861328125,9.862601280212402,225.0,30.0,-105.0,0.0097808837890625,5.78288459777832,0.6722030639648438
ev_000456,320.7279357910156,51.3797492980957,-125.56856536865234,311.7433166503906,53.17801284790039,-118.85352325439453,8.984619140625,1.7982635498046875,3.2554664611816406,165.0,45.0,-75.0,3.518493175506592,3.62058424949646,21.05774688720703
ev_000457,18.472976684570312,52.36457824707031,-105.08161163330078,26.65447235107422,50.86454772949219,-86.4664306640625,8.181495666503906,0.856270968914032,10.75007152557373,225.0,45.0,-75.0,2.7148985862731934,4.874602317810059,0.5707929134368896
ev_000458,93.77748107910156,62.969688415527344,54.88901901245117,87.9948959350586,63.63761520385742,85.9709701538086,5.782585144042969,0.6679267883300781,31.081951141357422,300.0,30.0,105.0,9.0303955078125,1.8487824201583862,26.612199783325195
ev_000459,237.88372802734375,22.105670928955078,148.63160705566406,355.7540588378906,81.74034118652344,66.9345703125,1.5887974500656128,2.3177859783172607,3.9385697841644287,240.0,15.0,150.0,1.8045700788497925,3.8610732555389404,1.3683929443359375
ev_000460,128.72787475585938,51.77683639526367,-9.177484512329102,39.27225112915039,89.71360778808594,92.31729125976562,7.585958003997803,6.911630153656006,16.2248592376709,105.0,15.0,-30.0,0.2889001667499542,0.23744963109493256,20.8225154876709
ev_000461,16.661827087402344,59.3485107421875,45.009559631347656,5.751434326171875,64.93824005126953,46.08905029296875,7.639566421508789,3.2624104022979736,1.0794906616210938,210.0,30.0,120.0,20.35189437866211,4.99258279800415,20.02959632873535
ev_000462,348.9239196777344,89.29705810546875,-156.38548278808594,358.0827941894531,89.3341293334961,-173.37646484375,9.15887451171875,0.03707122802734375,0.09683314710855484,165.0,90.0,105.0,3.616610527038574,0.70294189453125,0.7671776413917542
ev_000463,344.9841003417969,52.89898681640625,133.3936309814453,342.46246337890625,49.68067932128906,124.85289001464844,2.521636962890625,1.6313529014587402,8.294368743896484,135.0,45.0,75.0,9.23052978515625,5.978504180908203,27.250511169433594
ev_000464,221.16827392578125,41.427528381347656,-125.47124481201172,22.460737228393555,36.707942962646484,-85.01815032958984,24.913028717041016,3.9399564266204834,22.134862899780273,210.0,45.0,-105.0,11.16827392578125,3.5724716186523438,12.6058931350708
ev_000465,23.295387268066406,78.84662628173828,-151.62741088867188,19.596899032592773,77.21694946289062,-145.34909057617188,3.698488235473633,1.6296768188476562,2.788933753967285,255.0,15.0,-30.0,9.147960662841797,3.7179014682769775,17.36997413635254
ev_000466,13.343564987182617,15.563637733459473,9.267233848571777,5.253512859344482,36.23431396484375,-0.7809591889381409,8.090051651000977,2.0148143768310547,10.048192977905273,15.0,15.0,15.0,1.6564350128173828,0.5636377334594727,0.8593470454216003
ev_000467,131.4846954345703,27.12185287475586,17.266647338867188,34.96865463256836,82.80878448486328,95.57913970947266,8.947958946228027,0.5856297016143799,20.485225677490234,195.0,15.0,75.0,4.483394145965576,6.700666904449463,22.09723472595215
ev_000468,226.7754669189453,59.80347442626953,-22.27538299560547,324.70086669921875,78.68619537353516,-127.23811340332031,3.7163283824920654,7.810721397399902,3.98024320602417,195.0,15.0,-30.0,14.269768714904785,11.689053535461426,7.724617004394531
ev_000469,4.502554893493652,28.872447967529297,-167.1007843017578,263.0343933105469,84.05840301513672,-106.67459106445312,0.12800158560276031,0.24647611379623413,41.80644226074219,135.0,15.0,-45.0,5.844632148742676,4.357217311859131,16.74253273010254
ev_000470,123.16458892822266,7.635061264038086,33.20537567138672,0.1295439749956131,87.76134490966797,87.02410125732422,0.06304547935724258,1.9339466094970703,9.375589370727539,0.0,0.0,-90.0,0.19258946180343628,4.172601699829102,123.20537567138672
ev_000471,306.42767333984375,84.1939697265625,-156.47384643554688,311.92474365234375,88.78834533691406,-120.07548522949219,5.4970703125,4.5943756103515625,3.91157603263855,210.0,15.0,-15.0,3.9059410095214844,1.965064525604248,8.671703338623047
ev_000472,244.8457794189453,69.99906921386719,58.37007522583008,110.00565338134766,29.295082092285156,130.8673553466797,0.38679736852645874,1.7163712978363037,11.471343040466309,90.0,30.0,120.0,8.535846710205078,5.657975673675537,15.527811050415039
ev_000473,19.105566024780273,46.27712631225586,-172.0921630859375,287.39923095703125,82.44742584228516,-80.6823501586914,3.7774972915649414,1.846347689628601,31.40616798400879,15.0,15.0,180.0,4.105566024780273,5.706226348876953,7.9078369140625
ev_000474,38.21588897705078,12.119174003601074,-128.1412811279297,258.28155517578125,86.81944274902344,-66.96354675292969,1.2954765558242798,6.323665618896484,15.482041358947754,30.0,15.0,-135.0,0.9931058883666992,1.0410677194595337,3.1741714477539062
ev_000475,358.86376953125,23.691030502319336,110.08509063720703,346.98040771484375,17.784910202026367,102.06253051757812,2.765226364135742,4.791194438934326,4.734034538269043,0.0,15.0,120.0,1.13623046875,8.691030502319336,0.9383869171142578
ev_000476,256.3072509765625,76.38851165771484,108.43826293945312,35.579288482666016,15.23098087310791,51.57902526855469,1.305647611618042,1.733684778213501,8.834720611572266,60.0,15.0,75.0,0.8031611442565918,0.86602383852005,14.471132278442383
ev_000477,250.2194366455078,80.363037109375,-131.46759033203125,245.1707305908203,84.65340423583984,-113.56930541992188,5.0487060546875,4.290367126464844,1.2089120149612427,0.0,0.0,-165.0,74.49285125732422,9.636962890625,33.53240966796875
ev_000478,144.6274871826172,11.492907524108887,-41.45948791503906,280.8517150878906,86.36740112304688,-103.6521987915039,5.339802265167236,2.6254336833953857,4.988371849060059,135.0,15.0,-60.0,8.620609283447266,3.5070924758911133,1.0330865383148193
ev_000479,229.21502685546875,42.67911148071289,110.7272720336914,55.17198181152344,49.647212982177734,90.2156982421875,5.623828411102295,1.0057744979858398,17.820186614990234,45.0,45.0,90.0,4.21502685546875,2.3208885192871094,18.074052810668945
ev_000480,353.078857421875,41.06711196899414,-147.8834991455078,243.77468872070312,70.21353149414062,-62.816871643066406,6.021622657775879,0.65550696849823,6.103702068328857,30.0,15.0,-120.0,3.1144115924835205,7.48943567276001,27.883499145507812
ev_000481,125.18609619140625,23.252674102783203,-104.4185562133789,325.5408630371094,70.66290283203125,-113.5846939086914,4.721470832824707,3.142348289489746,9.1661376953125,165.0,15.0,-75.0,8.676518440246582,8.001933097839355,8.89292049407959
ev_000482,85.05442810058594,39.24298858642578,133.28463745117188,38.845855712890625,23.157014846801758,99.31966400146484,5.7587890625,4.586291790008545,25.28821563720703,60.0,30.0,120.0,8.174590110778809,1.7613118886947632,13.148359298706055
ev_000483,126.14031982421875,41.54667282104492,-77.65499114990234,293.74346923828125,54.29451370239258,-91.60115814208984,3.9035887718200684,4.677570343017578,9.127113342285156,120.0,30.0,-90.0,6.14031982421875,10.383056640625,10.728271484375
ev_000484,139.57371520996094,48.429927825927734,104.13819885253906,315.489990234375,47.3629264831543,74.42028045654297,16.704050064086914,1.0670013427734375,0.18173526227474213,150.0,45.0,90.0,10.426284790039062,1.5090439319610596,14.138198852539062
ev_000485,303.6699523925781,11.817512512207031,-120.36030578613281,35.02132034301758,15.14064884185791,-34.411869049072266,3.927232027053833,1.689876675605774,17.776531219482422,0.0,15.0,-60.0,5.435836315155029,2.7743289470672607,13.667466163635254
ev_000486,264.382080078125,37.56438446044922,115.3455810546875,56.86411666870117,56.31970977783203,87.49693298339844,3.343118906021118,0.24678881466388702,15.720541954040527,45.0,60.0,90.0,8.520998001098633,3.4335014820098877,18.223609924316406
ev_000487,118.92625427246094,21.9927978515625,93.55850982666016,118.59685516357422,23.10931968688965,82.86235809326172,0.32939910888671875,0.9717918634414673,0.5233893394470215,120.0,30.0,90.0,1.0737457275390625,8.0072021484375,1.4359863996505737
ev_000488,255.69305419921875,10.24965763092041,112.98198699951172,52.72941207885742,81.19733428955078,77.11637115478516,0.35150811076164246,0.6256979703903198,8.845192909240723,285.0,15.0,135.0,6.629123210906982,1.116926908493042,6.690147399902344
ev_000489,118.34085083007812,86.4228744506836,80.67129516601562,302.7938537597656,89.8507080078125,-116.52043914794922,64.74959564208984,3.4278335571289062,81.0056381225586,225.0,15.0,15.0,2.1483304500579834,0.2638401687145233,23.839523315429688
ev_000490,24.730255126953125,48.040550231933594,-141.87440490722656,265.6430358886719,65.78262329101562,-31.037891387939453,1.3996341228485107,0.7201114892959595,10.42882251739502,270.0,60.0,-60.0,2.9573299884796143,2.670922040939331,10.981010437011719
ev_000491,176.77297973632812,55.709510803222656,166.4759979248047,129.6722869873047,25.07721519470215,125.80862426757812,3.3562374114990234,8.963874816894531,39.64414596557617,150.0,15.0,150.0,5.34254789352417,3.704538583755493,16.475997924804688
ev_000492,26.414474487304688,29.880712509155273,66.0627670288086,44.437652587890625,25.554412841796875,85.44111633300781,4.037426948547363,1.6194485425949097,10.946343421936035,60.0,30.0,90.0,6.474144458770752,0.11928749084472656,13.12278938293457
ev_000493,133.460693359375,67.79049682617188,-102.06231689453125,357.5222473144531,19.800870895385742,-46.20684051513672,1.4771430492401123,5.32638692855835,1.9290374517440796,345.0,15.0,-60.0,0.6718288660049438,9.256963729858398,2.8949997425079346
ev_000494,279.9699401855469,89.27680206298828,-125.18909454345703,280.01708984375,87.41407775878906,-95.63912963867188,0.047149658203125,1.8627243041992188,23.429685592651367,0.0,0.0,165.0,80.03005981445312,0.7231979370117188,35.18909454345703
ev_000495,138.06163024902344,6.676560401916504,-50.46171188354492,283.0714111328125,83.94269561767578,-86.66014862060547,4.739602088928223,0.23747937381267548,7.601573944091797,0.0,0.0,180.0,48.06163024902344,5.144222736358643,4.261722564697266
ev_000496,29.37080192565918,28.39659881591797,-45.21670150756836,306.55322265625,20.334758758544922,-114.29452514648438,8.663595199584961,1.2623430490493774,3.44627046585083,315.0,15.0,-105.0,10.419088363647461,5.250142574310303,5.848254680633545
ev_000497,166.62445068359375,78.63707733154297,-165.4592742919922,74.25660705566406,75.49786376953125,-3.4047834873199463,0.5575997829437256,0.2525152564048767,0.01403010357171297,75.0,30.0,0.0,1.300992727279663,11.362922668457031,11.728671073913574
ev_000498,53.623165130615234,45.12992858886719,-170.65501403808594,325.3458251953125,81.03335571289062,-75.41736602783203,8.345003128051758,2.358457565307617,22.73033332824707,105.0,15.0,-135.0,13.992151260375977,3.937103748321533,34.01860427856445
ev_000499,264.1153869628906,22.67465591430664,76.78277587890625,100.33905029296875,71.09596252441406,82.89353942871094,1.9429317712783813,2.5248019695281982,6.1107635498046875,105.0,75.0,90.0,6.603881359100342,7.042001247406006,5.456613540649414
