event_id,geom_strike_err,geom_dip_err,geom_rake_err,source_strike_err,source_dip_err,source_rake_err,delta_strike_geom_minus_source,delta_dip_geom_minus_source,delta_rake_geom_minus_source,delta_sum_geom_minus_source
ev_000000,3.1407835483551025,3.119422435760498,18.254947662353516,5.332907199859619,10.759671211242676,26.75372886657715,-2.1921236515045166,-7.640248775482178,-8.498781204223633,-18.331151962280273
ev_000001,3.63489031791687,2.4688875675201416,99.76586151123047,3.63489031791687,2.4688875675201416,99.76586151123047,0.0,0.0,0.0,0.0
ev_000002,5.765770435333252,2.7053513526916504,7.522294044494629,5.765770435333252,2.7053513526916504,7.522294044494629,0.0,0.0,0.0,0.0
ev_000003,4.587246417999268,2.9871742725372314,19.52519989013672,4.587246417999268,2.9871742725372314,19.52519989013672,0.0,0.0,0.0,0.0
ev_000004,18.8338680267334,1.0957190990447998,28.475265502929688,19.25040626525879,6.049814224243164,13.475265502929688,-0.4165382385253906,-4.954094886779785,15.0,9.62936782836914
ev_000005,4.559908390045166,5.249433994293213,5.491460800170898,1.2702126502990723,3.86214017868042,5.491460800170898,3.2896957397460938,1.387293815612793,0.0,4.676989555358887
ev_000006,13.923666000366211,0.09023754298686981,47.46473693847656,1.0763336420059204,0.09023754298686981,25.894004821777344,12.847332000732422,0.0,21.57073211669922,34.418067932128906
ev_000007,5.680331707000732,5.1701483726501465,8.797502517700195,5.680331707000732,5.1701483726501465,8.797502517700195,0.0,0.0,0.0,0.0
ev_000008,6.800290107727051,5.0171403884887695,101.11675262451172,6.800290107727051,5.0171403884887695,101.11675262451172,0.0,0.0,0.0,0.0
ev_000009,18.849605560302734,0.34090957045555115,28.888961791992188,19.266141891479492,4.613185405731201,13.888962745666504,-0.4165363311767578,-4.272275924682617,14.999999046325684,10.31118392944336
ev_000010,2.7941277027130127,6.837090969085693,11.214143753051758,3.283308982849121,2.9961249828338623,3.785856008529663,-0.4891812801361084,3.840965986251831,7.428287506103516,10.780073165893555
ev_000011,2.8116204738616943,4.752467155456543,6.833246231079102,2.8116204738616943,4.752467155456543,6.833246231079102,0.0,0.0,0.0,0.0
ev_000012,8.072486877441406,8.692934036254883,2.186401128768921,3.237445831298828,1.82671058177948,5.738322734832764,4.835041046142578,6.866223335266113,-3.5519216060638428,8.149343490600586
ev_000013,2.70015549659729,1.671187400817871,22.844757080078125,2.840554714202881,1.671187400817871,25.18048667907715,-0.14039921760559082,0.0,-2.3357295989990234,-2.4761295318603516
ev_000014,9.807652473449707,3.885544538497925,5.090434551239014,5.192348003387451,0.04457879438996315,9.909564971923828,4.615304470062256,3.840965747833252,-4.8191304206848145,3.6371402740478516
ev_000015,2.5236997604370117,4.7357964515686035,15.5354642868042,2.5236997604370117,4.7357964515686035,15.5354642868042,0.0,0.0,0.0,0.0
ev_000016,3.859985828399658,9.096261978149414,112.19123077392578,3.859985828399658,9.096261978149414,112.19123077392578,0.0,0.0,0.0,0.0
ev_000017,3.3481900691986084,1.9178599119186401,21.15108871459961,9.459686279296875,0.7969539761543274,14.649869918823242,-6.1114959716796875,1.120905876159668,6.501218795776367,1.510629653930664
ev_000018,10.289990425109863,1.7977513074874878,30.380416870117188,1.2750611305236816,1.2752635478973389,14.387444496154785,9.014928817749023,0.5224877595901489,15.992972373962402,25.5303897857666
ev_000019,3.1515274047851562,2.3081021308898926,8.753628730773926,0.538540244102478,2.032991647720337,7.5060038566589355,2.6129870414733887,0.27511048316955566,1.2476248741149902,4.135723114013672
ev_000020,6.506009101867676,0.863827109336853,12.709739685058594,6.001919269561768,1.3863149881362915,2.290260076522827,0.5040898323059082,-0.5224878787994385,10.419479370117188,10.401082038879395
ev_000021,0.24705664813518524,0.7763044834136963,9.201419830322266,0.24705664813518524,0.7763044834136963,9.201419830322266,0.0,0.0,0.0,0.0
ev_000022,1.2909471988677979,6.9691667556762695,16.021150588989258,1.2760430574417114,1.452099323272705,10.587577819824219,0.014904141426086426,5.5170674324035645,5.433572769165039,10.965545654296875
ev_000023,3.463834762573242,3.0897552967071533,24.665681838989258,3.463834762573242,3.0897552967071533,24.665681838989258,0.0,0.0,0.0,0.0
ev_000024,3.0702662467956543,7.977802276611328,1.0039546489715576,3.273472547531128,0.5423302054405212,12.060359001159668,-0.20320630073547363,7.435472011566162,-11.056404113769531,-3.8241376876831055
ev_000025,8.10037612915039,4.243056774139404,26.32221031188965,7.736983299255371,0.6485500335693359,11.322210311889648,0.36339282989501953,3.5945067405700684,15.0,18.957897186279297
ev_000026,13.619501113891602,10.226573944091797,6.053647518157959,2.37347149848938,0.3187169134616852,16.782230377197266,11.2460298538208,9.907856941223145,-10.728582382202148,10.425304412841797
ev_000027,7.540253639221191,11.681015014648438,11.937643051147461,4.6371564865112305,1.0253511667251587,8.226685523986816,2.903097152709961,10.65566349029541,3.7109575271606445,17.269718170166016
ev_000028,4.123088359832764,4.996670722961426,16.837953567504883,4.123088359832764,4.996670722961426,16.837953567504883,0.0,0.0,0.0,0.0
ev_000029,4.201847553253174,2.3801584243774414,1.1777126789093018,4.201847553253174,2.3801584243774414,1.1777126789093018,0.0,0.0,0.0,0.0
ev_000030,2.2773425579071045,2.5819592475891113,13.344027519226074,2.1518473625183105,0.17471012473106384,16.441869735717773,0.12549519538879395,2.4072492122650146,-3.097842216491699,-0.5650978088378906
ev_000031,3.085224151611328,6.672441482543945,3.289029121398926,3.085224151611328,6.672441482543945,3.289029121398926,0.0,0.0,0.0,0.0
ev_000032,5.451688289642334,0.14414317905902863,36.52254867553711,4.599114418029785,7.2913289070129395,36.52254867553711,0.8525738716125488,-7.147185802459717,0.0,-6.294612884521484
ev_000033,6.302252292633057,4.0420308113098145,17.841842651367188,7.704774856567383,3.780851364135742,27.158157348632812,-1.4025225639343262,0.26117944717407227,-9.316314697265625,-10.457656860351562
ev_000034,9.496411323547363,4.505118370056152,25.613122940063477,3.7279319763183594,3.2561254501342773,16.753252029418945,5.768479347229004,1.248992919921875,8.859870910644531,15.87734603881836
ev_000035,1.8061450719833374,5.6350016593933105,8.288819313049316,1.8061450719833374,5.6350016593933105,8.288819313049316,0.0,0.0,0.0,0.0
ev_000036,0.7264012694358826,0.44335296750068665,20.25375747680664,0.7264012694358826,0.44335296750068665,20.25375747680664,0.0,0.0,0.0,0.0
ev_000037,3.1757919788360596,3.271601915359497,2.0920302867889404,3.1757919788360596,3.271601915359497,2.0920302867889404,0.0,0.0,0.0,0.0
ev_000038,5.041839599609375,3.391402244567871,6.9405083656311035,6.488344669342041,0.20310436189174652,6.9405083656311035,-1.446505069732666,3.188297986984253,0.0,1.7417926788330078
ev_000039,12.722801208496094,5.957324981689453,30.64593505859375,12.722801208496094,5.957324981689453,30.64593505859375,0.0,0.0,0.0,0.0
ev_000040,3.3809595108032227,5.740420818328857,26.453001022338867,3.3809595108032227,5.740420818328857,26.453001022338867,0.0,0.0,0.0,0.0
ev_000041,3.005051374435425,10.429664611816406,9.227673530578613,2.0120785236358643,0.11562642455101013,58.49909210205078,0.9929728507995605,10.314038276672363,-49.271419525146484,-37.96440887451172
ev_000042,1.946886420249939,0.358576238155365,31.106908798217773,1.946886420249939,0.358576238155365,31.106908798217773,0.0,0.0,0.0,0.0
ev_000043,17.628372192382812,1.18778395652771,24.051162719726562,5.7626824378967285,1.3571447134017944,21.50383949279785,11.865690231323242,-0.16936075687408447,2.547323226928711,14.243650436401367
ev_000044,10.426246643066406,1.2505111694335938,2.4420180320739746,10.426246643066406,1.2505111694335938,2.4420180320739746,0.0,0.0,0.0,0.0
ev_000045,10.517388343811035,7.872010707855225,10.999166488647461,10.517388343811035,7.872010707855225,10.999166488647461,0.0,0.0,0.0,0.0
ev_000046,10.578727722167969,0.20151332020759583,3.9721364974975586,10.578727722167969,0.20151332020759583,3.9721364974975586,0.0,0.0,0.0,0.0
ev_000047,7.682659149169922,0.6298806071281433,1.2246835231781006,2.722517490386963,0.6519779562950134,6.431471824645996,4.960141658782959,-0.022097349166870117,-5.206788063049316,-0.26874351501464844
ev_000048,2.8157448768615723,5.4307861328125,27.387351989746094,0.3737689256668091,1.4985644817352295,12.387351036071777,2.4419760704040527,3.9322216510772705,15.000000953674316,21.374195098876953
ev_000049,3.2687463760375977,8.985905647277832,7.895381927490234,10.772125244140625,5.7599639892578125,14.396600723266602,-7.503378868103027,3.2259416580200195,-6.501218795776367,-10.778656005859375
ev_000050,4.098292827606201,2.052396774291992,10.830938339233398,0.15741313993930817,1.7885688543319702,4.169061660766602,3.9408795833587646,0.263827919960022,6.661876678466797,10.866584777832031
ev_000051,3.678595781326294,0.0879402831196785,0.6062765121459961,5.814213275909424,8.684584617614746,0.4958372116088867,-2.13561749458313,-8.596644401550293,0.11043930053710938,-10.62182331085205
ev_000052,3.2982232570648193,1.048282504081726,3.349851131439209,4.796167373657227,1.9843318462371826,4.253481864929199,-1.4979441165924072,-0.9360493421554565,-0.9036307334899902,-3.3376245498657227
ev_000053,0.5423169136047363,0.5450950264930725,8.555601119995117,0.5423169136047363,0.5450950264930725,8.555601119995117,0.0,0.0,0.0,0.0
ev_000054,6.674647331237793,1.477277159690857,30.481712341308594,4.890403747558594,0.9547893404960632,14.488739013671875,1.7842435836791992,0.5224878191947937,15.992973327636719,18.299705505371094
ev_000055,3.9376649856567383,3.244492292404175,13.895771026611328,49.32844543457031,0.5964735150337219,0.6150475740432739,-45.39078140258789,2.6480188369750977,13.280723571777344,-29.462038040161133
ev_000056,2.964968681335449,10.770605087280273,1.3362253904342651,2.0974907875061035,8.939410209655762,6.2945146560668945,0.8674778938293457,1.8311948776245117,-4.95828914642334,-2.259617805480957
ev_000057,0.4312773644924164,8.610372543334961,33.430782318115234,0.4312773644924164,8.610372543334961,33.430782318115234,0.0,0.0,0.0,0.0
ev_000058,39.69639587402344,4.098169326782227,3.952561616897583,3.848154067993164,0.257203608751297,10.558257102966309,35.848243713378906,3.840965747833252,-6.605695724487305,33.08351135253906
ev_000059,3.283389091491699,3.129943609237671,27.476768493652344,3.1429901123046875,0.02012530155479908,18.116397857666016,0.14039897918701172,3.10981822013855,9.360370635986328,12.610588073730469
ev_000060,2.1792523860931396,3.2360594272613525,6.721635818481445,2.1792523860931396,3.2360594272613525,6.721635818481445,0.0,0.0,0.0,0.0
ev_000061,8.693538665771484,3.0670087337493896,19.389448165893555,8.693538665771484,3.0670087337493896,19.389448165893555,0.0,0.0,0.0,0.0
ev_000062,5.085381507873535,0.5854289531707764,5.275797367095947,0.36566364765167236,0.1451231688261032,1.4856551885604858,4.719717979431152,0.44030576944351196,3.790142059326172,8.950165748596191
ev_000063,8.81949520111084,2.384462356567383,20.967363357543945,8.81949520111084,2.384462356567383,20.967363357543945,0.0,0.0,0.0,0.0
ev_000064,0.6376979947090149,6.06123161315918,24.896467208862305,0.6376979947090149,6.06123161315918,24.896467208862305,0.0,0.0,0.0,0.0
ev_000065,4.773312091827393,1.5332216024398804,1.2657475471496582,4.773312091827393,1.5332216024398804,1.2657475471496582,0.0,0.0,0.0,0.0
ev_000066,2.8063392639160156,2.541644811630249,4.57634162902832,0.8706526160240173,1.743411660194397,10.329912185668945,1.9356865882873535,0.798233151435852,-5.753570556640625,-3.019650459289551
ev_000067,1.8124433755874634,2.8825924396514893,16.559812545776367,1.8124433755874634,2.8825924396514893,16.559812545776367,0.0,0.0,0.0,0.0
ev_000068,7.794559955596924,3.6413443088531494,36.28351593017578,8.211097717285156,0.534670352935791,21.28351593017578,-0.4165377616882324,3.1066739559173584,15.0,17.69013786315918
ev_000069,5.6121697425842285,10.772354125976562,86.84546661376953,5.6121697425842285,10.772354125976562,86.84546661376953,0.0,0.0,0.0,0.0
ev_000070,1.7946335077285767,7.011404991149902,12.589004516601562,1.6691385507583618,4.604156017303467,15.686847686767578,0.12549495697021484,2.4072489738464355,-3.0978431701660156,-0.5650997161865234
ev_000071,6.7062296867370605,6.640125274658203,21.411325454711914,5.206967353820801,0.4019148349761963,6.411324977874756,1.4992623329162598,6.238210678100586,15.0,22.737476348876953
ev_000072,7.219761371612549,1.0300166606903076,11.56950855255127,4.018674373626709,2.4826297760009766,2.9423882961273193,3.20108699798584,-1.452613115310669,8.627120018005371,10.375594139099121
ev_000073,4.203638076782227,5.899120330810547,15.520998001098633,3.3510642051696777,1.5363517999649048,2.034947156906128,0.8525738716125488,4.362768650054932,13.486050605773926,18.701393127441406
ev_000074,4.468287944793701,2.1918110847473145,3.0092146396636963,4.468287944793701,2.1918110847473145,3.0092146396636963,0.0,0.0,0.0,0.0
ev_000075,7.948347091674805,1.06801176071167,26.68035316467285,8.941319465637207,3.38669753074646,25.687381744384766,-0.9929723739624023,-2.31868577003479,0.9929714202880859,-2.3186874389648438
ev_000076,3.0813956260681152,2.9741132259368896,14.391407012939453,9.726480484008789,0.2276114672422409,22.890188217163086,-6.645084857940674,2.7465016841888428,-8.498781204223633,-12.39736557006836
ev_000077,12.838007926940918,3.073519468307495,26.150249481201172,8.731402397155762,2.1972014904022217,9.337034225463867,4.106605529785156,0.8763179779052734,16.813215255737305,21.7961368560791
ev_000078,0.3158065378665924,1.597983956336975,2.1879684925079346,0.6771662831306458,1.597983956336975,1.5015887022018433,-0.36135974526405334,0.0,0.6863797903060913,0.32501983642578125
ev_000079,0.5744448900222778,6.7666335105896,1.3701308965682983,0.21105243265628815,3.1721270084381104,13.285452842712402,0.3633924722671509,3.5945065021514893,-11.915322303771973,-7.957423210144043
ev_000080,4.330480098724365,0.36362284421920776,18.585298538208008,3.6588237285614014,6.590921878814697,3.585299253463745,0.6716563701629639,-6.227299213409424,14.999999046325684,9.444356918334961
ev_000081,12.233733177185059,1.3595131635665894,17.844663619995117,3.064699411392212,11.633793830871582,4.729292869567871,9.169034004211426,-10.274280548095703,13.115370750427246,12.010124206542969
ev_000082,17.428142547607422,4.0039825439453125,17.290019989013672,13.321537971496582,9.708793640136719,0.4768046736717224,4.10660457611084,-5.704811096191406,16.813215255737305,15.215009689331055
ev_000083,29.02730369567871,2.174103260040283,15.694154739379883,29.02730369567871,2.174103260040283,15.694154739379883,0.0,0.0,0.0,0.0
ev_000084,33.73115539550781,8.093423843383789,48.01613235473633,28.02591323852539,1.3890986442565918,18.016132354736328,5.705242156982422,6.704325199127197,30.0,42.409568786621094
ev_000085,3.023627758026123,7.0123209953308105,53.86003112792969,2.1710541248321533,0.42315125465393066,19.204280853271484,0.8525736331939697,6.589169502258301,34.6557502746582,42.097496032714844
ev_000086,9.76662826538086,0.03237132355570793,4.8543596267700195,10.130016326904297,0.03237132355570793,1.190750241279602,-0.3633880615234375,0.0,3.663609504699707,3.3002214431762695
ev_000087,13.566149711608887,4.724300861358643,29.02640724182129,1.8343037366867065,4.570888042449951,18.728609085083008,11.73184585571289,0.1534128189086914,10.297798156738281,22.183055877685547
ev_000088,7.782199859619141,2.1272695064544678,8.599242210388184,2.69386625289917,5.721776008605957,6.400757789611816,5.088333606719971,-3.5945065021514893,2.198484420776367,3.6923131942749023
ev_000089,2.893665075302124,0.9395561218261719,9.066960334777832,2.893665075302124,0.9395561218261719,9.066960334777832,0.0,0.0,0.0,0.0
ev_000090,7.166536808013916,0.6248953938484192,1.6536320447921753,7.707968235015869,1.3988999128341675,1.4442107677459717,-0.5414314270019531,-0.7740045189857483,0.2094212770462036,-1.1060142517089844
ev_000091,1.0955045223236084,4.099781513214111,11.930055618286133,1.5120424032211304,0.442834734916687,5.824515342712402,-0.416537880897522,3.6569466590881348,6.1055402755737305,9.345949172973633
ev_000092,3.4038727283477783,5.59229850769043,35.7221565246582,3.4038727283477783,5.59229850769043,35.7221565246582,0.0,0.0,0.0,0.0
ev_000093,1.1953034400939941,4.503371238708496,11.278525352478027,1.2102075815200806,2.568450927734375,5.84495210647583,-0.014904141426086426,1.934920310974121,5.433573246002197,7.353589057922363
ev_000094,7.550536632537842,3.696682929992676,9.468109130859375,6.441283702850342,3.696682929992676,20.500978469848633,1.1092529296875,0.0,-11.032869338989258,-9.923616409301758
ev_000095,13.506056785583496,6.4467058181762695,24.764293670654297,13.506056785583496,6.4467058181762695,24.764293670654297,0.0,0.0,0.0,0.0
ev_000096,4.5135498046875,0.7894984483718872,20.702938079833984,4.5135498046875,0.7894984483718872,20.702938079833984,0.0,0.0,0.0,0.0
ev_000097,7.303187847137451,1.46278977394104,1.5669611692428589,1.1291931867599487,0.5788661241531372,2.0966482162475586,6.173994541168213,0.8839236497879028,-0.5296870470046997,6.528231620788574
ev_000098,7.3850998878479,4.375009536743164,12.766853332519531,6.517621994018555,2.3275489807128906,4.159308433532715,0.8674778938293457,2.0474605560302734,8.607544898986816,11.522482872009277
ev_000099,9.96492862701416,2.379159688949585,43.27822494506836,10.328316688537598,3.90413236618042,37.57638168334961,-0.3633880615234375,-1.524972677230835,5.70184326171875,3.8134841918945312
ev_000100,7.714196681976318,8.161245346069336,0.9484007358551025,7.714196681976318,8.161245346069336,0.9484007358551025,0.0,0.0,0.0,0.0
ev_000101,16.857999801635742,6.926881313323975,0.3207738995552063,4.977421283721924,8.601791381835938,0.25650322437286377,11.880578994750977,-1.674910068511963,0.06427067518234253,10.269940376281738
ev_000102,4.963742256164551,1.788978934288025,15.268121719360352,4.963742256164551,1.788978934288025,15.268121719360352,0.0,0.0,0.0,0.0
ev_000103,4.556813716888428,1.7693501710891724,47.96654510498047,4.0527238845825195,1.2468624114990234,25.68120765686035,0.5040898323059082,0.5224877595901489,22.285337448120117,23.31191635131836
ev_000104,0.6679481267929077,5.517299175262451,27.67411994934082,0.3045557141304016,1.9227925539016724,12.67411994934082,0.3633924126625061,3.5945067405700684,15.0,18.95789909362793
ev_000105,11.715864181518555,7.627555847167969,0.7131150364875793,11.715864181518555,7.627555847167969,0.7131150364875793,0.0,0.0,0.0,0.0
ev_000106,18.9312686920166,0.9000241160392761,9.59316349029541,9.864822387695312,8.119553565979004,24.10398292541504,9.066446304321289,-7.219529628753662,-14.510819435119629,-12.663898468017578
ev_000107,4.298213005065918,5.599294662475586,8.194449424743652,3.3052399158477783,4.945995807647705,12.063435554504395,0.9929730892181396,0.6532988548278809,-3.868986129760742,-2.2227134704589844
ev_000108,43.44670104980469,0.021191252395510674,0.3107975125312805,43.44670104980469,0.021191252395510674,0.3107975125312805,0.0,0.0,0.0,0.0
ev_000109,1.375411033630371,0.8686848878860474,8.050607681274414,0.9603192806243896,3.9785032272338867,8.050607681274414,0.41509175300598145,-3.109818458557129,0.0,-2.6947269439697266
ev_000110,7.4151458740234375,5.781039237976074,3.61430025100708,7.4151458740234375,5.781039237976074,3.61430025100708,0.0,0.0,0.0,0.0
ev_000111,6.8059983253479,0.4242679476737976,8.360150337219238,6.442610263824463,1.2834630012512207,14.270589828491211,0.3633880615234375,-0.8591950535774231,-5.910439491271973,-6.406246185302734
ev_000112,7.579771995544434,3.3239023685455322,7.389102935791016,5.228104114532471,3.1743783950805664,0.041698794811964035,2.351667881011963,0.14952397346496582,7.3474040031433105,9.848596572875977
ev_000113,4.67372465133667,1.072696328163147,10.811993598937988,4.67372465133667,1.072696328163147,10.811993598937988,0.0,0.0,0.0,0.0
ev_000114,0.5446538925170898,0.13381917774677277,10.051963806152344,0.5446538925170898,0.13381917774677277,10.051963806152344,0.0,0.0,0.0,0.0
ev_000115,0.613455593585968,5.482473850250244,4.078007221221924,1.117545485496521,5.482473850250244,8.045138359069824,-0.504089891910553,0.0,-3.9671311378479004,-4.471220970153809
ev_000116,6.2262983322143555,2.3653879165649414,9.300834655761719,6.2262983322143555,2.3653879165649414,9.300834655761719,0.0,0.0,0.0,0.0
ev_000117,11.739632606506348,3.2998545169830322,27.501516342163086,11.59923267364502,6.409672737121582,12.501516342163086,0.14039993286132812,-3.10981822013855,15.0,12.030582427978516
ev_000118,1.8138480186462402,4.800835132598877,26.370868682861328,2.3027310371398926,0.868613600730896,19.609416961669922,-0.48888301849365234,3.9322214126586914,6.761451721191406,10.204788208007812
ev_000119,4.299349784851074,3.784775972366333,4.806830883026123,4.299349784851074,3.784775972366333,4.806830883026123,0.0,0.0,0.0,0.0
ev_000120,2.369279146194458,4.564462184906006,14.271971702575684,2.873368978500366,5.086949825286865,0.7280278205871582,-0.5040898323059082,-0.5224876403808594,13.543943405151367,12.517366409301758
ev_000121,1.6941767930984497,12.720487594604492,7.5422444343566895,18.31342315673828,0.2320518046617508,0.08849601447582245,-16.619245529174805,12.488435745239258,7.4537482261657715,3.322938919067383
ev_000122,9.720964431762695,2.358741283416748,39.529396057128906,10.084352493286133,0.8337687253952026,35.865787506103516,-0.3633880615234375,1.5249725580215454,3.6636085510253906,4.825191497802734
ev_000123,1.9018052816390991,1.4950875043869019,5.437817573547363,1.5384173393249512,1.4950875043869019,1.7742079496383667,0.36338794231414795,0.0,3.663609504699707,4.026997089385986
ev_000124,11.286474227905273,0.1403866559267044,17.1229190826416,4.756938934326172,0.9010383486747742,4.975210666656494,6.529535293579102,-0.760651707649231,12.147708892822266,17.91659164428711
ev_000125,9.363738059997559,0.04892541840672493,12.327266693115234,5.636261940002441,0.04892541840672493,12.327266693115234,3.727476119995117,0.0,0.0,3.7274742126464844
ev_000126,6.993090629577637,6.646176338195801,1.8453786373138428,6.993090629577637,6.646176338195801,1.8453786373138428,0.0,0.0,0.0,0.0
ev_000127,45.03530502319336,9.877492904663086,84.74596405029297,0.03530336543917656,0.4880602955818176,95.47454833984375,45.0,9.389432907104492,-10.728584289550781,43.66084289550781
ev_000128,6.522019386291504,1.4686273336410522,5.639855861663818,6.519410610198975,0.9710487127304077,0.3049425184726715,0.002608776092529297,0.49757862091064453,5.33491325378418,5.8351006507873535
ev_000129,6.145577907562256,3.842419147491455,23.998655319213867,8.854421615600586,3.842419147491455,23.998655319213867,-2.70884370803833,0.0,0.0,-2.708843231201172
ev_000130,3.1945767402648926,1.3256131410598755,3.668827533721924,3.1945767402648926,1.3256131410598755,3.668827533721924,0.0,0.0,0.0,0.0
ev_000131,8.850696563720703,4.860909461975098,1.4054769277572632,8.850696563720703,4.860909461975098,1.4054769277572632,0.0,0.0,0.0,0.0
ev_000132,5.594715595245361,3.7336416244506836,0.6221784353256226,5.594715595245361,3.7336416244506836,0.6221784353256226,0.0,0.0,0.0,0.0
ev_000133,4.677452564239502,0.29686489701271057,30.80080795288086,4.677452564239502,0.29686489701271057,30.80080795288086,0.0,0.0,0.0,0.0
ev_000134,3.6492249965667725,9.162644386291504,36.628570556640625,4.065762996673584,4.2085490226745605,24.588111877441406,-0.4165380001068115,4.954095363616943,12.040458679199219,16.578018188476562
ev_000135,5.090445041656494,3.752751588821411,21.696462631225586,5.090445041656494,3.752751588821411,21.696462631225586,0.0,0.0,0.0,0.0
ev_000136,10.219244956970215,4.958078384399414,6.113938808441162,5.833769798278809,11.18537712097168,8.886061668395996,4.385475158691406,-6.227298736572266,-2.772122859954834,-4.613946914672852
ev_000137,1.2421245574951172,1.6852277517318726,6.061906337738037,9.120258331298828,4.651280879974365,0.043634116649627686,-7.878133773803711,-2.966053009033203,6.018272399902344,-4.825915336608887
ev_000138,5.9292755126953125,1.525390625,14.389291763305664,4.430013179779053,5.51664924621582,0.6107086539268494,1.4992623329162598,-3.9912586212158203,13.778583526611328,11.28658676147461
ev_000139,3.998725652694702,3.8107218742370605,11.209391593933105,4.124220848083496,1.4034727811813354,8.111549377441406,-0.12549519538879395,2.4072489738464355,3.097842216491699,5.379595756530762
ev_000140,1.6560866832733154,2.0670347213745117,17.40006446838379,6.01348352432251,8.294333457946777,17.40006446838379,-4.357397079467773,-6.227298736572266,0.0,-10.584695816040039
ev_000141,4.887239933013916,0.178067147731781,23.425838470458984,5.027638912200928,3.2878854274749756,11.360246658325195,-0.14039897918701172,-3.10981822013855,12.065591812133789,8.815376281738281
ev_000142,5.7871294021606445,0.07647797465324402,15.203023910522461,5.7871294021606445,0.07647797465324402,15.203023910522461,0.0,0.0,0.0,0.0
ev_000143,2.0068225860595703,7.519260406494141,22.25682258605957,2.0068225860595703,7.519260406494141,22.25682258605957,0.0,0.0,0.0,0.0
ev_000144,89.5154800415039,3.543775796890259,3.5893499851226807,89.5154800415039,3.543775796890259,3.5893499851226807,0.0,0.0,0.0,0.0
ev_000145,6.263622283935547,5.274986743927002,22.41377067565918,6.263622283935547,5.274986743927002,22.41377067565918,0.0,0.0,0.0,0.0
ev_000146,8.169523239135742,10.518380165100098,8.423569679260254,12.084095001220703,2.434159517288208,0.7928297519683838,-3.914571762084961,8.084220886230469,7.630740165710449,11.800389289855957
ev_000147,2.2356481552124023,2.8803133964538574,1.08412766456604,2.2356481552124023,2.8803133964538574,1.08412766456604,0.0,0.0,0.0,0.0
ev_000148,1.8018884658813477,3.13173246383667,21.513601303100586,1.8018884658813477,3.13173246383667,21.513601303100586,0.0,0.0,0.0,0.0
ev_000149,0.2343578338623047,1.2619637250900269,0.5464878678321838,12.048379898071289,12.985960960388184,11.588495254516602,-11.814022064208984,-11.723997116088867,-11.042007446289062,-34.58002471923828
ev_000150,10.368704795837402,1.0196613073349,6.066817283630371,10.368704795837402,1.0196613073349,6.066817283630371,0.0,0.0,0.0,0.0
ev_000151,6.221595764160156,4.043607234954834,32.42784881591797,6.221595764160156,4.043607234954834,32.42784881591797,0.0,0.0,0.0,0.0
ev_000152,13.317450523376465,1.993499994277954,16.422210693359375,1.6825495958328247,1.993499994277954,16.422210693359375,11.63490104675293,0.0,0.0,11.63490104675293
ev_000153,3.7143280506134033,0.7734348773956299,5.871611595153809,14.607722282409668,8.53467845916748,5.021782875061035,-10.893394470214844,-7.76124382019043,0.8498287200927734,-17.8048095703125
ev_000154,18.20992660522461,3.2047407627105713,15.708944320678711,18.20992660522461,3.2047407627105713,15.708944320678711,0.0,0.0,0.0,0.0
ev_000155,1.3201065063476562,0.3381454646587372,10.235986709594727,1.3201065063476562,0.3381454646587372,10.235986709594727,0.0,0.0,0.0,0.0
ev_000156,7.352210521697998,0.502773642539978,27.58376121520996,7.352210521697998,0.502773642539978,27.58376121520996,0.0,0.0,0.0,0.0
ev_000157,8.646528244018555,8.149126052856445,12.082430839538574,8.646528244018555,8.149126052856445,12.082430839538574,0.0,0.0,0.0,0.0
ev_000158,9.072898864746094,0.6659066081047058,2.6424543857574463,0.46503159403800964,0.4549993574619293,3.858764886856079,8.607867240905762,0.2109072506427765,-1.2163105010986328,7.602464199066162
ev_000159,12.418655395507812,0.8832547664642334,27.941329956054688,12.418655395507812,0.8832547664642334,27.941329956054688,0.0,0.0,0.0,0.0
ev_000160,1.0390313863754272,1.947266697883606,19.987701416015625,1.0390313863754272,13.052733421325684,19.987701416015625,0.0,-11.105466842651367,0.0,-11.10546875
ev_000161,2.905357599258423,2.4354567527770996,13.23987102508545,2.905357599258423,2.4354567527770996,13.23987102508545,0.0,0.0,0.0,0.0
ev_000162,4.690984725952148,0.2618519365787506,8.259591102600098,4.690984725952148,3.856358528137207,5.389102935791016,0.0,-3.5945065021514893,2.870488166809082,-0.7240190505981445
ev_000163,6.437459945678711,1.434631109237671,12.77210807800293,41.8148307800293,2.406334638595581,54.16996765136719,-35.37737274169922,-0.9717035293579102,-41.397857666015625,-77.74693298339844
ev_000164,1.8582097291946411,4.658817768096924,26.050817489624023,1.8582097291946411,4.658817768096924,26.050817489624023,0.0,0.0,0.0,0.0
ev_000165,2.4883720874786377,1.7129276990890503,12.2614164352417,2.4883720874786377,0.69432133436203,12.2614164352417,0.0,1.018606424331665,0.0,1.0186052322387695
ev_000166,35.13655090332031,3.568305492401123,104.83414459228516,35.13655090332031,3.568305492401123,104.83414459228516,0.0,0.0,0.0,0.0
ev_000167,8.409454345703125,8.878486633300781,34.46479034423828,8.409454345703125,8.878486633300781,34.46479034423828,0.0,0.0,0.0,0.0
ev_000168,1.7375239133834839,3.3405370712280273,1.0183939933776855,1.7375239133834839,3.3405370712280273,1.0183939933776855,0.0,0.0,0.0,0.0
ev_000169,1.1279759407043457,1.9019523859024048,7.150805473327637,1.1279759407043457,1.9019523859024048,7.150805473327637,0.0,0.0,0.0,0.0
ev_000170,7.138028621673584,5.268013000488281,8.342578887939453,7.138028621673584,5.268013000488281,8.342578887939453,0.0,0.0,0.0,0.0
ev_000171,6.18684196472168,3.748701333999634,4.093410015106201,3.994718313217163,0.5227591395378113,10.594629287719727,2.1921236515045166,3.2259421348571777,-6.501219272613525,-1.0831527709960938
ev_000172,0.6779628396034241,0.8051142692565918,11.048524856567383,11.987895011901855,0.8051142692565918,5.053588390350342,-11.309931755065918,0.0,5.994936466217041,-5.314995765686035
ev_000173,5.020046710968018,3.1364121437072754,3.368359327316284,5.020046710968018,3.1364121437072754,3.368359327316284,0.0,0.0,0.0,0.0
ev_000174,1.1336742639541626,2.394617795944214,2.028381824493408,1.1336742639541626,2.394617795944214,2.028381824493408,0.0,0.0,0.0,0.0
ev_000175,1.0937411785125732,0.8280953764915466,47.65199661254883,1.0937411785125732,0.8280953764915466,47.65199661254883,0.0,0.0,0.0,0.0
ev_000176,5.3819966316223145,1.0679504871368408,13.168389320373535,5.3819966316223145,1.0679504871368408,13.168389320373535,0.0,0.0,0.0,0.0
ev_000177,6.321888446807861,1.777389645576477,14.534276008605957,2.215282917022705,5.33809232711792,11.099327087402344,4.106605529785156,-3.5607028007507324,3.4349489212036133,3.9808521270751953
ev_000178,0.7900402545928955,2.6051480770111084,4.923971652984619,6.433740139007568,8.018752098083496,6.278666019439697,-5.643699645996094,-5.413603782653809,-1.3546943664550781,-12.411996841430664
ev_000179,8.593308448791504,0.28332048654556274,2.747767448425293,0.41457322239875793,8.40711498260498,3.849881172180176,8.17873477935791,-8.123794555664062,-1.1021137237548828,-1.0471735000610352
ev_000180,0.0060147475451231,1.790238618850708,3.7653098106384277,0.0060147475451231,1.790238618850708,3.7653098106384277,0.0,0.0,0.0,0.0
ev_000181,1.9586726427078247,1.0427041053771973,5.139084339141846,1.8331776857376099,1.0427041053771973,2.041241407394409,0.12549495697021484,0.0,3.0978429317474365,3.2233381271362305
ev_000182,0.49926137924194336,3.3771095275878906,0.48628711700439453,0.49926137924194336,3.3771095275878906,0.48628711700439453,0.0,0.0,0.0,0.0
ev_000183,3.587226152420044,0.03659350425004959,1.4371938705444336,3.587226152420044,0.03659350425004959,1.4371938705444336,0.0,0.0,0.0,0.0
ev_000184,1.859580397605896,7.92018461227417,18.89541244506836,1.859580397605896,0.6233919262886047,18.89541244506836,0.0,7.296792507171631,0.0,7.296792984008789
ev_000185,2.8133928775787354,2.4908435344696045,10.439634323120117,0.4501667320728302,13.149749755859375,3.5673928260803223,2.3632261753082275,-10.658905982971191,6.872241497039795,-1.4234380722045898
ev_000186,9.982648849487305,2.979306221008301,42.09706115722656,9.982648849487305,2.979306221008301,42.09706115722656,0.0,0.0,0.0,0.0
ev_000187,3.5132102966308594,0.9218838810920715,10.711038589477539,7.796722412109375,11.580790519714355,1.9709248542785645,-4.283512115478516,-10.658906936645508,8.740114212036133,-6.202304840087891
ev_000188,13.133895874023438,1.4332590103149414,19.474119186401367,0.8810653686523438,5.557858943939209,10.7747802734375,12.252830505371094,-4.124599933624268,8.699338912963867,16.82756996154785
ev_000189,0.9108451008796692,0.44506514072418213,5.751347064971924,0.4219621419906616,0.44506514072418213,1.0101053714752197,0.48888295888900757,0.0,4.741241455078125,5.230124473571777
ev_000190,5.882839679718018,4.076577663421631,21.307979583740234,5.393957138061523,0.14435593783855438,32.51304626464844,0.48888254165649414,3.9322216510772705,-11.205066680908203,-6.783964157104492
ev_000191,3.5542962551116943,0.2479887753725052,29.037155151367188,3.190903902053833,0.2479887753725052,27.59065055847168,0.36339235305786133,0.0,1.4465045928955078,1.809896469116211
ev_000192,0.8844296336174011,2.4821925163269043,7.881433486938477,0.8844296336174011,2.4821925163269043,7.881433486938477,0.0,0.0,0.0,0.0
ev_000193,5.825856685638428,5.788219928741455,6.983296871185303,0.02328098751604557,1.6472524404525757,8.016702651977539,5.802575588226318,4.14096736907959,-1.0334057807922363,8.910138130187988
ev_000194,4.496653079986572,1.774598240852356,6.967326641082764,4.133265018463135,1.774598240852356,15.663414001464844,0.3633880615234375,0.0,-8.696086883544922,-8.3326997756958
ev_000195,4.044759750366211,4.177234172821045,44.795631408691406,4.044759750366211,4.177234172821045,44.795631408691406,0.0,0.0,0.0,0.0
ev_000196,0.8900733590126038,6.547194004058838,6.329710006713867,3.574437379837036,1.0173338651657104,4.394023418426514,-2.684364080429077,5.529860019683838,1.9356865882873535,4.781183242797852
ev_000197,5.782167434692383,6.335864543914795,82.68461608886719,5.782167434692383,6.335864543914795,82.68461608886719,0.0,0.0,0.0,0.0
ev_000198,2.860335350036621,2.8416783809661865,34.370914459228516,3.000734329223633,0.26813995838165283,19.37091636657715,-0.14039897918701172,2.573538303375244,14.999998092651367,17.43313980102539
ev_000199,7.189165115356445,7.386626243591309,13.212918281555176,6.825772762298584,3.7921195030212402,14.659423828125,0.36339235305786133,3.5945067405700684,-1.4465055465698242,2.511392593383789
ev_000200,1.8630250692367554,0.148431658744812,11.355711936950684,1.8630250692367554,0.148431658744812,11.355711936950684,0.0,0.0,0.0,0.0
ev_000201,6.414297103881836,1.3810824155807495,6.358397006988525,6.414297103881836,1.3810824155807495,6.358397006988525,0.0,0.0,0.0,0.0
ev_000202,6.157214164733887,8.086006164550781,24.059171676635742,6.157214164733887,8.086006164550781,24.059171676635742,0.0,0.0,0.0,0.0
ev_000203,6.780435562133789,0.8533660173416138,73.32583618164062,6.780435562133789,0.8533660173416138,73.32583618164062,0.0,0.0,0.0,0.0
ev_000204,4.423800468444824,4.085592746734619,6.767307758331299,4.423800468444824,4.085592746734619,6.767307758331299,0.0,0.0,0.0,0.0
ev_000205,4.796996593475342,1.487471342086792,3.9820501804351807,5.6644744873046875,1.453100323677063,11.351309776306152,-0.8674778938293457,0.034371018409729004,-7.369259834289551,-8.20236587524414
ev_000206,9.065665245056152,13.489056587219238,14.182022094726562,6.774250507354736,2.9437663555145264,0.6057409048080444,2.291414737701416,10.545289993286133,13.576281547546387,26.412986755371094
ev_000207,26.366294860839844,7.1020731925964355,30.571306228637695,3.633704900741577,0.3333990275859833,0.5713058710098267,22.732589721679688,6.768674373626709,30.0,59.50126266479492
ev_000208,0.8691637516021729,3.3683242797851562,0.6351712942123413,0.8542596697807312,0.6800366640090942,4.798401832580566,0.01490408182144165,2.6882877349853516,-4.1632304191589355,-1.460038661956787
ev_000209,2.834953784942627,8.684762001037598,1.7972716093063354,3.8863089084625244,4.288326263427734,6.328921318054199,-1.0513551235198975,4.396435737609863,-4.531649589538574,-1.186568260192871
ev_000210,0.3682677149772644,1.5518521070480347,8.768028259277344,0.493762731552124,1.5518521070480347,5.670185565948486,-0.12549501657485962,0.0,3.0978426933288574,2.972348213195801
ev_000211,3.8203213214874268,7.372416973114014,117.45257568359375,3.3311400413513184,1.1610881090164185,0.08923065662384033,0.4891812801361084,6.211328983306885,117.36334228515625,124.06385040283203
ev_000212,6.525432586669922,6.440551280975342,18.50275230407715,3.172578811645508,4.783623695373535,9.256322860717773,3.352853775024414,1.6569275856018066,9.246429443359375,14.25621223449707
ev_000213,12.309953689575195,0.7945537567138672,10.95142650604248,12.309953689575195,0.7945537567138672,10.95142650604248,0.0,0.0,0.0,0.0
ev_000214,1.3652268648147583,8.381306648254395,26.616012573242188,2.863170623779297,5.161118507385254,19.012678146362305,-1.4979437589645386,3.2201881408691406,7.603334426879883,9.325576782226562
ev_000215,9.827560424804688,0.11666571348905563,39.73785400390625,9.953055381774902,2.290583372116089,27.79234504699707,-0.12549495697021484,-2.173917770385742,11.94550895690918,9.646095275878906
ev_000216,6.432480812072754,3.427427053451538,6.095668315887451,5.943299293518066,0.41353875398635864,89.9388198852539,0.4891815185546875,3.013888359069824,-83.84315490722656,-80.34008026123047
ev_000217,1.2346279621124268,2.857635974884033,40.439735412597656,3.4267516136169434,3.9785420894622803,32.93201446533203,-2.1921236515045166,-1.120906114578247,7.507720947265625,4.194690704345703
ev_000218,5.000616073608398,4.565147876739502,20.394460678100586,5.000616073608398,4.565147876739502,20.394460678100586,0.0,0.0,0.0,0.0
ev_000219,6.474981307983398,2.4231791496276855,24.34710693359375,0.7065016627311707,1.7650251388549805,18.493215560913086,5.768479824066162,0.6581540107727051,5.853891372680664,12.280527114868164
ev_000220,10.116710662841797,7.502808094024658,1.7695107460021973,10.116710662841797,7.502808094024658,1.7695107460021973,0.0,0.0,0.0,0.0
ev_000221,7.958579063415527,7.887670040130615,34.490604400634766,7.958579063415527,7.887670040130615,34.490604400634766,0.0,0.0,0.0,0.0
ev_000222,14.017879486083984,1.3922178745269775,0.3626977205276489,14.017879486083984,1.3922178745269775,0.3626977205276489,0.0,0.0,0.0,0.0
ev_000223,5.0173797607421875,1.3482636213302612,32.062625885009766,5.0173797607421875,1.3482636213302612,32.062625885009766,0.0,0.0,0.0,0.0
ev_000224,1.0373406410217285,0.7378840446472168,26.04136085510254,0.9118456840515137,1.6693650484085083,11.041360855102539,0.12549495697021484,-0.9314810037612915,15.0,14.194013595581055
ev_000225,13.509140968322754,0.8151355385780334,27.36655616760254,1.490858554840088,0.8151355385780334,27.36655616760254,12.018281936645508,0.0,0.0,12.01828384399414
ev_000226,3.954450845718384,0.16407491266727448,25.77761459350586,7.6445183753967285,4.177018642425537,19.923723220825195,-3.6900675296783447,-4.012943744659424,5.853891372680664,-1.8491191864013672
ev_000227,6.738757610321045,2.987576723098755,5.655914783477783,6.738757610321045,2.987576723098755,5.655914783477783,0.0,0.0,0.0,0.0
ev_000228,6.5416364669799805,0.8061621785163879,3.9653711318969727,6.5416364669799805,0.8061621785163879,3.9653711318969727,0.0,0.0,0.0,0.0
ev_000229,1.7759214639663696,0.9778167605400085,13.824151039123535,1.7759214639663696,0.9778167605400085,13.824151039123535,0.0,0.0,0.0,0.0
ev_000230,5.5302534103393555,11.344816207885742,4.073824882507324,5.515349388122559,6.593073844909668,9.507397651672363,0.014904022216796875,4.751742362976074,-5.433572769165039,-0.6669273376464844
ev_000231,6.654908657073975,1.4190970659255981,4.156940460205078,6.654908657073975,1.4190970659255981,4.156940460205078,0.0,0.0,0.0,0.0
ev_000232,4.138615608215332,0.5589515566825867,17.259634017944336,4.138615608215332,0.5589515566825867,17.259634017944336,0.0,0.0,0.0,0.0
ev_000233,9.456807136535645,5.1989545822143555,6.136321067810059,7.958863258361816,2.4017174243927,3.621472120285034,1.4979438781738281,2.7972371578216553,2.5148489475250244,6.810030937194824
ev_000234,1.9499619007110596,4.223412036895752,19.712533950805664,1.9499619007110596,4.223412036895752,19.712533950805664,0.0,0.0,0.0,0.0
ev_000235,8.561420440673828,6.419940948486328,37.27348709106445,8.421021461486816,3.310122489929199,24.456722259521484,0.14039897918701172,3.109818458557129,12.816764831542969,16.06698226928711
ev_000236,6.949370384216309,5.261009216308594,10.865399360656738,6.585978031158447,1.6665027141571045,12.311904907226562,0.36339235305786133,3.5945065021514893,-1.4465055465698242,2.511394500732422
ev_000237,4.730673789978027,6.166776657104492,10.041327476501465,1.5845527648925781,3.2625815868377686,3.374030590057373,3.146121025085449,2.9041950702667236,6.667296886444092,12.717613220214844
ev_000238,14.233577728271484,3.4837992191314697,15.489083290100098,0.7664225101470947,0.35716643929481506,0.48908311128616333,13.467155456542969,3.1266326904296875,15.0,31.593786239624023
ev_000239,1.0012425184249878,0.19156868755817413,5.838376522064209,1.0012425184249878,0.19156868755817413,5.838376522064209,0.0,0.0,0.0,0.0
ev_000240,5.318542957305908,2.7651307582855225,24.902109146118164,6.311515808105469,1.6895785331726074,25.2830810546875,-0.9929728507995605,1.075552225112915,-0.38097190856933594,-0.29839324951171875
ev_000241,1.2024425268173218,0.682755708694458,21.40873146057129,1.2024425268173218,0.682755708694458,21.40873146057129,0.0,0.0,0.0,0.0
ev_000242,4.391683101654053,4.559197425842285,11.28537368774414,4.517178058624268,2.1519482135772705,8.187530517578125,-0.12549495697021484,2.4072492122650146,3.0978431701660156,5.379596710205078
ev_000243,3.462524652481079,2.3360278606414795,8.278814315795898,3.462524652481079,2.3360278606414795,8.278814315795898,0.0,0.0,0.0,0.0
ev_000244,3.669618606567383,5.886409759521484,20.74488639831543,0.23466980457305908,6.408897399902344,11.498456954956055,3.4349489212036133,-0.5224876403808594,9.246429443359375,12.158889770507812
ev_000245,65.505859375,7.396104335784912,77.446533203125,80.505859375,3.8015975952148438,76.0000228881836,-15.0,3.5945067405700684,1.4465103149414062,-9.958984375
ev_000246,40.79671859741211,2.068167209625244,1.6194921731948853,40.79671859741211,2.068167209625244,1.6194921731948853,0.0,0.0,0.0,0.0
ev_000247,5.684208869934082,5.448098659515381,1.9944400787353516,2.559513568878174,5.448098659515381,1.669169306755066,3.124695301055908,0.0,0.32527077198028564,3.449965476989746
ev_000248,2.403487205505371,1.9743746519088745,5.421833515167236,0.905543327331543,1.2458131313323975,13.025166511535645,1.4979438781738281,0.728561520576477,-7.603332996368408,-5.376827239990234
ev_000249,5.322517395019531,7.086376190185547,7.05858850479126,5.322517395019531,7.086376190185547,7.05858850479126,0.0,0.0,0.0,0.0
ev_000250,7.550670623779297,4.1448774337768555,24.479280471801758,7.1872782707214355,0.5503708720207214,9.60997200012207,0.36339235305786133,3.5945065021514893,14.869308471679688,18.827205657958984
ev_000251,21.17484474182129,2.149080991744995,31.23874282836914,53.825157165527344,0.27549469470977783,12.848014831542969,-32.65031433105469,1.8735862970352173,18.390727996826172,-12.386001586914062
ev_000252,0.6059850454330444,1.9547947645187378,17.124483108520508,0.6059850454330444,1.9547947645187378,17.124483108520508,0.0,0.0,0.0,0.0
ev_000253,0.45677146315574646,2.230715036392212,30.721710205078125,3.8917202949523926,1.708227276802063,14.728736877441406,-3.4349489212036133,0.5224877595901489,15.992973327636719,13.080511093139648
ev_000254,19.81216812133789,4.903620719909668,2.324486494064331,19.81216812133789,4.903620719909668,2.324486494064331,0.0,0.0,0.0,0.0
ev_000255,11.174980163574219,2.619274377822876,10.608864784240723,11.174980163574219,2.619274377822876,10.608864784240723,0.0,0.0,0.0,0.0
ev_000256,4.079940319061279,2.3637382984161377,3.027297258377075,4.568823337554932,1.5684833526611328,26.972702026367188,-0.48888301849365234,0.7952549457550049,-23.945404052734375,-23.6390323638916
ev_000257,5.992546081542969,9.36795711517334,26.9058780670166,5.6142497062683105,0.25638315081596375,8.694552421569824,0.3782963752746582,9.111574172973633,18.211326599121094,27.701194763183594
ev_000258,3.4869465827941895,0.3590468764305115,11.801528930664062,3.4869465827941895,0.3590468764305115,11.801528930664062,0.0,0.0,0.0,0.0
ev_000259,3.732661724090576,6.249744892120361,18.154090881347656,3.732661724090576,6.249744892120361,18.154090881347656,0.0,0.0,0.0,0.0
ev_000260,2.732520580291748,2.9120919704437256,2.399509906768799,3.2366104125976562,2.6266801357269287,6.366640567779541,-0.5040898323059082,0.2854118347167969,-3.967130661010742,-4.185808181762695
ev_000261,9.72818374633789,1.626030683517456,22.853313446044922,9.72818374633789,1.626030683517456,22.853313446044922,0.0,0.0,0.0,0.0
ev_000262,0.9438044428825378,6.757080078125,2.2069597244262695,0.8694100975990295,4.909756660461426,1.7177784442901611,0.0743943452835083,1.8473234176635742,0.4891812801361084,2.4108991622924805
ev_000263,7.412746906280518,2.585482358932495,29.359270095825195,7.412746906280518,2.585482358932495,29.359270095825195,0.0,0.0,0.0,0.0
ev_000264,4.896340847015381,6.1298651695251465,118.90674591064453,4.655378818511963,1.3056071996688843,163.90675354003906,0.24096202850341797,4.824257850646973,-45.00000762939453,-39.934783935546875
ev_000265,0.40979665517807007,5.783008098602295,27.960603713989258,0.40979665517807007,5.783008098602295,27.960603713989258,0.0,0.0,0.0,0.0
ev_000266,1.4770989418029785,4.926673412322998,7.303286075592041,12.787031173706055,0.09986276924610138,6.201172351837158,-11.309932708740234,4.826810836791992,1.1021137237548828,-5.381008148193359
ev_000267,0.3584713637828827,4.506624221801758,15.209228515625,15.634501457214355,8.961333274841309,14.216255187988281,-15.276030540466309,-4.454709053039551,0.9929733276367188,-18.737764358520508
ev_000268,4.087790012359619,1.0950417518615723,4.139355659484863,3.0948173999786377,6.085455894470215,2.105417251586914,0.9929726123809814,-4.990414142608643,2.033938407897949,-1.9635028839111328
ev_000269,11.870991706848145,4.2621636390686035,31.106088638305664,2.2615303993225098,2.214703321456909,23.4753475189209,9.609460830688477,2.0474603176116943,7.630741119384766,19.287662506103516
ev_000270,4.183349609375,5.17294979095459,31.363264083862305,11.32073974609375,5.695437431335449,20.330394744873047,-7.13739013671875,-0.5224876403808594,11.032869338989258,3.3729896545410156
ev_000271,4.976402759552002,0.9270323514938354,8.438163757324219,4.976402759552002,0.9270323514938354,8.438163757324219,0.0,0.0,0.0,0.0
ev_000272,0.8950772881507874,0.8449305295944214,4.2552947998046875,1.020572304725647,0.8449305295944214,1.1574519872665405,-0.12549501657485962,0.0,3.0978426933288574,2.9723477363586426
ev_000273,2.448601245880127,3.919224500656128,17.34003448486328,2.574096202850342,1.5119754076004028,14.242191314697266,-0.12549495697021484,2.4072489738464355,3.0978431701660156,5.379596710205078
ev_000274,4.175400733947754,2.3154568672180176,17.376127243041992,4.175400733947754,2.3154568672180176,17.376127243041992,0.0,0.0,0.0,0.0
ev_000275,2.2203400135040283,1.1509733200073242,17.278104782104492,0.02821626327931881,1.1509733200073242,2.2781050205230713,2.1921236515045166,0.0,15.0,17.192123413085938
ev_000276,6.133093357086182,5.661902904510498,6.1012654304504395,7.999428749084473,5.661902904510498,13.732006072998047,-1.866335391998291,0.0,-7.630740642547607,-9.497076034545898
ev_000277,4.673205852508545,15.662779808044434,30.2731990814209,0.5109299421310425,11.321686744689941,15.273198127746582,4.162275791168213,4.341093063354492,15.000000953674316,23.503368377685547
ev_000278,0.581483006477356,1.9371528625488281,23.41712760925293,0.07739315181970596,1.4146651029586792,8.417126655578613,0.5040898323059082,0.5224877595901489,15.000000953674316,16.026578903198242
ev_000279,2.486339569091797,10.584338188171387,28.336990356445312,5.725467205047607,2.832066535949707,13.336991310119629,-3.2391276359558105,7.75227165222168,14.999999046325684,19.513145446777344
ev_000280,8.391429901123047,3.1559031009674072,20.58241844177246,8.391429901123047,3.1559031009674072,20.58241844177246,0.0,0.0,0.0,0.0
ev_000281,1.9582971334457397,1.3436617851257324,2.5203464031219482,1.9582971334457397,1.3436617851257324,2.5203464031219482,0.0,0.0,0.0,0.0
ev_000282,3.90828537940979,0.7819401621818542,7.645063400268555,3.90828537940979,0.7819401621818542,7.645063400268555,0.0,0.0,0.0,0.0
ev_000283,0.8124536275863647,2.0152201652526855,0.20528806746006012,1.1758415699005127,2.0152201652526855,15.20528793334961,-0.36338794231414795,0.0,-15.0,-15.363387107849121
ev_000284,2.1494109630584717,0.33638903498649597,12.120859146118164,2.1494109630584717,0.33638903498649597,12.120859146118164,0.0,0.0,0.0,0.0
ev_000285,2.8072338104248047,6.5268120765686035,9.433246612548828,2.8072338104248047,6.5268120765686035,9.433246612548828,0.0,0.0,0.0,0.0
ev_000286,9.740479469299316,3.222254991531372,0.06034485623240471,5.1340250968933105,3.7754011154174805,1.0647040605545044,4.606454372406006,-0.5531461238861084,-1.004359245300293,3.0489492416381836
ev_000287,6.051177501678467,0.1341511458158493,2.43972110748291,0.1578664928674698,13.744942665100098,3.337750196456909,5.893311023712158,-13.610791206359863,-0.898029088973999,-8.615509033203125
ev_000288,2.704066514968872,0.4864446222782135,22.146595001220703,27.29593276977539,6.612910270690918,7.818251132965088,-24.59186553955078,-6.126465797424316,14.328344345092773,-16.389989852905273
ev_000289,4.443131446838379,1.6240499019622803,12.377241134643555,9.563896179199219,1.6240499019622803,1.6486585140228271,-5.12076473236084,0.0,10.728582382202148,5.607818603515625
ev_000290,7.822075843811035,9.11218547821045,4.742641925811768,7.822075843811035,9.11218547821045,4.742641925811768,0.0,0.0,0.0,0.0
ev_000291,1.055979609489441,6.635502338409424,0.3590196669101715,1.055979609489441,6.635502338409424,0.3590196669101715,0.0,0.0,0.0,0.0
ev_000292,19.480737686157227,3.512662172317505,23.657432556152344,2.0365118980407715,0.08184438198804855,6.3425679206848145,17.444225311279297,3.4308178424835205,17.314865112304688,38.189910888671875
ev_000293,67.52466583251953,13.445796012878418,35.201725006103516,3.3802988529205322,6.010324001312256,7.474371433258057,64.14436340332031,7.435472011566162,27.727354049682617,99.30718994140625
ev_000294,0.04305744171142578,3.981840133666992,16.502897262573242,0.04305744171142578,3.981840133666992,16.502897262573242,0.0,0.0,0.0,0.0
ev_000295,3.8126955032348633,7.669910907745361,24.737085342407227,4.301578521728516,3.737689256668091,17.97563362121582,-0.48888301849365234,3.9322216510772705,6.761451721191406,10.204792022705078
ev_000296,0.6835110187530518,1.4271998405456543,14.005941390991211,1.6764838695526123,3.0275096893310547,18.27735710144043,-0.9929728507995605,-1.6003098487854004,-4.271415710449219,-6.86469841003418
ev_000297,5.856903553009033,4.552337169647217,68.27510833740234,5.856903553009033,4.552337169647217,68.27510833740234,0.0,0.0,0.0,0.0
ev_000298,32.829124450683594,1.025571346282959,1.7306530475616455,32.829124450683594,1.025571346282959,1.7306530475616455,0.0,0.0,0.0,0.0
ev_000299,1.7064504623413086,4.910892963409424,29.293643951416016,3.898574113845825,6.031798839569092,22.79242515563965,-2.1921236515045166,-1.120905876159668,6.501218795776367,3.188190460205078
ev_000300,4.706744194030762,0.4833125174045563,33.480796813964844,5.649457931518555,2.6265058517456055,3.4807984828948975,-0.942713737487793,-2.143193244934082,29.999998092651367,26.91408920288086
ev_000301,1.3799017667770386,0.02184368669986725,8.062288284301758,1.3799017667770386,0.02184368669986725,8.062288284301758,0.0,0.0,0.0,0.0
ev_000302,17.985559463500977,1.571886420249939,18.258024215698242,2.9855589866638184,2.2690792083740234,3.258023500442505,15.0,-0.6971927881240845,15.000000953674316,29.302806854248047
ev_000303,7.76311731338501,1.2335388660430908,13.06857681274414,7.76311731338501,1.2335388660430908,13.06857681274414,0.0,0.0,0.0,0.0
ev_000304,0.7285363674163818,0.4668732285499573,1.5060644149780273,0.7285363674163818,0.4668732285499573,1.5060644149780273,0.0,0.0,0.0,0.0
ev_000305,0.20227327942848206,1.3517324924468994,24.971385955810547,0.07677827030420303,1.0555166006088257,21.87354278564453,0.12549501657485962,0.29621589183807373,3.0978431701660156,3.5195541381835938
ev_000306,4.346543788909912,0.796925961971283,39.28396987915039,5.214021682739258,1.2505344152450562,27.47032928466797,-0.8674778938293457,-0.4536084532737732,11.813640594482422,10.4925537109375
ev_000307,8.583009719848633,1.525974154472351,0.15096795558929443,8.583009719848633,1.525974154472351,0.15096795558929443,0.0,0.0,0.0,0.0
ev_000308,12.528653144836426,6.172206878662109,13.623987197875977,11.856996536254883,12.399505615234375,1.3760124444961548,0.671656608581543,-6.227298736572266,12.247974395751953,6.692329406738281
ev_000309,2.2521777153015137,5.0665717124938965,32.358985900878906,2.2521777153015137,5.0665717124938965,32.358985900878906,0.0,0.0,0.0,0.0
ev_000310,0.2977725863456726,3.1071019172668457,8.786345481872559,0.2977725863456726,3.1071019172668457,8.786345481872559,0.0,0.0,0.0,0.0
ev_000311,3.252023220062256,9.148578643798828,39.39112091064453,4.104597091674805,1.5840510129928589,23.398147583007812,-0.8525738716125488,7.56452751159668,15.992973327636719,22.70492935180664
ev_000312,7.499941825866699,3.3250815868377686,1.3334888219833374,7.499941825866699,3.3250815868377686,1.3334888219833374,0.0,0.0,0.0,0.0
ev_000313,7.392970085144043,7.919283390045166,22.41729164123535,3.9169626235961914,2.7396230697631836,18.804792404174805,3.4760074615478516,5.179660320281982,3.612499237060547,12.268167495727539
ev_000314,6.076590061187744,2.6759419441223145,13.569711685180664,6.076590061187744,2.6759419441223145,13.569711685180664,0.0,0.0,0.0,0.0
ev_000315,2.375613212585449,1.2089542150497437,12.211104393005371,3.787321090698242,2.6320114135742188,2.788896083831787,-1.411707878112793,-1.423057198524475,9.422208786010742,6.587442398071289
ev_000316,8.478599548339844,2.0847280025482178,15.082635879516602,1.9773802757263184,2.369981527328491,17.27475929260254,6.501219272613525,-0.28525352478027344,-2.1921234130859375,4.023843765258789
ev_000317,5.337549209594727,1.9836517572402954,15.264342308044434,24.444154739379883,7.311537265777588,11.157736778259277,-19.106605529785156,-5.327885627746582,4.106605529785156,-20.3278865814209
ev_000318,8.130889892578125,0.0044533503241837025,15.594693183898926,8.634980201721191,0.5180344581604004,11.627562522888184,-0.5040903091430664,-0.5135810971260071,3.967130661010742,2.9494590759277344
ev_000319,0.3542814254760742,2.5474276542663574,30.30322265625,30.498292922973633,3.3269057273864746,17.238910675048828,-30.144012451171875,-0.7794780731201172,13.064311981201172,-17.859176635742188
ev_000320,13.957159996032715,8.968795776367188,11.867310523986816,11.810205459594727,2.2041573524475098,0.267672061920166,2.1469545364379883,6.764638423919678,11.599637985229492,20.511232376098633
ev_000321,7.17018461227417,6.614500045776367,26.672513961791992,7.17018461227417,6.614500045776367,26.672513961791992,0.0,0.0,0.0,0.0
ev_000322,7.534552097320557,7.420114517211914,12.99323844909668,4.727467060089111,0.015357851050794125,102.19292449951172,2.8070850372314453,7.404756546020508,-89.1996841430664,-78.98784637451172
ev_000323,33.95329666137695,6.310375213623047,31.57768440246582,18.953296661376953,2.7158689498901367,16.57768440246582,15.0,3.59450626373291,15.0,33.594505310058594
ev_000324,3.9988138675689697,2.1987950801849365,99.85699462890625,3.9988138675689697,2.1987950801849365,99.85699462890625,0.0,0.0,0.0,0.0
ev_000325,1.2644736766815186,3.7760658264160156,13.061959266662598,0.9010856747627258,3.7760658264160156,9.39834976196289,0.3633880019187927,0.0,3.663609504699707,4.0269975662231445
ev_000326,3.9021668434143066,8.168535232543945,20.605581283569336,3.9021668434143066,8.168535232543945,20.605581283569336,0.0,0.0,0.0,0.0
ev_000327,2.1366934776306152,1.7063102722167969,0.890103280544281,1.7733010053634644,1.539370059967041,2.336608648300171,0.3633924722671509,0.16694021224975586,-1.4465053081512451,-0.9161725044250488
ev_000328,6.067859172821045,1.800800085067749,19.537248611450195,6.067859172821045,1.800800085067749,19.537248611450195,0.0,0.0,0.0,0.0
ev_000329,1.6108134984970093,9.440576553344727,15.701488494873047,2.0999948978424072,5.599610328674316,0.7014881372451782,-0.48918139934539795,3.84096622467041,15.0,18.351783752441406
ev_000330,6.730165481567383,2.3643503189086914,19.14723014831543,8.92228889465332,3.4852561950683594,12.646011352539062,-2.1921234130859375,-1.120905876159668,6.501218795776367,3.1881885528564453
ev_000331,2.008603096008301,0.2412445843219757,10.977481842041016,1.8831080198287964,2.1660044193267822,25.977481842041016,0.1254950761795044,-1.924759864807129,-15.0,-16.799264907836914
ev_000332,3.030956745147705,0.34048137068748474,1.8670412302017212,73.00872802734375,3.5599563121795654,14.931354522705078,-69.97776794433594,-3.219475030899048,-13.064312934875488,-86.26156616210938
ev_000333,3.636702299118042,7.936751842498779,8.464797019958496,3.636702299118042,2.6085386276245117,6.535202503204346,0.0,5.328213214874268,1.9295945167541504,7.257806777954102
ev_000334,13.847954750061035,2.6352248191833496,27.81393051147461,3.3441693782806396,3.7561309337615967,21.31270980834961,10.503785133361816,-1.120906114578247,6.501220703125,15.884101867675781
ev_000335,0.8933836817741394,10.459038734436035,14.548563957214355,3.590691089630127,0.6983565092086792,6.2050065994262695,-2.6973073482513428,9.760682106018066,8.343557357788086,15.406930923461914
ev_000336,11.593178749084473,0.8665031790733337,15.635615348815918,3.406820774078369,0.8665031790733337,3.581382989883423,8.186357498168945,0.0,12.054232597351074,20.240589141845703
ev_000337,1.2148672342300415,5.712257385253906,17.076858520507812,0.8514748215675354,2.117750883102417,18.52336311340332,0.3633924126625061,3.5945065021514893,-1.4465045928955078,2.511394500732422
ev_000338,2.8934178352355957,5.697352886199951,20.47612953186035,3.407243490219116,5.697352886199951,20.47612953186035,-0.5138256549835205,0.0,0.0,-0.5138263702392578
ev_000339,1.1477198600769043,0.41404101252555847,24.500917434692383,1.1477198600769043,0.41404101252555847,24.500917434692383,0.0,0.0,0.0,0.0
ev_000340,0.347647100687027,0.8768754005432129,0.043919388204813004,0.347647100687027,0.8768754005432129,0.043919388204813004,0.0,0.0,0.0,0.0
ev_000341,8.632796287536621,0.0939650908112526,26.215471267700195,8.632796287536621,0.0939650908112526,26.215471267700195,0.0,0.0,0.0,0.0
ev_000342,0.6763692498207092,0.5390926599502563,11.861713409423828,0.6763692498207092,0.5390926599502563,11.861713409423828,0.0,0.0,0.0,0.0
ev_000343,8.081969261169434,3.710829734802246,21.75868797302246,4.725906848907471,4.831735610961914,13.259906768798828,3.356062412261963,-1.120905876159668,8.498781204223633,10.733938217163086
ev_000344,3.551541328430176,6.096165180206299,2.9686801433563232,3.551541328430176,6.096165180206299,2.9686801433563232,0.0,0.0,0.0,0.0
ev_000345,5.866659164428711,3.751047134399414,7.243917942047119,5.726260185241699,1.9978495836257935,4.908187389373779,0.14039897918701172,1.7531975507736206,2.33573055267334,4.229326248168945
ev_000346,1.028542399406433,1.561073660850525,5.505288600921631,10.281390190124512,5.10642147064209,4.403174877166748,-9.252847671508789,-3.5453476905822754,1.1021137237548828,-11.69608211517334
ev_000347,5.87315034866333,2.906400680541992,0.8887127637863159,5.87315034866333,2.906400680541992,0.8887127637863159,0.0,0.0,0.0,0.0
ev_000348,0.23711641132831573,3.082420587539673,3.978583812713623,0.23711641132831573,3.082420587539673,3.978583812713623,0.0,0.0,0.0,0.0
ev_000349,4.4154372215271,1.8954800367355347,11.652366638183594,4.4154372215271,1.8954800367355347,11.652366638183594,0.0,0.0,0.0,0.0
ev_000350,5.339155197143555,6.673239231109619,10.449520111083984,5.339155197143555,6.673239231109619,10.449520111083984,0.0,0.0,0.0,0.0
ev_000351,0.26365014910697937,2.8753502368927,10.020997047424316,1.2566229104995728,7.66994047164917,9.187115669250488,-0.992972731590271,-4.794589996337891,0.8338813781738281,-4.953680038452148
ev_000352,8.092556953430176,4.4046196937561035,18.734167098999023,8.455945014953613,2.8796470165252686,15.070556640625,-0.3633880615234375,1.524972677230835,3.6636104583740234,4.8251953125
ev_000353,18.135284423828125,8.32446575164795,12.147361755371094,18.135284423828125,8.32446575164795,12.147361755371094,0.0,0.0,0.0,0.0
ev_000354,8.331740379333496,7.60633659362793,26.018299102783203,6.683163642883301,2.0892693996429443,20.413986206054688,1.6485767364501953,5.517066955566406,5.604312896728516,12.769954681396484
ev_000355,1.938625454902649,5.130278587341309,6.137810707092285,1.938625454902649,5.130278587341309,6.137810707092285,0.0,0.0,0.0,0.0
ev_000356,5.219797611236572,0.4041553735733032,19.87591552734375,5.219797611236572,0.4041553735733032,19.87591552734375,0.0,0.0,0.0,0.0
ev_000357,11.077832221984863,5.474312782287598,0.8957751989364624,12.394044876098633,9.815406799316406,3.3447868824005127,-1.3162126541137695,-4.341094017028809,-2.44901180267334,-8.106319427490234
ev_000358,1.054079294204712,5.244609832763672,4.560014247894287,1.4706170558929443,8.582982063293457,2.1423895359039307,-0.4165377616882324,-3.338372230529785,2.4176247119903564,-1.337285041809082
ev_000359,9.473901748657227,0.678954005241394,40.006614685058594,9.473901748657227,0.678954005241394,40.006614685058594,0.0,0.0,0.0,0.0
ev_000360,14.42923641204834,0.21290281414985657,45.9967155456543,0.5707640647888184,0.21290281414985657,25.84071922302246,13.85847282409668,0.0,20.155996322631836,34.014469146728516
ev_000361,45.544986724853516,0.6448679566383362,101.87632751464844,0.6691610217094421,3.1960978507995605,18.12367057800293,44.875823974609375,-2.551229953765869,83.75265502929688,126.0772476196289
ev_000362,6.523465633392334,0.5192413926124573,24.39040756225586,6.523465633392334,0.5192413926124573,24.39040756225586,0.0,0.0,0.0,0.0
ev_000363,7.513280868530273,3.994638681411743,15.825723648071289,7.513280868530273,3.994638681411743,15.825723648071289,0.0,0.0,0.0,0.0
ev_000364,20.997318267822266,7.214609622955322,16.207874298095703,21.413856506347656,12.168704986572266,1.207873821258545,-0.4165382385253906,-4.954095363616943,15.0,9.629364013671875
ev_000365,2.5995826721191406,4.117270469665527,3.613015651702881,2.5995826721191406,4.117270469665527,3.613015651702881,0.0,0.0,0.0,0.0
ev_000366,6.745340824127197,1.7061901092529297,4.96334171295166,6.381953239440918,1.7061901092529297,8.626951217651367,0.3633875846862793,0.0,-3.663609504699707,-3.3002233505249023
ev_000367,7.295646667480469,0.4094336926937103,12.7285795211792,8.288619041442871,4.864142894744873,14.358500480651855,-0.9929723739624023,-4.454709053039551,-1.6299209594726562,-7.077600479125977
ev_000368,5.730541706085205,4.525876998901367,28.386770248413086,6.1470794677734375,0.4282183349132538,16.11980438232422,-0.4165377616882324,4.097658634185791,12.266965866088867,15.94808578491211
ev_000369,1.6782054901123047,0.04999859258532524,5.400075912475586,1.6782054901123047,0.04999859258532524,5.400075912475586,0.0,0.0,0.0,0.0
ev_000370,0.1730879545211792,7.2368693351745605,26.7312068939209,0.19030000269412994,5.711896896362305,23.067598342895508,-0.017212048172950745,1.5249724388122559,3.6636085510253906,5.171367645263672
ev_000371,6.25968599319458,1.4242596626281738,7.058499813079834,6.25968599319458,1.4242596626281738,7.058499813079834,0.0,0.0,0.0,0.0
ev_000372,4.248083591461182,1.8126698732376099,6.634385108947754,4.248083591461182,1.8126698732376099,6.634385108947754,0.0,0.0,0.0,0.0
ev_000373,2.13641357421875,7.380039691925049,6.382954120635986,2.13641357421875,7.380039691925049,6.382954120635986,0.0,0.0,0.0,0.0
ev_000374,5.41348123550415,3.269094944000244,16.017478942871094,5.41348123550415,3.269094944000244,16.017478942871094,0.0,0.0,0.0,0.0
ev_000375,4.2242431640625,0.31341663002967834,7.549813270568848,4.2242431640625,0.31341663002967834,7.549813270568848,0.0,0.0,0.0,0.0
ev_000376,0.5213867425918579,5.939277172088623,32.07966232299805,1.6707369089126587,4.818371295928955,17.07966423034668,-1.1493501663208008,1.120905876159668,14.999998092651367,14.971553802490234
ev_000377,9.155686378479004,2.6843411922454834,33.607391357421875,5.844314098358154,2.6843411922454834,33.607391357421875,3.3113722801208496,0.0,0.0,3.311370849609375
ev_000378,5.831062316894531,3.889277458190918,7.006590843200684,5.831062316894531,0.9882490634918213,7.993409156799316,0.0,2.9010283946990967,-0.9868183135986328,1.914210319519043
ev_000379,0.34497272968292236,0.77301424741745,12.748228073120117,15.344972610473633,1.037092924118042,0.33032217621803284,-15.0,-0.26407867670059204,12.417905807495117,-2.846172332763672
ev_000380,7.293796539306641,2.676823616027832,19.838247299194336,7.293796539306641,2.676823616027832,19.838247299194336,0.0,0.0,0.0,0.0
ev_000381,2.5953872203826904,5.034297466278076,42.14731979370117,3.011924982070923,6.6373090744018555,28.580841064453125,-0.4165377616882324,-1.6030116081237793,13.566478729248047,11.546928405761719
ev_000382,4.5146307945251465,1.3236873149871826,0.20419719815254211,4.5146307945251465,1.3236873149871826,0.20419719815254211,0.0,0.0,0.0,0.0
ev_000383,3.104283094406128,13.136852264404297,13.483709335327148,3.104283094406128,1.7106990814208984,16.597341537475586,0.0,11.426153182983398,-3.1136322021484375,8.312520980834961
ev_000384,1.9237421751022339,1.9630241394042969,6.924402713775635,1.9237421751022339,1.9630241394042969,6.924402713775635,0.0,0.0,0.0,0.0
ev_000385,1.3165267705917358,0.3812670409679413,6.688601493835449,8.093688011169434,1.738020420074463,18.818151473999023,-6.777161121368408,-1.3567533493041992,-12.129549980163574,-20.263465881347656
ev_000386,3.5300261974334717,0.22005896270275116,0.38232386112213135,3.5300261974334717,0.22005896270275116,0.38232386112213135,0.0,0.0,0.0,0.0
ev_000387,0.8752692937850952,2.478616714477539,10.09836196899414,0.8752692937850952,2.478616714477539,10.09836196899414,0.0,0.0,0.0,0.0
ev_000388,3.045930862426758,1.6674816608428955,33.53820037841797,2.905531883239746,1.4423366785049438,24.526113510131836,0.14039897918701172,0.22514498233795166,9.012086868286133,9.377632141113281
ev_000389,1.1257017850875854,7.479980945587158,9.916101455688477,1.9782755374908447,0.04450858011841774,20.083898544311523,-0.8525737524032593,7.43547248840332,-10.167797088623047,-3.584897994995117
ev_000390,0.5621429085731506,3.9945499897003174,1.0397164821624756,0.5621429085731506,3.9945499897003174,1.0397164821624756,0.0,0.0,0.0,0.0
ev_000391,0.7673892378807068,0.24277709424495697,16.781627655029297,0.8928842544555664,0.24277709424495697,19.879470825195312,-0.12549501657485962,0.0,-3.0978431701660156,-3.223339080810547
ev_000392,1.5498653650283813,1.7139177322387695,25.4119873046875,1.1864774227142334,0.18894517421722412,21.74837875366211,0.36338794231414795,1.5249725580215454,3.6636085510253906,5.551967620849609
ev_000393,0.178640678524971,3.1544785499572754,3.8588550090789795,0.178640678524971,3.1544785499572754,3.8588550090789795,0.0,0.0,0.0,0.0
ev_000394,3.269681453704834,5.0060601234436035,4.115238666534424,3.269681453704834,5.0060601234436035,4.115238666534424,0.0,0.0,0.0,0.0
ev_000395,15.349242210388184,0.33173811435699463,3.1999266147613525,0.34924179315567017,0.33173811435699463,3.1999266147613525,15.0,0.0,0.0,15.0
ev_000396,3.184159755706787,7.006636142730713,13.009382247924805,2.1007883548736572,4.959176063537598,7.2558112144470215,1.0833714008331299,2.0474600791931152,5.753571033477783,8.884403228759766
ev_000397,1.070786714553833,4.876502990722656,6.997365474700928,1.070786714553833,4.876502990722656,6.997365474700928,0.0,0.0,0.0,0.0
ev_000398,1.4359899759292603,1.110845685005188,0.17990227043628693,1.4359899759292603,1.110845685005188,0.17990227043628693,0.0,0.0,0.0,0.0
ev_000399,8.140204429626465,7.588893413543701,35.61529541015625,8.556741714477539,2.634798288345337,22.429746627807617,-0.4165372848510742,4.954094886779785,13.185548782348633,17.723106384277344
ev_000400,6.060332775115967,4.214910507202148,12.812726974487305,6.060332775115967,4.214910507202148,12.812726974487305,0.0,0.0,0.0,0.0
ev_000401,2.838123321533203,0.7153761386871338,1.2806354761123657,3.2015159130096436,1.9753470420837402,3.3279154300689697,-0.36339259147644043,-1.2599709033966064,-2.0472798347473145,-3.670642852783203
ev_000402,2.467839241027832,4.523142337799072,4.5668158531188965,2.482743263244629,0.9939250946044922,18.817392349243164,-0.014904022216796875,3.52921724319458,-14.25057601928711,-10.736262321472168
ev_000403,1.3257392644882202,0.3753661811351776,1.7160186767578125,1.3257392644882202,0.3753661811351776,1.7160186767578125,0.0,0.0,0.0,0.0
ev_000404,0.5785013437271118,5.907759666442871,2.131741762161255,70.65904235839844,2.9714508056640625,8.596841812133789,-70.0805435180664,2.9363088607788086,-6.465100288391113,-73.60932922363281
ev_000405,3.7526321411132812,0.7645100355148315,18.11610221862793,14.646026611328125,4.940300941467285,19.10907554626465,-10.893394470214844,-4.175790786743164,-0.9929733276367188,-16.06216049194336
ev_000406,3.627912998199463,2.739433765411377,1.3401416540145874,3.991305351257324,2.739433765411377,0.10636359453201294,-0.36339235305786133,0.0,1.2337779998779297,0.8703856468200684
ev_000407,5.866559982299805,3.0383658409118652,1.7919485569000244,6.355443000793457,0.0435672327876091,4.969503879547119,-0.48888301849365234,2.9947986602783203,-3.1775553226470947,-0.6716394424438477
ev_000408,23.972763061523438,8.335131645202637,3.5642290115356445,1.5730293989181519,0.8996591567993164,9.50008487701416,22.399734497070312,7.43547248840332,-5.935855865478516,23.899349212646484
ev_000409,4.922029495239258,7.388824939727783,0.7065563797950745,10.077970504760742,7.388824939727783,8.309889793395996,-5.155941009521484,0.0,-7.603333473205566,-12.759273529052734
ev_000410,7.062427520751953,3.6691718101501465,34.59811019897461,7.062427520751953,3.6691718101501465,34.59811019897461,0.0,0.0,0.0,0.0
ev_000411,7.6484856605529785,0.8000331521034241,20.545379638671875,7.6484856605529785,0.8000331521034241,20.545379638671875,0.0,0.0,0.0,0.0
ev_000412,4.770889759063721,0.7218477725982666,54.48945236206055,4.770889759063721,0.7218477725982666,54.48945236206055,0.0,0.0,0.0,0.0
ev_000413,3.2256650924682617,3.1487877368927,14.977632522583008,3.9819891452789307,5.300497055053711,16.790847778320312,-0.756324052810669,-2.1517093181610107,-1.8132152557373047,-4.721248626708984
ev_000414,1.703837275505066,2.691667318344116,19.636009216308594,1.340444803237915,0.9028390645980835,21.0825138092041,0.3633924722671509,1.7888282537460327,-1.4465045928955078,0.7057151794433594
ev_000415,2.2452054023742676,2.492436647415161,4.744419097900391,2.2601094245910645,2.492436647415161,0.6891542077064514,-0.014904022216796875,0.0,4.055264949798584,4.040360927581787
ev_000416,1.9317771196365356,3.3776049613952637,11.391247749328613,3.836702346801758,2.6051928997039795,2.983673334121704,-1.9049252271652222,0.7724120616912842,8.407574653625488,7.27506160736084
ev_000417,3.526279926300049,0.3583064079284668,3.838378667831421,3.3927595615386963,0.358266681432724,14.871248245239258,0.13352036476135254,3.972649574279785e-05,-11.032869338989258,-10.899309158325195
ev_000418,2.051863193511963,8.026976585388184,37.6588020324707,2.9044368267059326,0.4624485373497009,21.66582679748535,-0.8525736331939697,7.564527988433838,15.992975234985352,22.704927444458008
ev_000419,0.6639930605888367,4.434607028961182,16.167085647583008,1.5281306505203247,5.55551290512085,7.1032538414001465,-0.864137589931488,-1.120905876159668,9.063831329345703,7.078788757324219
ev_000420,4.704745292663574,0.11207503080368042,3.661233425140381,4.704745292663574,0.11207503080368042,3.661233425140381,0.0,0.0,0.0,0.0
ev_000421,2.479879140853882,1.6469327211380005,12.540230751037598,2.479879140853882,1.6469327211380005,12.540230751037598,0.0,0.0,0.0,0.0
ev_000422,7.025218486785889,3.649656057357788,12.340018272399902,7.025218486785889,3.649656057357788,12.340018272399902,0.0,0.0,0.0,0.0
ev_000423,9.093802452087402,0.4245213568210602,7.889780044555664,3.570467472076416,0.9841014742851257,7.889780044555664,5.523334980010986,-0.5595800876617432,0.0,4.963754653930664
ev_000424,4.490748882293701,0.31823810935020447,71.02259063720703,4.490748882293701,0.31823810935020447,71.02259063720703,0.0,0.0,0.0,0.0
ev_000425,2.382723808288574,8.158656120300293,40.358154296875,1.878932237625122,1.4543309211730957,11.933886528015137,0.5037915706634521,6.704325199127197,28.424266815185547,35.63238525390625
ev_000426,0.14551213383674622,0.6107839345932007,16.171770095825195,0.14551213383674622,0.6107839345932007,16.171770095825195,0.0,0.0,0.0,0.0
ev_000427,3.5135159492492676,5.873435020446777,1.199468970298767,3.5135159492492676,5.873435020446777,1.199468970298767,0.0,0.0,0.0,0.0
ev_000428,1.6951563358306885,4.586212635040283,10.934863090515137,2.688129186630249,9.040922164916992,9.941890716552734,-0.9929728507995605,-4.454709529876709,0.9929723739624023,-4.454710006713867
ev_000429,6.094089031219482,0.5564882755279541,8.85037899017334,4.214430332183838,0.5564882755279541,2.0889267921447754,1.8796586990356445,0.0,6.7614521980285645,8.641111373901367
ev_000430,5.465251922607422,4.351722717285156,5.872430324554443,5.465251922607422,4.351722717285156,5.872430324554443,0.0,0.0,0.0,0.0
ev_000431,1.692145586013794,9.664570808410645,0.4385882019996643,2.0555379390716553,6.070064544677734,14.56141185760498,-0.36339235305786133,3.59450626373291,-14.122823715209961,-10.891711235046387
ev_000432,9.913325309753418,3.366650342941284,15.583447456359863,9.913325309753418,3.366650342941284,15.583447456359863,0.0,0.0,0.0,0.0
ev_000433,1.2950425148010254,0.09801474213600159,8.073954582214355,3.487166166305542,13.781079292297363,0.2333725243806839,-2.1921236515045166,-13.683064460754395,7.840581893920898,-8.034605979919434
ev_000434,0.7522206902503967,3.788616418838501,7.94952917098999,0.7457231283187866,3.788616418838501,0.34619611501693726,0.006497561931610107,0.0,7.603332996368408,7.609830379486084
ev_000435,3.1141114234924316,3.4064135551452637,0.7183024883270264,2.97371244430542,5.201866149902344,1.6939468383789062,0.14039897918701172,-1.79545259475708,-0.9756443500518799,-2.6306982040405273
ev_000436,7.446495532989502,4.561534881591797,4.546741962432861,7.413105010986328,1.4517165422439575,15.787985801696777,0.03339052200317383,3.109818458557129,-11.241243362426758,-8.09803581237793
ev_000437,3.929649591445923,0.5622135400772095,14.688629150390625,3.929649591445923,0.5622135400772095,14.688629150390625,0.0,0.0,0.0,0.0
ev_000438,4.479217529296875,0.08153987675905228,2.922701358795166,6.379754066467285,0.08153987675905228,11.575958251953125,-1.9005365371704102,0.0,-8.653257369995117,-10.553792953491211
ev_000439,9.764633178710938,0.8775360584259033,30.42501449584961,9.639138221740723,1.5297130346298218,43.362579345703125,0.12549495697021484,-0.6521769762039185,-12.937564849853516,-13.464244842529297
ev_000440,6.638236999511719,4.405617713928223,4.861943244934082,7.288675308227539,4.405617713928223,10.967483520507812,-0.6504383087158203,0.0,-6.1055402755737305,-6.755979537963867
ev_000441,4.141966819763184,6.852821350097656,26.142711639404297,4.630849838256836,10.785042762756348,7.1026611328125,-0.48888301849365234,-3.9322214126586914,19.040050506591797,14.618946075439453
ev_000442,48.83098602294922,2.99784779548645,12.20712661743164,48.83098602294922,2.99784779548645,12.20712661743164,0.0,0.0,0.0,0.0
ev_000443,2.445821762084961,0.7990992069244385,9.6033935546875,2.445821762084961,0.7990992069244385,9.6033935546875,0.0,0.0,0.0,0.0
ev_000444,4.957655429840088,1.2803490161895752,119.268310546875,4.957655429840088,1.2803490161895752,119.268310546875,0.0,0.0,0.0,0.0
ev_000445,0.8607195615768433,3.3274166584014893,48.66584014892578,0.8607195615768433,3.3274166584014893,48.66584014892578,0.0,0.0,0.0,0.0
ev_000446,2.82846736907959,3.8726696968078613,20.67100715637207,2.82846736907959,3.8726696968078613,20.67100715637207,0.0,0.0,0.0,0.0
ev_000447,5.579293251037598,8.74231243133545,41.39909744262695,5.579293251037598,8.74231243133545,41.39909744262695,0.0,0.0,0.0,0.0
ev_000448,5.437002182006836,0.9451407194137573,19.59954833984375,5.422098159790039,0.4193580150604248,16.396711349487305,0.014904022216796875,0.5257827043533325,3.2028369903564453,3.7435245513916016
ev_000449,3.3153254985809326,0.4827830493450165,0.7249964475631714,3.3153254985809326,0.4827830493450165,0.7249964475631714,0.0,0.0,0.0,0.0
ev_000450,16.749523162841797,0.4373941123485565,14.409346580505371,1.7495224475860596,0.4373941123485565,14.409346580505371,15.000000953674316,0.0,0.0,15.0
ev_000451,3.4175636768341064,0.1307239830493927,1.4733573198318481,4.285041332244873,1.1519986391067505,8.84261703491211,-0.8674776554107666,-1.0212746858596802,-7.369259834289551,-9.258012771606445
ev_000452,2.315049886703491,1.0447168350219727,46.084144592285156,1.4475719928741455,3.092177152633667,32.077117919921875,0.8674778938293457,-2.0474603176116943,14.007026672363281,12.827045440673828
ev_000453,6.471223831176758,0.6745567917823792,7.801302909851074,6.834611415863037,0.5343299508094788,14.829437255859375,-0.3633875846862793,0.1402268409729004,-7.028134346008301,-7.251296043395996
ev_000454,0.878859281539917,2.024153232574463,2.2309515476226807,3.8143975734710693,0.33236491680145264,5.372381687164307,-2.9355382919311523,1.6917883157730103,-3.141430139541626,-4.3851799964904785
ev_000455,3.58319354057312,1.7643457651138306,3.3054609298706055,9.224682807922363,10.883338928222656,11.694539070129395,-5.641489028930664,-9.118992805480957,-8.389078140258789,-23.149559020996094
ev_000456,6.013885974884033,1.2377686500549316,24.315263748168945,6.013885974884033,1.2377686500549316,24.315263748168945,0.0,0.0,0.0,0.0
ev_000457,3.343860387802124,4.842283248901367,21.789287567138672,6.778809070587158,5.364770889282227,5.796315670013428,-3.434948682785034,-0.5224876403808594,15.992971420288086,12.03553581237793
ev_000458,3.14342999458313,1.6524392366409302,6.559936046600342,14.453362464904785,2.50005841255188,6.698345184326172,-11.309932708740234,-0.8476191759109497,-0.13840913772583008,-12.295960426330566
ev_000459,3.584538459777832,8.96299934387207,17.230932235717773,2.731964588165283,1.398471713066101,18.784038543701172,0.8525738716125488,7.56452751159668,-1.5531063079833984,6.863994598388672
ev_000460,1.7632865905761719,7.385159969329834,41.4912109375,1.7632865905761719,7.385159969329834,41.4912109375,0.0,0.0,0.0,0.0
ev_000461,5.673636436462402,3.1288397312164307,15.778291702270508,5.169546604156494,3.1288397312164307,11.811161041259766,0.5040898323059082,0.0,3.967130661010742,4.471221923828125
ev_000462,5.20775842666626,2.9711384773254395,5.6796464920043945,5.20775842666626,2.9711384773254395,5.6796464920043945,0.0,0.0,0.0,0.0
ev_000463,3.279412031173706,1.2088401317596436,2.648404598236084,3.279412031173706,1.2088401317596436,2.648404598236084,0.0,0.0,0.0,0.0
ev_000464,10.389809608459473,0.6335194706916809,16.53779411315918,10.389809608459473,0.6335194706916809,16.53779411315918,0.0,0.0,0.0,0.0
ev_000465,0.18601730465888977,2.156489610671997,19.179811477661133,0.6751986145973206,1.6844762563705444,10.820188522338867,-0.4891813099384308,0.47201335430145264,8.359622955322266,8.34245491027832
ev_000466,5.844426155090332,0.3096449077129364,3.2451813220977783,5.844426155090332,0.3096449077129364,3.2451813220977783,0.0,0.0,0.0,0.0
ev_000467,3.7290477752685547,1.557378888130188,28.400142669677734,4.722020626068115,2.8973305225372314,27.407169342041016,-0.9929728507995605,-1.3399516344070435,0.9929733276367188,-1.3399505615234375
ev_000468,4.6280436515808105,3.353879928588867,16.526960372924805,4.6280436515808105,3.353879928588867,16.526960372924805,0.0,0.0,0.0,0.0
ev_000469,4.42244291305542,1.547227144241333,1.4637765884399414,4.42244291305542,1.547227144241333,1.4637765884399414,0.0,0.0,0.0,0.0
ev_000470,3.0827882289886475,3.798063039779663,3.763690710067749,3.0827882289886475,3.798063039779663,3.763690710067749,0.0,0.0,0.0,0.0
ev_000471,3.8224146366119385,5.141458034515381,9.984392166137695,1.178055763244629,2.8228468894958496,1.0484766960144043,2.6443588733673096,2.3186111450195312,8.935914993286133,13.898885726928711
ev_000472,2.7310571670532227,1.350967288017273,15.149106979370117,2.7310571670532227,1.350967288017273,15.149106979370117,0.0,0.0,0.0,0.0
ev_000473,2.7038958072662354,2.2616939544677734,10.502202987670898,2.7038958072662354,2.2616939544677734,10.502202987670898,0.0,0.0,0.0,0.0
ev_000474,8.772345542907715,11.507561683654785,0.3200041353702545,8.772345542907715,11.507561683654785,0.3200041353702545,0.0,0.0,0.0,0.0
ev_000475,89.70186614990234,1.629790186882019,22.267467498779297,89.70186614990234,1.629790186882019,22.267467498779297,0.0,0.0,0.0,0.0
ev_000476,1.699177622795105,8.157069206237793,1.6428254842758179,2.1880605220794678,6.620578289031982,5.118627071380615,-0.4888828992843628,1.5364909172058105,-3.475801467895508,-2.4281930923461914
ev_000477,14.813126564025879,2.880556106567383,29.737817764282227,0.6909636855125427,2.3580682277679443,16.600950241088867,14.122162818908691,0.5224878787994385,13.13686752319336,27.78152084350586
ev_000478,2.8654820919036865,1.3307729959487915,8.505660057067871,2.502094030380249,2.855745553970337,4.842051029205322,0.3633880615234375,-1.5249725580215454,3.663609027862549,2.502025604248047
ev_000479,2.7943451404571533,4.646078109741211,4.653204441070557,2.7943451404571533,4.646078109741211,4.653204441070557,0.0,0.0,0.0,0.0
ev_000480,4.65781307220459,0.8168057799339294,10.142528533935547,4.65781307220459,0.8168057799339294,10.142528533935547,0.0,0.0,0.0,0.0
ev_000481,10.01276683807373,0.7849485874176025,23.01421356201172,4.80404806137085,4.169146537780762,8.014214515686035,5.208718776702881,-3.384197950363159,14.999999046325684,16.824520111083984
ev_000482,7.89020299911499,2.7912726402282715,13.782370567321777,7.89020299911499,2.7912726402282715,13.782370567321777,0.0,0.0,0.0,0.0
ev_000483,0.507234513759613,0.4118345081806183,36.326534271240234,0.507234513759613,0.4118345081806183,36.326534271240234,0.0,0.0,0.0,0.0
ev_000484,7.243655204772949,10.684362411499023,2.9953789710998535,7.243655204772949,10.684362411499023,2.9953789710998535,0.0,0.0,0.0,0.0
ev_000485,8.345766067504883,4.294529914855957,18.371946334838867,8.345766067504883,4.294529914855957,18.371946334838867,0.0,0.0,0.0,0.0
ev_000486,3.989975690841675,1.9226287603378296,11.186431884765625,4.406513690948486,3.031466484069824,1.1957069635391235,-0.4165380001068115,-1.1088377237319946,9.990724563598633,8.465350151062012
ev_000487,1.3196083307266235,10.211958885192871,6.142831802368164,2.3125810623168945,0.44694772362709045,5.040718078613281,-0.992972731590271,9.765010833740234,1.1021137237548828,9.874153137207031
ev_000488,0.2568473815917969,0.5705763697624207,43.61255645751953,0.2568473815917969,0.5705763697624207,43.61255645751953,0.0,0.0,0.0,0.0
ev_000489,4.7560224533081055,0.21702924370765686,1.5247135162353516,4.392630100250244,0.21702924370765686,0.07820820063352585,0.36339235305786133,0.0,1.4465053081512451,1.8098978996276855
ev_000490,7.787245750427246,0.5218435525894165,16.53834342956543,7.787245750427246,0.5218435525894165,6.6632585525512695,0.0,0.0,9.87508487701416,9.87508487701416
ev_000491,0.2965436279773712,3.6241018772125244,10.919061660766602,2.039186716079712,6.733920097351074,10.919061660766602,-1.742643117904663,-3.10981822013855,0.0,-4.852461814880371
ev_000492,3.0078108310699463,6.225257873535156,32.83374786376953,2.8674118518829346,3.1154394149780273,23.744369506835938,0.14039897918701172,3.109818458557129,9.089378356933594,12.339597702026367
ev_000493,3.073923110961914,1.135263442993164,4.7218475341796875,3.073923110961914,1.135263442993164,4.7218475341796875,0.0,0.0,0.0,0.0
ev_000494,6.3723859786987305,2.3390052318573,6.723054885864258,6.3723859786987305,2.3390052318573,6.723054885864258,0.0,0.0,0.0,0.0
ev_000495,2.5926706790924072,7.9745707511901855,27.087825775146484,6.195186138153076,1.74727201461792,6.303225994110107,-3.602515459060669,6.227298736572266,20.78459930419922,23.40938377380371
ev_000496,3.684894323348999,5.840261459350586,32.881160736083984,3.684894323348999,5.840261459350586,32.881160736083984,0.0,0.0,0.0,0.0
ev_000497,12.205385208129883,0.8609073758125305,19.53421401977539,12.205385208129883,0.8609073758125305,19.53421401977539,0.0,0.0,0.0,0.0
ev_000498,0.16159188747406006,1.1486809253692627,3.017439365386963,8.124159812927246,1.7752569913864136,10.620772361755371,-7.9625678062438965,-0.6265760660171509,-7.603332996368408,-16.19247817993164
ev_000499,1.687890887260437,5.453198432922363,4.76047420501709,1.687890887260437,5.453198432922363,4.76047420501709,0.0,0.0,0.0,0.0
ev_000500,4.270410060882568,5.398376941680908,8.655485153198242,2.3541388511657715,6.306548118591309,3.4584569931030273,1.9162712097167969,-0.9081711769104004,5.197028160095215,6.2051286697387695
ev_000501,0.528424859046936,9.301627159118652,1.0175520181655884,0.528424859046936,9.301627159118652,1.0175520181655884,0.0,0.0,0.0,0.0
ev_000502,0.3212308883666992,2.9209651947021484,21.204036712646484,3.3688366413116455,1.4201284646987915,19.12127113342285,-3.0476057529449463,1.500836730003357,2.082765579223633,0.5359954833984375
ev_000503,92.58303833007812,1.291252613067627,9.064619064331055,92.58303833007812,1.291252613067627,9.064619064331055,0.0,0.0,0.0,0.0
ev_000504,5.380763053894043,5.548357009887695,37.56768035888672,5.933496475219727,5.548357009887695,22.56768035888672,-0.5527334213256836,0.0,15.0,14.447265625
ev_000505,4.371050834655762,2.2122278213500977,26.243942260742188,1.3974286317825317,4.490943431854248,20.390050888061523,2.9736223220825195,-2.2787156105041504,5.853891372680664,6.548797607421875
ev_000506,5.909408092498779,6.436402320861816,18.85908317565918,4.890135288238525,6.436402320861816,11.42586898803711,1.019272804260254,0.0,7.43321418762207,8.452486038208008
ev_000507,6.02824592590332,5.786008358001709,88.80787658691406,6.02824592590332,5.786008358001709,88.80787658691406,0.0,0.0,0.0,0.0
ev_000508,0.1086379736661911,2.512253522872925,13.904114723205566,0.1086379736661911,2.512253522872925,13.904114723205566,0.0,0.0,0.0,0.0
ev_000509,18.367019653320312,0.405326247215271,19.42959976196289,2.104766368865967,4.2462921142578125,4.429600238800049,16.262252807617188,-3.840965747833252,15.0,27.421287536621094
ev_000510,6.092990875244141,0.3588795065879822,0.007238755468279123,6.092990875244141,0.3588795065879822,0.007238755468279123,0.0,0.0,0.0,0.0
ev_000511,2.4949758052825928,3.9542794227600098,4.9372124671936035,2.4949758052825928,3.9542794227600098,4.9372124671936035,0.0,0.0,0.0,0.0
ev_000512,0.9158768057823181,2.193906784057617,18.067502975463867,1.7684506177902222,9.758434295654297,2.0745296478271484,-0.852573812007904,-7.56452751159668,15.992973327636719,7.575871467590332
ev_000513,0.6063622832298279,8.844260215759277,6.530980587005615,11.949640274047852,13.798355102539062,8.402687072753906,-11.343277931213379,-4.954094886779785,-1.871706485748291,-18.169076919555664
ev_000514,4.292295455932617,1.4176386594772339,23.210636138916016,3.6206390857696533,4.8096604347229,8.210637092590332,0.6716563701629639,-3.392021656036377,14.999999046325684,12.279632568359375
ev_000515,7.347301959991455,6.749440670013428,31.2100830078125,7.347301959991455,6.749440670013428,31.2100830078125,0.0,0.0,0.0,0.0
ev_000516,8.459012985229492,1.3176255226135254,31.12769317626953,6.036897659301758,0.7951376438140869,27.16056251525879,2.4221153259277344,0.5224878787994385,3.967130661010742,6.911731719970703
ev_000517,5.344974040985107,3.249818801879883,3.0514817237854004,5.344974040985107,3.249818801879883,3.0514817237854004,0.0,0.0,0.0,0.0
ev_000518,4.3984293937683105,3.6058807373046875,11.334667205810547,4.761817455291748,2.2389001846313477,7.67105770111084,-0.3633880615234375,1.3669805526733398,3.663609504699707,4.667201995849609
ev_000519,23.47002601623535,3.1234874725341797,25.004629135131836,4.7799577713012695,0.17585806548595428,14.111234664916992,18.690067291259766,2.947629451751709,10.893394470214844,32.53109359741211
ev_000520,10.671857833862305,1.9079232215881348,27.411056518554688,14.36192512512207,2.4331705570220947,21.64102554321289,-3.6900672912597656,-0.52524733543396,5.770030975341797,1.554718017578125
ev_000521,1.4765750169754028,4.857052803039551,25.63873291015625,1.4765750169754028,4.857052803039551,25.63873291015625,0.0,0.0,0.0,0.0
ev_000522,1.8095908164978027,6.13723087310791,32.687721252441406,0.9421130418777466,4.089770317077637,18.680696487426758,0.8674777746200562,2.0474605560302734,14.007024765014648,16.921964645385742
ev_000523,3.4634599685668945,5.823134422302246,28.161272048950195,3.4634599685668945,5.823134422302246,28.161272048950195,0.0,0.0,0.0,0.0
ev_000524,3.6115434169769287,0.4555993378162384,11.516051292419434,3.6115434169769287,0.4555993378162384,11.516051292419434,0.0,0.0,0.0,0.0
ev_000525,0.19961649179458618,4.2600812911987305,44.716251373291016,1.2983273267745972,1.5723077058792114,30.830564498901367,-1.0987107753753662,2.6877737045288086,13.885686874389648,15.474750518798828
ev_000526,6.681722640991211,3.773638963699341,99.58435821533203,6.681722640991211,3.773638963699341,99.58435821533203,0.0,0.0,0.0,0.0
ev_000527,6.6490068435668945,1.6920233964920044,2.84920597076416,5.721292495727539,0.9789448976516724,0.7568666934967041,0.9277143478393555,0.713078498840332,2.092339277267456,3.7331323623657227
ev_000528,0.761576771736145,1.5692462921142578,6.25336217880249,0.761576771736145,1.5692462921142578,6.25336217880249,0.0,0.0,0.0,0.0
ev_000529,0.8283286094665527,1.6523284912109375,5.348521709442139,0.8283286094665527,1.6523284912109375,5.348521709442139,0.0,0.0,0.0,0.0
ev_000530,2.218980312347412,1.2841882705688477,6.47370719909668,6.761238098144531,1.2841882705688477,6.47370719909668,-4.542257785797119,0.0,0.0,-4.542258262634277
ev_000531,13.620180130004883,5.345874309539795,27.738523483276367,0.296706885099411,5.345874309539795,12.738524436950684,13.32347297668457,0.0,14.999999046325684,28.32347297668457
ev_000532,0.42542144656181335,4.009610652923584,4.394199848175049,0.42542144656181335,4.009610652923584,4.394199848175049,0.0,0.0,0.0,0.0
ev_000533,2.989095687866211,12.068893432617188,19.43259620666504,2.1216177940368652,14.116353988647461,3.0649163722991943,0.8674778938293457,-2.0474605560302734,16.367679595947266,15.18769645690918
ev_000534,6.529790878295898,5.494246482849121,3.106764554977417,6.529790878295898,5.494246482849121,3.106764554977417,0.0,0.0,0.0,0.0
ev_000535,6.403326511383057,5.119767189025879,17.59661102294922,6.403326511383057,5.119767189025879,17.59661102294922,0.0,0.0,0.0,0.0
ev_000536,6.351372718811035,8.70460033416748,0.6635030508041382,6.351372718811035,8.70460033416748,0.6635030508041382,0.0,0.0,0.0,0.0
ev_000537,1.333274245262146,1.263537883758545,23.987037658691406,1.4587692022323608,1.1437112092971802,8.98703670501709,-0.12549495697021484,0.11982667446136475,15.000000953674316,14.994333267211914
ev_000538,62.45841979980469,0.11122533679008484,0.3004823625087738,62.45841979980469,0.11122533679008484,0.3004823625087738,0.0,0.0,0.0,0.0
ev_000539,3.111969232559204,0.7444263696670532,12.06536865234375,3.111969232559204,0.7444263696670532,12.06536865234375,0.0,0.0,0.0,0.0
ev_000540,4.4070234298706055,2.6998109817504883,35.83824920654297,4.266624450683594,0.41000744700431824,20.838247299194336,0.14039897918701172,2.2898035049438477,15.000001907348633,17.430204391479492
ev_000541,7.603668212890625,4.945022106170654,15.057160377502441,11.29373550415039,0.9323996901512146,13.955046653747559,-3.6900672912597656,4.012622356414795,1.1021137237548828,1.4246673583984375
ev_000542,7.429476261138916,2.1375155448913574,11.611374855041504,7.429476261138916,2.1375155448913574,11.611374855041504,0.0,0.0,0.0,0.0
ev_000543,2.105893135070801,0.058255892246961594,11.096312522888184,2.105893135070801,0.058255892246961594,11.096312522888184,0.0,0.0,0.0,0.0
ev_000544,4.538517475128174,0.36548447608947754,5.848793029785156,8.613645553588867,1.373810052871704,13.452125549316406,-4.075128078460693,-1.0083255767822266,-7.60333251953125,-12.686785697937012
ev_000545,13.467977523803711,8.256115913391113,3.959764242172241,13.467977523803711,8.256115913391113,3.959764242172241,0.0,0.0,0.0,0.0
ev_000546,36.33872604370117,0.8915570974349976,21.391925811767578,36.33872604370117,0.8915570974349976,21.391925811767578,0.0,0.0,0.0,0.0
ev_000547,10.997182846069336,2.003584861755371,34.14617156982422,4.143216133117676,1.1062334775924683,19.14617156982422,6.85396671295166,0.8973513841629028,15.0,22.75131607055664
ev_000548,0.07323268800973892,2.560955286026001,17.21500587463379,0.06716638058423996,0.5488629937171936,32.215003967285156,0.006066307425498962,2.012092351913452,-14.999998092651367,-12.98183822631836
ev_000549,6.500198841094971,0.29510167241096497,9.651773452758789,2.004662275314331,3.5458641052246094,5.348227024078369,4.495536804199219,-3.250762462615967,4.30354642868042,5.548320770263672
ev_000550,9.519152641296387,5.530243396759033,28.37217140197754,9.519152641296387,5.530243396759033,28.37217140197754,0.0,0.0,0.0,0.0
ev_000551,4.2573041915893555,7.147027492523193,19.429574966430664,7.052628517150879,3.511878728866577,16.044984817504883,-2.7953243255615234,3.635148763656616,3.3845901489257812,4.22441291809082
ev_000552,0.8301411271095276,4.926657676696777,2.5167784690856934,7.649619102478027,4.926657676696777,1.0702732801437378,-6.8194780349731445,0.0,1.4465051889419556,-5.372973442077637
ev_000553,32.31920623779297,3.674438238143921,12.191706657409668,32.31920623779297,3.674438238143921,12.191706657409668,0.0,0.0,0.0,0.0
ev_000554,6.882312774658203,10.220977783203125,32.56874084472656,96.78053283691406,0.3243127465248108,1.7026761770248413,-89.89822387695312,9.8966646194458,30.866064071655273,-49.1354866027832
ev_000555,4.009063243865967,3.7404625415802,25.063838958740234,4.372455596923828,0.14595600962638855,10.06383991241455,-0.36339235305786133,3.5945065021514893,14.999999046325684,18.23111343383789
ev_000556,0.06587424129247665,2.8035364151000977,22.467126846313477,0.20627331733703613,2.8035364151000977,24.8028564453125,-0.14039906859397888,0.0,-2.3357295989990234,-2.4761276245117188
ev_000557,6.152376174926758,0.39359936118125916,3.03657865524292,8.847623825073242,1.754714846611023,9.142119407653809,-2.6952476501464844,-1.3611154556274414,-6.105540752410889,-10.161903381347656
ev_000558,7.767149925231934,0.34225544333457947,37.58213806152344,0.34160488843917847,0.34225544333457947,7.582138538360596,7.4255452156066895,0.0,30.0,37.42554473876953
ev_000559,30.811630249023438,5.995215892791748,31.610130310058594,15.811630249023438,2.400709390640259,16.610130310058594,15.0,3.5945065021514893,15.0,33.594505310058594
ev_000560,1.8681814670562744,2.9322261810302734,4.986179828643799,1.8681814670562744,2.9322261810302734,4.986179828643799,0.0,0.0,0.0,0.0
ev_000561,2.0996084213256836,3.7242772579193115,8.309319496154785,2.603698253631592,3.7242772579193115,4.342188358306885,-0.5040898323059082,0.0,3.9671311378479004,3.463041305541992
ev_000562,1.745727777481079,3.6729512214660645,24.73912811279297,1.745727777481079,3.6729512214660645,24.73912811279297,0.0,0.0,0.0,0.0
ev_000563,3.4727513790130615,0.9211108684539795,22.453941345214844,3.6131505966186523,4.030929088592529,9.664432525634766,-0.14039921760559082,-3.10981822013855,12.789508819580078,9.539291381835938
ev_000564,7.883187294006348,9.678678512573242,36.072181701660156,4.193119525909424,0.9802278280258179,26.06479835510254,3.690067768096924,8.698451042175293,10.007383346557617,22.395902633666992
ev_000565,3.136735200881958,7.432278633117676,13.023357391357422,3.5001275539398193,3.8377723693847656,10.541535377502441,-0.36339235305786133,3.59450626373291,2.4818220138549805,5.712934494018555
ev_000566,4.0667595863342285,5.61400842666626,11.365575790405273,4.0667595863342285,5.61400842666626,11.365575790405273,0.0,0.0,0.0,0.0
ev_000567,8.067281723022461,2.016324758529663,38.21669387817383,8.483819961547852,1.518457293510437,23.216693878173828,-0.4165382385253906,0.4978674650192261,15.0,15.081329345703125
ev_000568,10.315864562988281,1.131481647491455,11.229645729064941,10.315864562988281,1.131481647491455,11.229645729064941,0.0,0.0,0.0,0.0
ev_000569,3.203918933868408,2.792372941970825,125.35588073730469,3.203918933868408,2.792372941970825,125.35588073730469,0.0,0.0,0.0,0.0
ev_000570,3.384333372116089,0.12003584206104279,10.387784957885742,3.384333372116089,0.12003584206104279,10.387784957885742,0.0,0.0,0.0,0.0
ev_000571,3.5408246517181396,2.978358030319214,148.5926971435547,3.5408246517181396,2.978358030319214,148.5926971435547,0.0,0.0,0.0,0.0
ev_000572,0.884968638420105,0.4120652675628662,6.630701541900635,1.8779414892196655,4.042644023895264,9.777078628540039,-0.9929728507995605,-3.6305787563323975,-3.1463770866394043,-7.769928932189941
ev_000573,2.1655046939849854,2.3210811614990234,27.513526916503906,1.5245628356933594,1.6849404573440552,16.620132446289062,0.640941858291626,0.6361407041549683,10.893394470214844,12.170478820800781
ev_000574,4.22780179977417,5.765177249908447,11.059494972229004,89.65117645263672,1.6702948808670044,5.876192092895508,-85.42337799072266,4.094882488250732,5.183302879333496,-76.14518737792969
ev_000575,1.8827550411224365,0.1515810191631317,5.300196170806885,1.8827550411224365,0.1515810191631317,5.300196170806885,0.0,0.0,0.0,0.0
ev_000576,22.036508560180664,3.3684682846069336,22.93115234375,1.7864131927490234,0.22603829205036163,7.068846702575684,20.25009536743164,3.142430067062378,15.862305641174316,39.25482940673828
ev_000577,6.796026229858398,4.020987033843994,12.224151611328125,4.513906002044678,4.6818623542785645,8.98222827911377,2.2821202278137207,-0.6608753204345703,3.2419233322143555,4.863166809082031
ev_000578,3.394294500350952,1.3432813882827759,93.05793762207031,3.394294500350952,1.3432813882827759,93.05793762207031,0.0,0.0,0.0,0.0
ev_000579,5.407163143157959,1.2921470403671265,5.424456596374512,5.407163143157959,1.2921470403671265,5.424456596374512,0.0,0.0,0.0,0.0
ev_000580,8.60981559753418,3.3274309635162354,23.22869110107422,8.60981559753418,3.3274309635162354,23.22869110107422,0.0,0.0,0.0,0.0
ev_000581,3.072395086288452,2.037038803100586,56.738521575927734,3.072395086288452,2.037038803100586,56.738521575927734,0.0,0.0,0.0,0.0
ev_000582,2.939413070678711,1.677860975265503,75.62171173095703,2.939413070678711,1.677860975265503,75.62171173095703,0.0,0.0,0.0,0.0
ev_000583,0.4167018532752991,0.024550030007958412,7.060473918914795,0.4167018532752991,0.024550030007958412,7.060473918914795,0.0,0.0,0.0,0.0
ev_000584,4.319138050079346,0.8249647617340088,2.347684383392334,0.6290706396102905,8.008893966674805,3.449798107147217,3.6900672912597656,-7.183929443359375,-1.1021137237548828,-4.595975399017334
ev_000585,13.096029281616211,6.295690059661865,36.08929443359375,1.5309778451919556,5.773202419281006,20.096323013305664,11.565051078796387,0.5224876403808594,15.992971420288086,28.08051109313965
ev_000586,0.06287547200918198,3.4941723346710205,2.626070261001587,0.06287547200918198,3.4941723346710205,2.626070261001587,0.0,0.0,0.0,0.0
ev_000587,7.3677802085876465,6.006381511688232,11.774415969848633,7.784317970275879,10.960476875305176,3.225584030151367,-0.4165377616882324,-4.954095363616943,8.548831939697266,3.1781997680664062
ev_000588,8.029959678649902,0.6891178488731384,14.051799774169922,6.05150842666626,0.6891178488731384,0.3680365979671478,1.9784512519836426,0.0,13.68376350402832,15.662214279174805
ev_000589,0.9809115529060364,2.0697200298309326,4.175041675567627,4.405384063720703,5.664226531982422,5.730373859405518,-3.4244725704193115,-3.5945065021514893,-1.5553321838378906,-8.574310302734375
ev_000590,6.244304656982422,2.1054840087890625,3.5737433433532715,6.607692718505859,2.1054840087890625,0.08986616134643555,-0.3633880615234375,0.0,3.483877182006836,3.1204891204833984
ev_000591,0.7709169983863831,2.5113399028778076,24.644424438476562,0.26682716608047485,1.9888520240783691,20.67729377746582,0.5040898323059082,0.5224878787994385,3.967130661010742,4.993709564208984
ev_000592,2.2820751667022705,3.7597382068634033,0.3821377754211426,2.2820751667022705,3.7597382068634033,0.3821377754211426,0.0,0.0,0.0,0.0
ev_000593,0.2747328579425812,2.082878589630127,15.860970497131348,0.2747328579425812,2.082878589630127,15.860970497131348,0.0,0.0,0.0,0.0
ev_000594,5.83300256729126,0.7327212691307068,7.0657548904418945,5.83300256729126,0.7327212691307068,7.0657548904418945,0.0,0.0,0.0,0.0
ev_000595,6.014421463012695,4.566274642944336,7.65061092376709,6.666775703430176,3.4296481609344482,1.842415690422058,-0.6523542404174805,1.1366264820098877,5.808195114135742,6.292468070983887
ev_000596,3.6346936225891113,0.5787650346755981,6.954870700836182,0.05537399277091026,5.662302017211914,2.0757358074188232,3.579319715499878,-5.0835371017456055,4.8791351318359375,3.3749170303344727
ev_000597,2.6888115406036377,2.3419106006622314,31.64434051513672,0.7461373805999756,1.8194228410720825,15.6513671875,1.942674160003662,0.5224877595901489,15.992973327636719,18.45813751220703
ev_000598,5.110267162322998,2.830061435699463,34.740543365478516,5.614356994628906,3.3525490760803223,30.77341079711914,-0.5040898323059082,-0.5224876403808594,3.967132568359375,2.9405517578125
ev_000599,1.2316796779632568,3.967801332473755,13.185888290405273,1.7205626964569092,0.035579681396484375,6.424435615539551,-0.48888301849365234,3.9322216510772705,6.761452674865723,10.204790115356445
ev_000600,12.39766788482666,6.384751796722412,25.86741065979004,0.16035594046115875,2.4525301456451416,10.867410659790039,12.237312316894531,3.9322216510772705,15.0,31.169532775878906
ev_000601,1.9106618165969849,0.6026840209960938,20.437795639038086,1.9106618165969849,0.6026840209960938,3.690509080886841,0.0,0.0,16.747285842895508,16.74728775024414
ev_000602,6.219883441925049,4.719699382781982,10.302740097045898,6.094388484954834,2.312450408935547,25.3027400970459,0.12549495697021484,2.4072489738464355,-15.0,-12.467256546020508
ev_000603,2.6931443214416504,2.7773847579956055,6.945207118988037,2.6931443214416504,0.4808920621871948,4.335443019866943,0.0,2.296492576599121,2.6097640991210938,4.906256675720215
ev_000604,6.497924327850342,6.595907688140869,15.913483619689941,6.6383233070373535,3.4860892295837402,13.577753067016602,-0.14039897918701172,3.109818458557129,2.33573055267334,5.305150985717773
ev_000605,40.802154541015625,1.6058337688446045,1.234426498413086,40.802154541015625,1.6058337688446045,1.234426498413086,0.0,0.0,0.0,0.0
ev_000606,5.606049537658691,2.8263442516326904,10.202678680419922,5.606049537658691,2.8263442516326904,10.202678680419922,0.0,0.0,0.0,0.0
ev_000607,3.5172574520111084,5.7962799072265625,12.896596908569336,0.17281006276607513,0.9812745451927185,11.794483184814453,3.344447374343872,4.815005302429199,1.1021137237548828,9.261567115783691
ev_000608,77.470458984375,4.085875511169434,14.5114164352417,77.470458984375,4.085875511169434,14.5114164352417,0.0,0.0,0.0,0.0
ev_000609,1.991647720336914,4.422951698303223,24.018230438232422,0.9986749291419983,0.03175750747323036,25.011201858520508,0.9929727911949158,4.3911943435668945,-0.9929714202880859,4.391197204589844
ev_000610,1.429614782333374,0.7992881536483765,15.258562088012695,14.930352210998535,6.242751598358154,0.2585620582103729,-13.500737190246582,-5.443463325500488,15.0,-3.9442005157470703
ev_000611,4.336964130401611,3.579794406890869,6.349313259124756,15.230359077453613,9.284605026245117,7.342286109924316,-10.893394470214844,-5.704810619354248,-0.9929728507995605,-17.59117889404297
ev_000612,5.246520042419434,2.7210476398468018,24.377742767333984,5.246520042419434,2.7210476398468018,24.377742767333984,0.0,0.0,0.0,0.0
ev_000613,37.094459533691406,2.8139188289642334,44.00260543823242,6.137906074523926,4.621553421020508,29.002605438232422,30.956554412841797,-1.8076345920562744,15.0,44.1489143371582
ev_000614,1.2466177940368652,1.8669432401657104,11.491703033447266,1.2466177940368652,1.8669432401657104,11.491703033447266,0.0,0.0,0.0,0.0
ev_000615,2.311293601989746,7.45950984954834,108.77581787109375,2.311293601989746,7.45950984954834,108.77581787109375,0.0,0.0,0.0,0.0
ev_000616,16.048450469970703,0.5828142762184143,25.693796157836914,15.37679386138916,3.464754343032837,10.693795204162598,0.671656608581543,-2.8819401264190674,15.000000953674316,12.789718627929688
ev_000617,3.572925329208374,0.23245665431022644,26.450651168823242,3.572925329208374,0.23245665431022644,26.450651168823242,0.0,0.0,0.0,0.0
ev_000618,5.755618095397949,1.5048013925552368,32.09490203857422,6.17215633392334,3.449293851852417,17.094900131225586,-0.4165382385253906,-1.9444924592971802,15.000001907348633,12.638969421386719
ev_000619,2.0879199504852295,6.9818925857543945,1.9993947744369507,2.0879199504852295,6.9818925857543945,1.9993947744369507,0.0,0.0,0.0,0.0
ev_000620,2.2843029499053955,6.937710762023926,9.372679710388184,2.2843029499053955,6.937710762023926,9.372679710388184,0.0,0.0,0.0,0.0
ev_000621,13.36578369140625,1.1946526765823364,21.839080810546875,13.36578369140625,1.1946526765823364,21.839080810546875,0.0,0.0,0.0,0.0
ev_000622,14.335551261901855,6.148905277252197,16.86517906188965,15.188124656677246,13.713433265686035,0.8722060322761536,-0.8525733947753906,-7.564527988433838,15.992973327636719,7.575872421264648
ev_000623,4.762322902679443,1.183877944946289,12.165822982788086,1.0510505437850952,1.183877944946289,8.05921745300293,3.7112722396850586,0.0,4.106605529785156,7.817878723144531
ev_000624,4.787269115447998,5.893407344818115,27.425048828125,10.540840148925781,5.893407344818115,27.914230346679688,-5.753571033477783,0.0,-0.4891815185546875,-6.242755889892578
ev_000625,4.453540802001953,7.06602668762207,8.617505073547363,4.453540802001953,7.06602668762207,8.617505073547363,0.0,0.0,0.0,0.0
ev_000626,5.646552562713623,4.752005577087402,22.884368896484375,5.506153583526611,1.6421873569488525,19.614320755004883,0.14039897918701172,3.10981822013855,3.270048141479492,6.520267486572266
ev_000627,5.957362651824951,6.536152362823486,28.671600341796875,5.957362651824951,6.536152362823486,28.671600341796875,0.0,0.0,0.0,0.0
ev_000628,12.234814643859863,3.1730077266693115,26.84064292907715,12.234814643859863,3.1730077266693115,26.84064292907715,0.0,0.0,0.0,0.0
ev_000629,7.986983299255371,9.654393196105957,16.846736907958984,6.887521743774414,7.501801490783691,13.748893737792969,1.099461555480957,2.1525917053222656,3.0978431701660156,6.349895477294922
ev_000630,6.787694454193115,5.943222522735596,9.82690143585205,6.787694454193115,5.943222522735596,9.82690143585205,0.0,0.0,0.0,0.0
ev_000631,2.045212507247925,1.059122920036316,3.1587343215942383,1.91971755027771,1.059122920036316,0.06089148297905922,0.12549495697021484,0.0,3.0978429317474365,3.2233378887176514
ev_000632,9.377784729003906,7.593646049499512,6.906810760498047,9.518184661865234,4.483827590942383,4.571080684661865,-0.14039993286132812,3.109818458557129,2.3357300758361816,5.305149078369141
ev_000633,10.059590339660645,4.160307884216309,30.481081008911133,10.548473358154297,8.092529296875,14.194731712341309,-0.48888301849365234,-3.9322214126586914,16.28635025024414,11.865245819091797
ev_000634,0.8336278796195984,2.7567389011383057,2.1003382205963135,0.8336278796195984,2.7567389011383057,2.1003382205963135,0.0,0.0,0.0,0.0
ev_000635,5.150702476501465,1.5719143152236938,8.287363052368164,3.7041971683502197,2.022592067718506,8.287363052368164,1.4465053081512451,-0.450677752494812,0.0,0.9958267211914062
ev_000636,6.004977703094482,0.11009220778942108,10.051326751708984,1.2026766538619995,3.1983845233917236,11.864542007446289,4.802300930023193,-3.088292360305786,-1.8132152557373047,-0.09920501708984375
ev_000637,5.672745227813721,1.6310572624206543,12.866491317749023,5.672745227813721,1.6310572624206543,12.866491317749023,0.0,0.0,0.0,0.0
ev_000638,0.5038318634033203,1.4178096055984497,9.280047416687012,0.5038318634033203,1.4178096055984497,9.280047416687012,0.0,0.0,0.0,0.0
ev_000639,4.581447601318359,4.368980884552002,10.209628105163574,4.721846580505371,1.2591623067855835,12.545358657836914,-0.14039897918701172,3.109818458557129,-2.33573055267334,0.6336898803710938
ev_000640,5.550710201263428,0.6606079339981079,3.076596736907959,8.596715927124023,10.341737747192383,31.455963134765625,-3.0460057258605957,-9.681129455566406,-28.379365921020508,-41.106502532958984
ev_000641,1.7385488748550415,3.101114511489868,2.6311933994293213,3.550410747528076,1.2480727434158325,11.87962532043457,-1.8118618726730347,1.8530417680740356,-9.248432159423828,-9.20725154876709
ev_000642,46.36642074584961,3.4677517414093018,15.278369903564453,46.36642074584961,3.4677517414093018,15.278369903564453,0.0,0.0,0.0,0.0
ev_000643,1.7858141660690308,1.4824992418289185,17.844684600830078,1.7858141660690308,1.4824992418289185,17.844684600830078,0.0,0.0,0.0,0.0
ev_000644,4.047375679016113,0.7196123003959656,14.006566047668457,3.683983325958252,2.874894142150879,0.4930681884288788,0.36339235305786133,-2.1552817821502686,13.513498306274414,11.72160816192627
ev_000645,3.5706496238708496,0.27992287278175354,11.999009132385254,3.5706496238708496,0.27992287278175354,11.999009132385254,0.0,0.0,0.0,0.0
ev_000646,3.630600690841675,9.84038257598877,10.325608253479004,4.134392261505127,3.1360573768615723,14.107844352722168,-0.5037915706634521,6.704325199127197,-3.782236099243164,2.4182987213134766
ev_000647,8.457731246948242,4.717818260192871,20.931808471679688,8.457731246948242,4.717818260192871,20.931808471679688,0.0,0.0,0.0,0.0
ev_000648,50.97707748413086,7.763134956359863,106.97463989257812,5.977076530456543,2.7821555137634277,20.31026840209961,45.0,4.9809794425964355,86.66436767578125,136.6453399658203
ev_000649,12.838862419128418,3.1666946411132812,36.969783782958984,5.851205348968506,7.507788181304932,26.076387405395508,6.987657070159912,-4.34109354019165,10.893396377563477,13.539962768554688
ev_000650,6.206507682800293,6.522003650665283,41.171409606933594,6.695390701293945,2.5897819995880127,33.846675872802734,-0.48888301849365234,3.9322216510772705,7.324733734130859,10.768074035644531
ev_000651,2.645677089691162,8.657044410705566,9.987776756286621,2.645677089691162,8.657044410705566,9.987776756286621,0.0,0.0,0.0,0.0
ev_000652,5.072654724121094,0.17102813720703125,10.79769229888916,3.332131862640381,4.011993885040283,4.20230770111084,1.740522861480713,-3.840965747833252,6.59538459777832,4.494940757751465
ev_000653,33.765525817871094,6.19540548324585,8.871496200561523,33.765525817871094,6.19540548324585,8.871496200561523,0.0,0.0,0.0,0.0
ev_000654,4.6109514236450195,0.2675604820251465,18.07423210144043,4.6109514236450195,0.2675604820251465,18.07423210144043,0.0,0.0,0.0,0.0
ev_000655,4.424724102020264,10.902202606201172,9.848308563232422,4.4396281242370605,5.385135173797607,15.281881332397461,-0.014904022216796875,5.5170674324035645,-5.433572769165039,0.06859207153320312
ev_000656,3.581794023513794,5.546595573425293,29.49208641052246,3.581794023513794,5.546595573425293,29.49208641052246,0.0,0.0,0.0,0.0
ev_000657,4.413012981414795,7.665718078613281,81.69813537597656,4.413012981414795,7.665718078613281,81.69813537597656,0.0,0.0,0.0,0.0
ev_000658,3.4970386028289795,5.9287190437316895,27.7418270111084,3.4970386028289795,5.9287190437316895,27.7418270111084,0.0,0.0,0.0,0.0
ev_000659,11.554825782775879,0.5687976479530334,31.039430618286133,3.445173978805542,0.5687976479530334,31.039430618286133,8.109651565551758,0.0,0.0,8.10965347290039
ev_000660,6.819053649902344,7.04737663269043,28.13922691345215,6.678654193878174,3.937558174133301,24.436479568481445,0.14039945602416992,3.109818458557129,3.702747344970703,6.952964782714844
ev_000661,8.613411903381348,1.3958170413970947,12.38968276977539,2.029191732406616,3.5658576488494873,12.38968276977539,6.584219932556152,-2.1700406074523926,0.0,4.414178848266602
ev_000662,40.85083770751953,13.226386070251465,2.786177158355713,1.709218144416809,2.9289562702178955,0.8504905700683594,39.14162063598633,10.297430038452148,1.9356865882873535,51.37473678588867
ev_000663,2.3829293251037598,3.744501829147339,26.62315559387207,12.617071151733398,3.744501829147339,26.62315559387207,-10.234142303466797,0.0,0.0,-10.234138488769531
ev_000664,8.163447380065918,0.7176614999771118,9.498628616333008,8.163447380065918,0.7176614999771118,9.498628616333008,0.0,0.0,0.0,0.0
ev_000665,6.68795919418335,0.4867038428783417,17.069442749023438,12.456439018249512,2.771152973175049,6.176047325134277,-5.768479824066162,-2.2844491004943848,10.89339542388916,2.840465545654297
ev_000666,2.1484105587005615,0.47864067554473877,13.078752517700195,2.1484105587005615,0.47864067554473877,13.078752517700195,0.0,0.0,0.0,0.0
ev_000667,2.2489302158355713,2.9095523357391357,1.6241732835769653,2.612318277359009,2.9095523357391357,13.375826835632324,-0.3633880615234375,0.0,-11.751653671264648,-12.115041732788086
ev_000668,2.9007506370544434,5.395751476287842,10.44855785369873,3.041149616241455,2.285933256149292,12.784287452697754,-0.14039897918701172,3.10981822013855,-2.3357295989990234,0.6336898803710938
ev_000669,4.174136638641357,3.7403547763824463,3.81095027923584,4.174136638641357,3.7403547763824463,3.81095027923584,0.0,0.0,0.0,0.0
ev_000670,8.094035148620605,2.4389612674713135,15.99144172668457,8.094035148620605,2.4389612674713135,15.99144172668457,0.0,0.0,0.0,0.0
ev_000671,5.944098949432373,5.502625942230225,1.0286781787872314,5.944098949432373,5.502625942230225,1.0286781787872314,0.0,0.0,0.0,0.0
ev_000672,6.943133354187012,8.15921688079834,18.5836124420166,5.864743232727051,0.6307122111320496,10.084831237792969,1.078390121459961,7.528504848480225,8.498781204223633,17.105676651000977
ev_000673,2.619767427444458,9.623832702636719,3.162087917327881,1.0703001022338867,1.0350736379623413,4.175401210784912,1.5494673252105713,8.588759422302246,-1.0133132934570312,9.12491226196289
ev_000674,15.645574569702148,7.235482215881348,41.41068649291992,15.141782760620117,0.5311571955680847,11.410685539245605,0.5037918090820312,6.704325199127197,30.0,37.20812225341797
ev_000675,3.723598003387451,4.115340232849121,37.57009506225586,4.666311740875244,1.0055216550827026,7.570095062255859,-0.942713737487793,3.109818458557129,30.0,32.16710662841797
ev_000676,7.143993377685547,6.050179481506348,15.934638977050781,7.143993377685547,6.050179481506348,15.934638977050781,0.0,0.0,0.0,0.0
ev_000677,2.024517297744751,4.516812801361084,27.106853485107422,2.024517297744751,4.516812801361084,27.106853485107422,0.0,0.0,0.0,0.0
ev_000678,0.43395960330963135,0.604509711265564,6.632918834686279,0.43395960330963135,0.604509711265564,6.632918834686279,0.0,0.0,0.0,0.0
ev_000679,0.00082798843504861,4.198412895202637,1.8606098890304565,0.00082798843504861,4.198412895202637,1.8606098890304565,0.0,0.0,0.0,0.0
ev_000680,2.4072682857513428,5.545938014984131,16.492185592651367,2.770656108856201,4.020965099334717,12.82857608795166,-0.3633878231048584,1.524972915649414,3.663609504699707,4.8251953125
ev_000681,1.505638599395752,9.276556015014648,9.936903953552246,1.0018471479415894,2.5722315311431885,13.71914005279541,0.5037914514541626,6.704324722290039,-3.782236099243164,3.4258785247802734
ev_000682,10.352874755859375,3.745197057723999,12.670415878295898,9.989481925964355,7.339703559875488,2.3295843601226807,0.36339282989501953,-3.5945065021514893,10.340831756591797,7.109718322753906
ev_000683,7.643445014953613,2.422189235687256,54.66273880004883,7.643445014953613,2.422189235687256,54.66273880004883,0.0,0.0,0.0,0.0
ev_000684,0.4464265704154968,2.844183921813965,10.461104393005371,0.4464265704154968,2.844183921813965,10.461104393005371,0.0,0.0,0.0,0.0
ev_000685,5.51467752456665,0.6741528511047363,4.803138732910156,5.65507698059082,0.6741528511047363,2.4674086570739746,-0.14039945602416992,0.0,2.3357300758361816,2.1953306198120117
ev_000686,0.3523525595664978,4.933526515960693,19.6033992767334,3.337714910507202,0.5924325585365295,8.710003852844238,-2.9853622913360596,4.341094017028809,10.89339542388916,12.249127388000488
ev_000687,2.8783812522888184,3.773932933807373,12.539410591125488,12.538156509399414,8.728028297424316,2.4605894088745117,-9.659774780273438,-4.954095363616943,10.078821182250977,-4.535051345825195
ev_000688,0.9536043405532837,1.1996301412582397,6.496760368347168,6.01991081237793,12.619803428649902,8.503239631652832,-5.0663065910339355,-11.420173645019531,-2.006479263305664,-18.492958068847656
ev_000689,1.9865968227386475,1.2643628120422363,33.76246643066406,1.0438830852508545,1.845455527305603,3.762467622756958,0.942713737487793,-0.5810927152633667,29.999998092651367,30.361621856689453
ev_000690,7.16228723526001,8.665009498596191,2.432786226272583,7.16228723526001,8.665009498596191,2.432786226272583,0.0,0.0,0.0,0.0
ev_000691,17.363698959350586,5.568559646606445,35.412635803222656,11.610128402709961,3.6480765342712402,20.7797908782959,5.753570556640625,1.920483112335205,14.632844924926758,22.306900024414062
ev_000692,2.0801198482513428,5.308573246002197,13.070249557495117,2.0801198482513428,5.308573246002197,13.070249557495117,0.0,0.0,0.0,0.0
ev_000693,7.5421905517578125,1.1962757110595703,20.92388153076172,7.5421905517578125,1.1962757110595703,20.92388153076172,0.0,0.0,0.0,0.0
ev_000694,1.482594609260559,1.015430212020874,3.4230871200561523,1.482594609260559,1.015430212020874,3.4230871200561523,0.0,0.0,0.0,0.0
ev_000695,2.9966282844543457,5.500161647796631,45.20993423461914,4.211026191711426,0.20464926958084106,35.963504791259766,-1.21439790725708,5.2955121994018555,9.246429443359375,13.327545166015625
ev_000696,7.785722732543945,3.7537171840667725,21.429126739501953,6.361703872680664,3.6817550659179688,23.517553329467773,1.4240188598632812,0.07196211814880371,-2.0884265899658203,-0.5924453735351562
ev_000697,4.647838592529297,0.5449339747428894,6.307523250579834,0.7446767687797546,7.980406284332275,8.692477226257324,3.9031617641448975,-7.43547248840332,-2.3849539756774902,-5.917264938354492
ev_000698,10.465985298156738,0.03950920328497887,26.67551612854004,8.224081993103027,4.301584720611572,15.782120704650879,2.241903305053711,-4.262075424194336,10.89339542388916,8.873222351074219
ev_000699,4.567412853240967,0.9051870107650757,26.514789581298828,4.567412853240967,0.9051870107650757,26.514789581298828,0.0,0.0,0.0,0.0
ev_000700,3.3499958515167236,1.9548555612564087,24.670759201049805,6.784944534301758,1.4323676824569702,10.051631927490234,-3.434948682785034,0.5224878787994385,14.61912727355957,11.706666946411133
ev_000701,5.6834025382995605,1.3378090858459473,8.962157249450684,5.6834025382995605,1.3378090858459473,8.962157249450684,0.0,0.0,0.0,0.0
ev_000702,6.515240669250488,2.326469659805298,20.22403907775879,7.0193305015563965,1.803981900215149,16.256908416748047,-0.5040898323059082,0.5224877595901489,3.967130661010742,3.9855289459228516
ev_000703,1.049234390258789,1.26291823387146,23.102888107299805,2.132347345352173,1.26291823387146,8.102888107299805,-1.0831129550933838,0.0,15.0,13.916887283325195
ev_000704,0.8117173910140991,0.6944315433502197,24.345367431640625,0.8117173910140991,0.6944315433502197,24.345367431640625,0.0,0.0,0.0,0.0
ev_000705,15.470685958862305,1.3035202026367188,25.34245491027832,5.297792911529541,0.8754359483718872,18.8082275390625,10.172893524169922,0.42808425426483154,6.53422737121582,17.135204315185547
ev_000706,2.1018221378326416,3.3657970428466797,9.411600112915039,1.2753467559814453,2.2448909282684326,1.8431403636932373,0.8264753818511963,1.120906114578247,7.568459510803223,9.515840530395508
ev_000707,4.952601909637451,4.518370628356934,18.802196502685547,20.369140625,9.472465515136719,3.802196979522705,-15.41653823852539,-4.954094886779785,15.0,-5.370634078979492
ev_000708,6.000829696655273,4.090331077575684,0.17942874133586884,3.8087058067321777,2.970003366470337,8.129416465759277,2.1921238899230957,1.1203277111053467,-7.949987888336182,-4.63753604888916
ev_000709,16.291927337646484,1.0594289302825928,23.297317504882812,1.2919281721115112,1.0594289302825928,4.949156761169434,14.999999046325684,0.0,18.348159790039062,33.34815979003906
ev_000710,4.317394733428955,5.666428565979004,10.291436195373535,4.317394733428955,5.666428565979004,10.291436195373535,0.0,0.0,0.0,0.0
ev_000711,9.157712936401367,1.1046993732452393,13.969952583312988,8.79432487487793,2.629671812057495,1.030047059059143,0.3633880615234375,-1.5249724388122559,12.939905166625977,11.7783203125
ev_000712,9.292675018310547,0.5058198571205139,17.566465377807617,5.186069965362549,6.210630893707275,18.559438705444336,4.106605052947998,-5.704811096191406,-0.9929733276367188,-2.5911788940429688
ev_000713,3.645817279815674,4.3408403396606445,7.391384124755859,1.0893571376800537,6.427694797515869,0.21194908022880554,2.55646014213562,-2.0868544578552246,7.1794352531433105,7.649041652679443
ev_000714,9.049980163574219,0.6749674677848816,17.11968994140625,3.2815003395080566,0.7248480319976807,8.394388198852539,5.768479824066162,-0.04988056421279907,8.725301742553711,14.443902015686035
ev_000715,2.111095428466797,3.656914472579956,30.528453826904297,1.747707486152649,2.1319420337677,26.864845275878906,0.36338794231414795,1.5249724388122559,3.6636085510253906,5.551967620849609
ev_000716,2.3969390392303467,2.241908550262451,0.46881821751594543,2.3969390392303467,2.241908550262451,0.46881821751594543,0.0,0.0,0.0,0.0
ev_000717,2.2952957153320312,4.4716901779174805,1.5496951341629028,2.435694932937622,2.2563490867614746,0.3942345380783081,-0.14039921760559082,2.215341091156006,1.1554605960845947,3.2304019927978516
ev_000718,2.875401496887207,3.0914409160614014,19.60903549194336,2.749906539916992,5.498690128326416,12.859410285949707,0.12549495697021484,-2.4072492122650146,6.749625205993652,4.467872619628906
ev_000719,4.526285648345947,7.002397060394287,17.46213150024414,4.651780605316162,9.409646034240723,4.431677341461182,-0.12549495697021484,-2.4072489738464355,13.030454635620117,10.497711181640625
ev_000720,0.9545865058898926,6.506237983703613,32.48208999633789,1.0949856042861938,3.3964195251464844,24.111865997314453,-0.14039909839630127,3.109818458557129,8.370223999023438,11.339641571044922
ev_000721,3.062965154647827,1.5655566453933716,12.244924545288086,3.5670549869537354,3.4505770206451416,12.186893463134766,-0.5040898323059082,-1.88502037525177,0.05803108215332031,-2.3310775756835938
ev_000722,9.71717643737793,0.41656163334846497,6.806666374206543,5.282823085784912,0.41656163334846497,6.806666374206543,4.434353351593018,0.0,0.0,4.434353828430176
ev_000723,23.813251495361328,3.2830162048339844,1.5102795362472534,1.3966339826583862,0.557949423789978,10.16660213470459,22.41661834716797,2.725066661834717,-8.656322479248047,16.485361099243164
ev_000724,14.772992134094238,5.436862945556641,25.765342712402344,1.5454010963439941,0.11858974397182465,10.765342712402344,13.227590560913086,5.318273067474365,15.0,33.54586410522461
ev_000725,0.2669578790664673,2.497919797897339,4.783801078796387,0.2669578790664673,2.497919797897339,4.783801078796387,0.0,0.0,0.0,0.0
ev_000726,4.022162914276123,10.820069313049316,96.99333190917969,5.015135765075684,0.27477869391441345,12.278083801269531,-0.9929728507995605,10.54529094696045,84.71524810791016,94.26756286621094
ev_000727,9.370040893554688,4.038901329040527,37.67267608642578,9.370040893554688,4.038901329040527,37.67267608642578,0.0,0.0,0.0,0.0
ev_000728,2.735926866531372,1.7445452213287354,17.738706588745117,2.735926866531372,1.7445452213287354,17.738706588745117,0.0,0.0,0.0,0.0
ev_000729,0.5702629089355469,4.759079933166504,1.6932165622711182,0.6957579255104065,2.3518309593200684,1.4046263694763184,-0.12549501657485962,2.4072489738464355,0.2885901927947998,2.5703439712524414
ev_000730,17.5809268951416,2.3670623302459717,17.298866271972656,17.5809268951416,2.3670623302459717,17.298866271972656,0.0,0.0,0.0,0.0
ev_000731,1.650282859802246,7.76669979095459,2.2258548736572266,0.7977091073989868,0.08368705958127975,0.2901683449745178,0.8525737524032593,7.683012962341309,1.9356865882873535,10.471273422241211
ev_000732,3.8225600719451904,4.823056697845459,0.3323671221733093,3.8076560497283936,0.32364699244499207,5.765940189361572,0.014904022216796875,4.4994096755981445,-5.433573246002197,-0.9192600250244141
ev_000733,4.984982490539551,6.20651388168335,13.976072311401367,4.132408618927002,1.3580139875411987,12.162857055664062,0.8525738716125488,4.848499774932861,1.8132152557373047,7.514287948608398
ev_000734,3.799126625061035,3.744257926940918,4.066045761108398,3.92462158203125,1.3370088338851929,7.163888454437256,-0.12549495697021484,2.4072489738464355,-3.0978426933288574,-0.8160886764526367
ev_000735,8.164336204528809,10.414060592651367,29.840612411499023,7.747798442840576,5.459964752197266,23.735071182250977,0.4165377616882324,4.954095840454102,6.105541229248047,11.476173400878906
ev_000736,5.369470119476318,2.7784767150878906,9.240720748901367,5.369470119476318,2.7784767150878906,9.240720748901367,0.0,0.0,0.0,0.0
ev_000737,11.183158874511719,0.39085742831230164,32.86775588989258,9.585320472717285,8.152101516723633,27.01386260986328,1.5978384017944336,-7.761244297027588,5.853893280029297,-0.3095130920410156
ev_000738,0.5752014517784119,2.1885745525360107,2.8425707817077637,0.5752014517784119,2.1885745525360107,2.8425707817077637,0.0,0.0,0.0,0.0
ev_000739,5.314054012298584,1.9018336534500122,8.736227035522461,4.4465765953063965,0.1456267535686493,1.366966962814331,0.8674774169921875,1.7562068700790405,7.369259834289551,9.99294376373291
ev_000740,3.952174425125122,4.8793110847473145,18.478046417236328,3.952174425125122,4.8793110847473145,18.478046417236328,0.0,0.0,0.0,0.0
ev_000741,3.7883119583129883,2.4602346420288086,63.1854133605957,3.7883119583129883,2.4602346420288086,63.1854133605957,0.0,0.0,0.0,0.0
ev_000742,1.2465238571166992,7.367623329162598,1.1397078037261963,1.2465238571166992,7.367623329162598,1.1397078037261963,0.0,0.0,0.0,0.0
ev_000743,9.263425827026367,2.073239803314209,28.237743377685547,9.263425827026367,2.073239803314209,28.237743377685547,0.0,0.0,0.0,0.0
ev_000744,6.3493852615356445,2.816425085067749,1.0008447170257568,7.153552055358887,2.605034589767456,5.272261619567871,-0.8041667938232422,0.21139049530029297,-4.271416664123535,-4.864192962646484
ev_000745,0.19985198974609375,1.0899112224578857,15.318231582641602,0.19985198974609375,1.0899112224578857,15.318231582641602,0.0,0.0,0.0,0.0
ev_000746,11.396324157714844,5.148725986480713,39.15639877319336,11.255924224853516,2.038907766342163,24.15639877319336,0.14039993286132812,3.10981822013855,15.0,18.250213623046875
ev_000747,8.221040725708008,5.41401481628418,1.997267484664917,8.221040725708008,5.41401481628418,1.997267484664917,0.0,0.0,0.0,0.0
ev_000748,3.4446864128112793,2.106557846069336,0.968035101890564,3.4446864128112793,2.106557846069336,0.968035101890564,0.0,0.0,0.0,0.0
ev_000749,10.415434837341309,1.2349926233291626,31.195573806762695,4.080475807189941,0.7125048041343689,27.228443145751953,6.334959030151367,0.5224878191947937,3.967130661010742,10.824577331542969
ev_000750,9.035747528076172,5.752439975738525,22.6960506439209,9.035747528076172,5.752439975738525,22.6960506439209,0.0,0.0,0.0,0.0
ev_000751,0.3610261082649231,1.6535354852676392,4.904162883758545,0.3610261082649231,1.6535354852676392,4.904162883758545,0.0,0.0,0.0,0.0
ev_000752,2.564936637878418,1.684372067451477,3.4943411350250244,2.1483988761901855,0.15178591012954712,2.611199378967285,0.4165377616882324,1.5325860977172852,0.8831417560577393,2.8322653770446777
ev_000753,2.789381980895996,1.041526436805725,57.8200798034668,2.789381980895996,1.041526436805725,57.8200798034668,0.0,0.0,0.0,0.0
ev_000754,5.357770919799805,6.798896312713623,3.0692644119262695,6.350743770599365,11.253605842590332,7.205889701843262,-0.9929728507995605,-4.454709529876709,-4.136625289916992,-9.584305763244629
ev_000755,2.2042317390441895,2.955618381500244,3.840548515319824,2.2042317390441895,2.955618381500244,3.840548515319824,0.0,0.0,0.0,0.0
ev_000756,0.9869493842124939,3.9763801097869873,2.06632661819458,0.9869493842124939,3.9763801097869873,2.06632661819458,0.0,0.0,0.0,0.0
ev_000757,5.146581649780273,1.5012152194976807,3.992401361465454,5.146581649780273,1.5012152194976807,3.992401361465454,0.0,0.0,0.0,0.0
ev_000758,6.367402076721191,0.3330654799938202,78.51652526855469,6.367402076721191,0.3330654799938202,78.51652526855469,0.0,0.0,0.0,0.0
ev_000759,77.76441955566406,3.407395839691162,83.03020477294922,77.76441955566406,3.407395839691162,83.03020477294922,0.0,0.0,0.0,0.0
ev_000760,3.33689022064209,3.018815279006958,5.543810844421387,3.33689022064209,3.018815279006958,5.543810844421387,0.0,0.0,0.0,0.0
ev_000761,9.721508979797363,5.332629203796387,24.595178604125977,9.721508979797363,5.332629203796387,24.595178604125977,0.0,0.0,0.0,0.0
ev_000762,3.7580885887145996,0.25021272897720337,17.403894424438477,3.8835835456848145,0.25021272897720337,20.50173568725586,-0.12549495697021484,0.0,-3.097841262817383,-3.223337173461914
ev_000763,91.6087646484375,0.33656737208366394,26.54393768310547,87.71752166748047,0.33656737208366394,63.45606231689453,3.8912429809570312,0.0,-36.91212463378906,-33.02088928222656
ev_000764,1.714112639427185,10.20490837097168,101.62025451660156,2.203294038772583,4.255618095397949,3.6222026348114014,-0.48918139934539795,5.9492902755737305,97.99805450439453,103.45816040039062
ev_000765,9.16090202331543,3.1216557025909424,26.742820739746094,8.489245414733887,0.8844643235206604,11.74282169342041,0.671656608581543,2.2371914386749268,14.999999046325684,17.90884780883789
ev_000766,5.4555158615112305,2.6567537784576416,7.812999248504639,6.448488712310791,6.252665042877197,0.6053451299667358,-0.9929728507995605,-3.5959112644195557,7.207653999328613,2.618769645690918
ev_000767,1.6647669076919556,1.9916654825210571,9.12112045288086,1.3013744354248047,1.6028410196304321,10.567625045776367,0.3633924722671509,0.388824462890625,-1.4465045928955078,-0.6942873001098633
ev_000768,3.0427308082580566,5.371758937835693,4.3892645835876465,3.0427308082580566,5.371758937835693,4.3892645835876465,0.0,0.0,0.0,0.0
ev_000769,1.5006275177001953,4.480591297149658,35.23956298828125,2.0047173500061035,5.003078937530518,31.272430419921875,-0.5040898323059082,-0.5224876403808594,3.967132568359375,2.9405555725097656
ev_000770,6.125178813934326,7.682278156280518,9.551637649536133,5.999683856964111,5.275029182434082,9.241647720336914,0.12549495697021484,2.4072489738464355,0.30998992919921875,2.842733383178711
ev_000771,0.7563149333000183,4.19970178604126,15.000860214233398,0.7563149333000183,4.19970178604126,15.000860214233398,0.0,0.0,0.0,0.0
ev_000772,0.012480834499001503,1.9623197317123413,7.6514739990234375,0.012480834499001503,1.9623197317123413,7.6514739990234375,0.0,0.0,0.0,0.0
ev_000773,10.376845359802246,1.0282630920410156,43.05516052246094,10.740233421325684,0.496709406375885,39.39155197143555,-0.3633880615234375,0.5315536856651306,3.6636085510253906,3.831775665283203
ev_000774,5.976807594299316,1.3148640394210815,8.747588157653809,5.976807594299316,1.3148640394210815,8.747588157653809,0.0,0.0,0.0,0.0
ev_000775,10.981706619262695,10.640692710876465,32.03750228881836,4.919340133666992,10.640692710876465,19.404993057250977,6.062366485595703,0.0,12.632509231567383,18.694873809814453
ev_000776,6.02437162399292,0.010872816666960716,9.849595069885254,6.02437162399292,0.010872816666960716,9.849595069885254,0.0,0.0,0.0,0.0
ev_000777,1.5256879329681396,14.49463939666748,2.6155898571014404,1.5256879329681396,0.40000513195991516,2.6155898571014404,0.0,14.094634056091309,0.0,14.094633102416992
ev_000778,12.137381553649902,5.226124286651611,18.737890243530273,12.137381553649902,5.226124286651611,18.737890243530273,0.0,0.0,0.0,0.0
ev_000779,2.7265658378601074,0.7241455316543579,59.399681091308594,2.7265658378601074,0.7241455316543579,59.399681091308594,0.0,0.0,0.0,0.0
ev_000780,6.586836814880371,0.6951558589935303,13.26872730255127,4.551414966583252,0.6951558589935303,4.769947052001953,2.035421848297119,0.0,8.498780250549316,10.534202575683594
ev_000781,6.5111284255981445,1.5157421827316284,9.109249114990234,5.439140796661377,4.625560760498047,2.1956872940063477,1.0719876289367676,-3.109818458557129,6.913561820983887,4.875731468200684
ev_000782,1.7288691997528076,2.2946407794952393,22.962610244750977,1.7288691997528076,2.2946407794952393,22.962610244750977,0.0,0.0,0.0,0.0
ev_000783,0.00619850168004632,1.6892169713974,10.349221229553223,0.00619850168004632,1.6892169713974,10.349221229553223,0.0,0.0,0.0,0.0
ev_000784,0.9863308072090149,3.588820457458496,13.899859428405762,0.9863308072090149,3.588820457458496,13.899859428405762,0.0,0.0,0.0,0.0
ev_000785,0.11482316255569458,3.653336524963379,0.6974890828132629,0.11841460317373276,0.2788851261138916,7.6483588218688965,-0.0035914406180381775,3.3744513988494873,-6.950869560241699,-3.5800094604492188
ev_000786,2.845003128051758,2.836815595626831,74.02555847167969,2.845003128051758,2.836815595626831,74.02555847167969,0.0,0.0,0.0,0.0
ev_000787,6.468019008636475,8.467605590820312,15.682499885559082,6.4829230308532715,2.950537919998169,10.248926162719727,-0.014904022216796875,5.517067909240723,5.4335737228393555,10.935737609863281
ev_000788,1.6765577793121338,2.7804226875305176,3.4292094707489014,7.0078511238098145,2.7804226875305176,3.4292094707489014,-5.331293106079102,0.0,0.0,-5.331293106079102
ev_000789,4.899908542633057,3.7396154403686523,98.37767791748047,4.899908542633057,3.7396154403686523,98.37767791748047,0.0,0.0,0.0,0.0
ev_000790,7.962065696716309,6.080352306365967,4.845195293426514,7.962065696716309,6.080352306365967,4.845195293426514,0.0,0.0,0.0,0.0
ev_000791,32.17814636230469,3.3140556812286377,116.82406616210938,8.655708312988281,4.1214165687561035,112.44444274902344,23.522438049316406,-0.8073608875274658,4.3796234130859375,27.094703674316406
ev_000792,2.3193891048431396,3.4728143215179443,31.472368240356445,2.3193891048431396,3.4728143215179443,31.472368240356445,0.0,0.0,0.0,0.0
ev_000793,16.00644874572754,1.168747901916504,28.791767120361328,10.252877235412598,1.168747901916504,14.280948638916016,5.753571510314941,0.0,14.510818481445312,20.26439094543457
ev_000794,8.203330039978027,3.7725651264190674,11.828251838684082,8.203330039978027,3.7725651264190674,11.828251838684082,0.0,0.0,0.0,0.0
ev_000795,5.946287631988525,0.21806645393371582,28.005847930908203,5.946287631988525,0.21806645393371582,28.005847930908203,0.0,0.0,0.0,0.0
ev_000796,6.713195323944092,0.26509565114974976,28.762054443359375,10.148144721984863,0.25739216804504395,12.769081115722656,-3.4349493980407715,0.0077034831047058105,15.992973327636719,12.565727233886719
ev_000797,2.2819464206695557,8.691143989562988,31.747737884521484,2.2968504428863525,3.1740763187408447,23.30149269104004,-0.014904022216796875,5.517067909240723,8.446245193481445,13.948410034179688
ev_000798,8.591659545898438,0.13544435799121857,6.0358076095581055,5.919457912445068,2.646923780441284,0.725644588470459,2.672201633453369,-2.511479377746582,5.3101630210876465,5.470885276794434
ev_000799,11.262722969055176,2.214085817337036,9.406989097595215,11.262722969055176,2.214085817337036,9.406989097595215,0.0,0.0,0.0,0.0
ev_000800,9.848265647888184,3.7902019023895264,13.939459800720215,9.848265647888184,3.7902019023895264,13.939459800720215,0.0,0.0,0.0,0.0
ev_000801,16.92679786682129,1.5569971799850464,27.94814682006836,17.34333610534668,3.3970980644226074,12.94814682006836,-0.4165382385253906,-1.840100884437561,15.0,12.743358612060547
ev_000802,3.390958070755005,0.3212355673313141,16.136945724487305,1.7029242515563965,14.722817420959473,20.668596267700195,1.6880338191986084,-14.401581764221191,-4.531650543212891,-17.245197296142578
ev_000803,10.474281311035156,3.2964165210723877,33.17156219482422,10.89081859588623,1.6576787233352661,18.171560287475586,-0.4165372848510742,1.6387377977371216,15.000001907348633,16.22220230102539
ev_000804,3.960935592651367,1.9518778324127197,10.280417442321777,8.846940994262695,6.223363876342773,18.779197692871094,-4.886005401611328,-4.271486282348633,-8.498780250549316,-17.656272888183594
ev_000805,0.5237897038459778,6.047071933746338,10.217062950134277,0.01999819278717041,1.7291854619979858,6.4348273277282715,0.5037915110588074,4.3178863525390625,3.782235622406006,8.603914260864258
ev_000806,5.9459710121154785,0.021852243691682816,39.56331253051758,6.450060844421387,0.5443400740623474,35.59618377685547,-0.5040898323059082,-0.5224878191947937,3.9671287536621094,2.9405517578125
ev_000807,6.5169219970703125,5.5290045738220215,13.597580909729004,6.5169219970703125,5.5290045738220215,13.597580909729004,0.0,0.0,0.0,0.0
ev_000808,6.629210948944092,2.4911837577819824,9.980592727661133,6.629210948944092,2.4911837577819824,9.980592727661133,0.0,0.0,0.0,0.0
ev_000809,1.6693527698516846,7.654930114746094,2.7009661197662354,1.5438576936721802,5.2476806640625,2.17663311958313,0.1254950761795044,2.4072494506835938,0.5243330001831055,3.057077407836914
ev_000810,0.09160293638706207,0.40701743960380554,6.295679092407227,0.4549908936023712,0.40701743960380554,2.6320698261260986,-0.36338794231414795,0.0,3.663609266281128,3.3002214431762695
ev_000811,12.274699211120605,3.045623540878296,16.724308013916016,12.274699211120605,3.045623540878296,16.724308013916016,0.0,0.0,0.0,0.0
ev_000812,5.5709967613220215,3.761324405670166,7.50441837310791,5.5709967613220215,3.761324405670166,7.50441837310791,0.0,0.0,0.0,0.0
ev_000813,6.552175998687744,5.572239875793457,27.312744140625,5.658492565155029,1.9777334928512573,12.312744140625,0.8936834335327148,3.59450626373291,15.0,19.488189697265625
ev_000814,3.55644154548645,4.593164443969727,22.314361572265625,2.058497667312622,1.3729768991470337,14.711029052734375,1.4979438781738281,3.2201876640319824,7.60333251953125,12.321462631225586
ev_000815,6.119991302490234,3.452929973602295,6.731123924255371,0.8556016683578491,3.452929973602295,2.624518632888794,5.264389514923096,0.0,4.106605529785156,9.370996475219727
ev_000816,5.025747776031494,6.435341835021973,15.92626667022705,5.025747776031494,6.435341835021973,15.92626667022705,0.0,0.0,0.0,0.0
ev_000817,3.0365488529205322,3.337132215499878,11.793022155761719,2.8961498737335205,0.22731390595436096,9.457291603088379,0.14039897918701172,3.10981822013855,2.33573055267334,5.585947036743164
ev_000818,7.085834980010986,0.4027615785598755,84.06814575195312,7.085834980010986,0.4027615785598755,84.06814575195312,0.0,0.0,0.0,0.0
ev_000819,1.4811679124832153,0.22460757195949554,2.698004722595215,1.4811679124832153,0.22460757195949554,2.698004722595215,0.0,0.0,0.0,0.0
ev_000820,6.56191349029541,5.434890270233154,34.723567962646484,7.585512638092041,2.000581741333008,94.67684936523438,-1.0235991477966309,3.4343085289001465,-59.95328140258789,-57.54256820678711
ev_000821,9.402435302734375,7.014854431152344,17.778596878051758,9.402435302734375,7.014854431152344,17.778596878051758,0.0,0.0,0.0,0.0
ev_000822,13.589150428771973,6.178802967071533,8.652541160583496,0.7812739014625549,7.0612101554870605,0.1537609100341797,12.807876586914062,-0.8824071884155273,8.498780250549316,20.42424964904785
ev_000823,2.5542538166046143,2.2836084365844727,14.10676383972168,2.5542538166046143,2.2836084365844727,14.10676383972168,0.0,0.0,0.0,0.0
ev_000824,0.797671377658844,5.0748395919799805,20.57276153564453,0.797671377658844,5.0748395919799805,20.57276153564453,0.0,0.0,0.0,0.0
ev_000825,1.738814353942871,0.2982187569141388,2.0667426586151123,1.6133192777633667,0.2982187569141388,5.164585590362549,0.1254950761795044,0.0,-3.0978429317474365,-2.9723477363586426
ev_000826,39.28989028930664,0.6474248766899109,35.691993713378906,3.5805046558380127,0.6474248766899109,2.515819549560547,35.70938491821289,0.0,33.17617416381836,68.88555908203125
ev_000827,2.448390007019043,0.009679262526333332,7.083030700683594,2.0850019454956055,0.009679262526333332,4.099069595336914,0.3633880615234375,0.0,2.9839611053466797,3.347348690032959
ev_000828,6.768974304199219,5.698863983154297,38.37458801269531,6.768974304199219,5.698863983154297,38.37458801269531,0.0,0.0,0.0,0.0
ev_000829,4.146595001220703,4.250208854675293,26.399011611938477,3.0634822845458984,4.250208854675293,11.39901065826416,1.0831127166748047,0.0,15.000000953674316,16.083112716674805
ev_000830,10.513851165771484,14.302606582641602,6.229131698608398,10.513851165771484,14.302606582641602,6.229131698608398,0.0,0.0,0.0,0.0
ev_000831,5.13299560546875,3.502690076828003,6.067646503448486,4.644112586975098,3.502690076828003,0.6938056945800781,0.48888301849365234,0.0,5.373840808868408,5.862724304199219
ev_000832,11.605842590332031,2.2916224002838135,37.915740966796875,11.731337547302246,4.698871612548828,24.10413932800293,-0.12549495697021484,-2.4072492122650146,13.811601638793945,11.278858184814453
ev_000833,11.171243667602539,0.6670025587081909,7.568392276763916,11.171243667602539,0.6670025587081909,7.568392276763916,0.0,0.0,0.0,0.0
ev_000834,2.3422141075134277,5.126757621765137,7.453723430633545,2.705606460571289,1.532251238822937,6.007218360900879,-0.36339235305786133,3.59450626373291,1.446505069732666,4.677618980407715
ev_000835,7.659231662750244,2.981628656387329,19.966276168823242,7.659231662750244,2.981628656387329,19.966276168823242,0.0,0.0,0.0,0.0
ev_000836,17.649545669555664,9.797487258911133,2.017465114593506,4.841668605804443,9.84009838104248,6.481315612792969,12.807876586914062,-0.042611122131347656,-4.463850498199463,8.301416397094727
ev_000837,3.407393217086792,3.194631814956665,31.792255401611328,2.903303384780884,2.6721439361572266,17.39377784729004,0.5040898323059082,0.5224878787994385,14.398477554321289,15.425054550170898
ev_000838,72.56454467773438,2.654914617538452,7.983153343200684,72.56454467773438,2.654914617538452,7.983153343200684,0.0,0.0,0.0,0.0
ev_000839,4.375250339508057,5.632554531097412,14.780253410339355,4.340588092803955,6.912837028503418,14.780253410339355,0.03466224670410156,-1.2802824974060059,0.0,-1.2456207275390625
ev_000840,46.681983947753906,3.6961891651153564,10.63641357421875,46.681983947753906,3.6961891651153564,10.63641357421875,0.0,0.0,0.0,0.0
ev_000841,0.7656615376472473,4.1681132316589355,15.17429256439209,0.7656615376472473,4.1681132316589355,15.17429256439209,0.0,0.0,0.0,0.0
ev_000842,2.791278123855591,9.468487739562988,28.802946090698242,2.977201461791992,1.70724356174469,17.9095516204834,-0.18592333793640137,7.761244297027588,10.893394470214844,18.468717575073242
ev_000843,5.584916114807129,1.4354122877120972,26.353052139282227,9.019865036010742,1.957900047302246,10.360078811645508,-3.4349489212036133,-0.5224877595901489,15.992973327636719,12.035537719726562
ev_000844,2.830565929412842,6.885068416595459,23.20523452758789,13.723960876464844,1.1802573204040527,26.938016891479492,-10.893394470214844,5.704811096191406,-3.7327823638916016,-8.921367645263672
ev_000845,4.500961780548096,6.83499002456665,35.522918701171875,4.6264567375183105,4.427741050720215,32.42507553100586,-0.12549495697021484,2.4072489738464355,3.0978431701660156,5.379600524902344
ev_000846,0.3361873924732208,7.393824100494385,24.857805252075195,0.3361873924732208,7.393824100494385,24.857805252075195,0.0,0.0,0.0,0.0
ev_000847,17.687021255493164,0.4663149416446686,0.5839217305183411,17.687021255493164,0.4663149416446686,0.5839217305183411,0.0,0.0,0.0,0.0
ev_000848,10.14720630645752,0.6584701538085938,4.926487445831299,4.419643402099609,3.7682886123657227,2.590756893157959,5.72756290435791,-3.109818458557129,2.33573055267334,4.9534759521484375
ev_000849,1.967424750328064,1.259953260421753,5.1922221183776855,1.967424750328064,1.259953260421753,5.1922221183776855,0.0,0.0,0.0,0.0
ev_000850,2.1861650943756104,0.48050057888031006,14.906900405883789,13.496097564697266,10.17840576171875,3.611992359161377,-11.309932708740234,-9.697905540466309,11.29490852355957,-9.712928771972656
ev_000851,1.0573521852493286,1.6124303340911865,17.90130043029785,3.2494759559631348,2.7333364486694336,11.400080680847168,-2.1921238899230957,-1.120906114578247,6.501219749450684,3.188190460205078
ev_000852,2.7911911010742188,6.535234451293945,32.15608215332031,2.3746533393859863,1.5811394453048706,20.075284957885742,0.4165377616882324,4.954094886779785,12.08079719543457,17.451427459716797
ev_000853,4.190221309661865,0.6216802597045898,8.942173957824707,4.190221309661865,0.6216802597045898,8.942173957824707,0.0,0.0,0.0,0.0
ev_000854,5.157520771026611,7.43007230758667,37.83478546142578,5.157520771026611,7.43007230758667,37.83478546142578,0.0,0.0,0.0,0.0
ev_000855,7.288125991821289,3.6630117893218994,34.288551330566406,7.7046637535095215,1.2910834550857544,19.28855323791504,-0.4165377616882324,2.3719282150268555,14.999998092651367,16.955387115478516
ev_000856,8.452516555786133,0.7010310292243958,23.39020347595215,2.6989452838897705,0.7010310292243958,8.87938404083252,5.753571510314941,0.0,14.510819435119629,20.26439094543457
ev_000857,2.960212469100952,4.678243637084961,10.26948070526123,0.4747362732887268,4.430985927581787,1.0230516195297241,2.48547625541687,0.24725770950317383,9.246429443359375,11.979162216186523
ev_000858,34.77988815307617,5.458015441894531,32.65255355834961,3.011570692062378,1.977457046508789,2.652552843093872,31.76831817626953,3.480558395385742,30.0,65.2488784790039
ev_000859,8.556852340698242,8.654150009155273,3.242072343826294,8.556852340698242,8.654150009155273,3.242072343826294,0.0,0.0,0.0,0.0
ev_000860,2.2491965293884277,6.80661678314209,13.323801040649414,2.612588882446289,3.2121102809906006,11.87729549407959,-0.36339235305786133,3.5945065021514893,1.4465055465698242,4.677618026733398
ev_000861,4.789144039154053,3.118058443069458,0.4342649281024933,4.789144039154053,6.1967668533325195,3.977755308151245,0.0,-3.0787084102630615,-3.543490409851074,-6.622198104858398
ev_000862,1.0067945718765259,3.621377944946289,15.707469940185547,0.5027047395706177,3.621377944946289,11.740339279174805,0.5040898323059082,0.0,3.967130661010742,4.471220016479492
ev_000863,3.12947416305542,9.580337524414062,12.481123924255371,2.391489267349243,0.6482343077659607,2.518876552581787,0.7379848957061768,8.932103157043457,9.962247848510742,19.632335662841797
ev_000864,36.89914321899414,4.8977370262146,4.665792465209961,36.89914321899414,4.8977370262146,4.665792465209961,0.0,0.0,0.0,0.0
ev_000865,3.1643896102905273,0.7696757912635803,20.7887020111084,3.1643896102905273,0.7696757912635803,20.7887020111084,0.0,0.0,0.0,0.0
ev_000866,9.647295951843262,5.05367374420166,35.34916687011719,10.0106840133667,6.578646183013916,30.75704574584961,-0.3633880615234375,-1.5249724388122559,4.592121124267578,2.7037620544433594
ev_000867,8.265316009521484,5.31345796585083,14.150863647460938,8.13982105255127,2.9062087535858154,20.76895523071289,0.12549495697021484,2.4072492122650146,-6.618091583251953,-4.085348129272461
ev_000868,4.880819797515869,3.3193414211273193,12.18224048614502,4.880819797515869,3.3193414211273193,12.18224048614502,0.0,0.0,0.0,0.0
ev_000869,41.19066619873047,1.7110239267349243,1.5371198654174805,41.19066619873047,1.7110239267349243,1.5371198654174805,0.0,0.0,0.0,0.0
ev_000870,61.053977966308594,0.8164539933204651,1.2009987831115723,61.053977966308594,0.8164539933204651,1.2009987831115723,0.0,0.0,0.0,0.0
ev_000871,3.987236976623535,1.0538148880004883,6.28522253036499,3.987236976623535,1.0538148880004883,6.28522253036499,0.0,0.0,0.0,0.0
ev_000872,0.6980054974555969,3.0536813735961914,66.39869689941406,0.6980054974555969,3.0536813735961914,66.39869689941406,0.0,0.0,0.0,0.0
ev_000873,6.3810954093933105,4.234335899353027,3.9545583724975586,6.74448823928833,3.145869493484497,2.5080533027648926,-0.36339282989501953,1.0884664058685303,1.446505069732666,2.1715784072875977
ev_000874,1.9691461324691772,6.916093349456787,14.920991897583008,1.9691461324691772,6.916093349456787,14.920991897583008,0.0,0.0,0.0,0.0
ev_000875,4.081222057342529,0.605566680431366,8.148550987243652,3.9408230781555176,2.504251718521118,5.8128204345703125,0.14039897918701172,-1.8986849784851074,2.33573055267334,0.5774440765380859
ev_000876,0.802320122718811,9.889236450195312,4.812075614929199,0.802320122718811,9.889236450195312,4.812075614929199,0.0,0.0,0.0,0.0
ev_000877,0.2525698244571686,4.682625770568848,16.631610870361328,0.2525698244571686,4.682625770568848,16.631610870361328,0.0,0.0,0.0,0.0
ev_000878,4.730278015136719,2.983084201812744,3.648224353790283,4.730278015136719,2.983084201812744,3.648224353790283,0.0,0.0,0.0,0.0
ev_000879,1.7100021839141846,4.8501152992248535,18.571094512939453,1.8504012823104858,1.7402969598770142,16.23536491394043,-0.14039909839630127,3.109818458557129,2.3357295989990234,5.305149078369141
ev_000880,2.0076026916503906,9.28597640991211,8.688786506652832,0.662519097328186,1.2593138217926025,1.699568748474121,1.3450835943222046,8.026662826538086,6.989217758178711,16.3609619140625
ev_000881,8.725529670715332,5.319558143615723,27.26780891418457,8.851024627685547,2.912308931350708,24.169967651367188,-0.12549495697021484,2.4072492122650146,3.097841262817383,5.379596710205078
ev_000882,6.229237079620361,3.976372480392456,6.468409061431885,6.229237079620361,3.976372480392456,6.468409061431885,0.0,0.0,0.0,0.0
ev_000883,3.9156858921051025,2.584101438522339,24.511804580688477,4.768259525299072,4.98042631149292,10.913003921508789,-0.8525736331939697,-2.396324872970581,13.598800659179688,10.349903106689453
ev_000884,5.678497791290283,4.9495954513549805,15.519281387329102,5.678497791290283,7.397254943847656,15.519281387329102,0.0,-2.447659492492676,0.0,-2.4476585388183594
ev_000885,43.55158233642578,2.147930383682251,2.5160326957702637,43.55158233642578,2.147930383682251,2.5160326957702637,0.0,0.0,0.0,0.0
ev_000886,1.9611352682113647,1.4465872049331665,14.377429962158203,1.9611352682113647,1.4465872049331665,14.377429962158203,0.0,0.0,0.0,0.0
ev_000887,13.632182121276855,1.8811968564987183,16.758127212524414,8.062827110290527,1.8811968564987183,9.154794692993164,5.569355010986328,0.0,7.60333251953125,13.172687530517578
ev_000888,0.2290494590997696,3.42075777053833,38.78926086425781,5.415924549102783,3.42075777053833,6.210738182067871,-5.186874866485596,0.0,32.578521728515625,27.391647338867188
ev_000889,70.97799682617188,0.023798227310180664,0.05993696674704552,70.97799682617188,0.023798227310180664,0.05993696674704552,0.0,0.0,0.0,0.0
ev_000890,3.9338715076446533,1.2036640644073486,5.844933032989502,4.059366226196289,1.2036640644073486,2.7470898628234863,-0.12549471855163574,0.0,3.0978431701660156,2.972348213195801
ev_000891,2.203446865081787,3.588441848754883,23.011672973632812,1.8400589227676392,2.063469171524048,19.348064422607422,0.36338794231414795,1.524972677230835,3.6636085510253906,5.551969528198242
ev_000892,24.996891021728516,3.288654327392578,6.250836372375488,24.996891021728516,3.288654327392578,6.250836372375488,0.0,0.0,0.0,0.0
ev_000893,7.186151027679443,3.3889424800872803,14.785579681396484,7.186151027679443,3.3889424800872803,14.785579681396484,0.0,0.0,0.0,0.0
ev_000894,2.507326602935791,1.061206340789795,24.368282318115234,2.507326602935791,1.061206340789795,24.368282318115234,0.0,0.0,0.0,0.0
ev_000895,15.829303741455078,7.289386749267578,1.2830365896224976,4.939175128936768,0.47185707092285156,7.136928081512451,10.890129089355469,6.817529678344727,-5.853891372680664,11.853767395019531
ev_000896,3.6046178340911865,10.916749954223633,1.8344727754592896,3.6046178340911865,3.9981420040130615,1.8344727754592896,0.0,6.918607711791992,0.0,6.918607711791992
ev_000897,5.249600887298584,6.897190093994141,3.016184091567993,6.564421653747559,4.284204006195068,5.992598056793213,-1.3148207664489746,2.6129860877990723,-2.9764139652252197,-1.6782474517822266
ev_000898,2.1049466133117676,4.417244911193848,6.063421726226807,3.5514519214630127,0.8227383494377136,6.063421726226807,-1.4465053081512451,3.5945065021514893,0.0,2.148000717163086
ev_000899,9.436661720275879,7.328501224517822,18.38875961303711,2.9354426860809326,3.321479320526123,20.580883026123047,6.501218795776367,4.007021903991699,-2.1921234130859375,8.316118240356445
ev_000900,4.599059581756592,2.8284237384796143,9.945727348327637,4.599059581756592,4.607048511505127,5.054272651672363,0.0,-1.7786247730255127,4.891454696655273,3.11283016204834
ev_000901,1.6942150592803955,0.5525529384613037,10.923402786254883,1.6942150592803955,0.5525529384613037,10.923402786254883,0.0,0.0,0.0,0.0
ev_000902,70.37867736816406,2.2239294052124023,8.234745025634766,70.37867736816406,2.2239294052124023,8.234745025634766,0.0,0.0,0.0,0.0
ev_000903,6.858767032623291,2.53165340423584,22.931076049804688,6.858767032623291,2.53165340423584,22.931076049804688,0.0,0.0,0.0,0.0
ev_000904,6.818495750427246,2.9004712104797363,21.191944122314453,6.818495750427246,2.9004712104797363,21.191944122314453,0.0,0.0,0.0,0.0
ev_000905,0.9552634358406067,1.8976482152938843,47.384788513183594,0.9552634358406067,1.8976482152938843,47.384788513183594,0.0,0.0,0.0,0.0
ev_000906,13.674378395080566,1.117238998413086,9.669607162475586,14.09091567993164,3.8368561267852783,1.4021190404891968,-0.4165372848510742,-2.7196171283721924,8.267488479614258,5.1313323974609375
ev_000907,0.5570841431617737,4.478103160858154,1.2277052402496338,0.9204765558242798,0.8835964798927307,2.674210548400879,-0.3633924126625061,3.5945067405700684,-1.4465053081512451,1.7846088409423828
ev_000908,11.061201095581055,4.220841407775879,37.13216781616211,4.079198360443115,1.11102294921875,22.132165908813477,6.9820027351379395,3.109818458557129,15.000001907348633,25.09182357788086
ev_000909,6.065176963806152,2.176024913787842,2.9651689529418945,6.065176963806152,2.176024913787842,2.9651689529418945,0.0,0.0,0.0,0.0
ev_000910,5.572983741760254,0.3437325060367584,0.5401211380958557,5.572983741760254,0.3437325060367584,0.5401211380958557,0.0,0.0,0.0,0.0
ev_000911,2.135896682739258,3.0935473442077637,10.092852592468262,1.7725040912628174,0.5009591579437256,8.646347045898438,0.36339259147644043,2.592588186264038,1.4465055465698242,4.4024858474731445
ev_000912,29.281967163085938,2.649667739868164,38.44758987426758,75.71803283691406,4.785804271697998,34.314125061035156,-46.436065673828125,-2.136136531829834,4.133464813232422,-44.43873596191406
ev_000913,3.6526339054107666,6.9582133293151855,36.646270751953125,4.645606517791748,2.5035040378570557,35.65330123901367,-0.9929726123809814,4.454709053039551,0.9929695129394531,4.454704284667969
ev_000914,4.001622676849365,0.818886935710907,8.221880912780762,4.001622676849365,0.818886935710907,8.221880912780762,0.0,0.0,0.0,0.0
ev_000915,0.07368066906929016,0.37772342562675476,1.055058240890503,0.07368066906929016,0.37772342562675476,1.055058240890503,0.0,0.0,0.0,0.0
ev_000916,4.851962566375732,2.4981491565704346,4.793276309967041,4.851962566375732,2.4981491565704346,4.793276309967041,0.0,0.0,0.0,0.0
ev_000917,8.422969818115234,2.548574447631836,15.944342613220215,7.918879508972168,2.0260865688323975,4.032024383544922,0.5040903091430664,0.5224878787994385,11.912318229675293,12.938895225524902
ev_000918,11.286524772644043,3.681077241897583,16.765125274658203,11.286524772644043,3.681077241897583,16.765125274658203,0.0,0.0,0.0,0.0
ev_000919,4.626516342163086,2.3371145725250244,5.263258457183838,4.989904403686523,2.3371145725250244,1.5996493101119995,-0.3633880615234375,0.0,3.663609027862549,3.300220489501953
ev_000920,7.635710716247559,8.725506782531738,22.082263946533203,7.77610969543457,5.615688800811768,19.74653434753418,-0.14039897918701172,3.1098179817199707,2.3357295989990234,5.305149078369141
ev_000921,3.3363873958587646,2.2809901237487793,9.745594024658203,3.3363873958587646,2.2809901237487793,9.745594024658203,0.0,0.0,0.0,0.0
ev_000922,0.6469100713729858,3.9181900024414062,51.81180953979492,0.6469100713729858,3.9181900024414062,51.81180953979492,0.0,0.0,0.0,0.0
ev_000923,0.7709406018257141,2.828707218170166,4.763757228851318,1.1343330144882202,2.828707218170166,3.3172519207000732,-0.3633924126625061,0.0,1.4465053081512451,1.0831127166748047
ev_000924,5.0242695808410645,2.7213802337646484,16.88060760498047,3.5250072479248047,4.320659637451172,1.8806076049804688,1.4992623329162598,-1.5992794036865234,15.0,14.899982452392578
ev_000925,8.789154052734375,2.3650412559509277,16.675806045532227,7.995357990264893,1.4759243726730347,1.675805926322937,0.7937960624694824,0.8891168832778931,15.0,16.68291473388672
ev_000926,1.8164130449295044,0.11570297181606293,4.72869873046875,1.9568121433258057,3.2255213260650635,2.3929684162139893,-0.14039909839630127,-3.109818458557129,2.3357303142547607,-0.914487361907959
ev_000927,3.3804142475128174,1.0900259017944336,7.588392734527588,4.373386859893799,5.000555515289307,3.3169758319854736,-0.9929726123809814,-3.910529613494873,4.271416664123535,-0.6320858001708984
ev_000928,5.313785552978516,0.01289432030171156,12.431571006774902,5.313785552978516,0.01289432030171156,12.431571006774902,0.0,0.0,0.0,0.0
ev_000929,4.9337897300720215,5.41151762008667,28.94941520690918,4.9337897300720215,5.41151762008667,28.94941520690918,0.0,0.0,0.0,0.0
ev_000930,0.2939804196357727,3.9729576110839844,16.09403419494629,0.2939804196357727,3.9729576110839844,16.09403419494629,0.0,0.0,0.0,0.0
ev_000931,5.7957682609558105,0.20588506758213043,18.842453002929688,5.7957682609558105,0.20588506758213043,18.842453002929688,0.0,0.0,0.0,0.0
ev_000932,0.4685686528682709,3.725203275680542,3.8900139331817627,0.4685686528682709,3.725203275680542,3.8900139331817627,0.0,0.0,0.0,0.0
ev_000933,6.43855619430542,5.715369701385498,8.777236938476562,7.4315290451049805,10.170079231262207,7.784263610839844,-0.9929728507995605,-4.454709529876709,0.9929733276367188,-4.454708099365234
ev_000934,1.1319090127944946,7.709348678588867,23.72861099243164,0.7153712511062622,2.755253553390503,17.623071670532227,0.4165377616882324,4.954094886779785,6.105539321899414,11.476173400878906
ev_000935,6.211760997772217,1.841404676437378,6.907284259796143,4.144021511077881,1.841404676437378,6.907284259796143,2.067739486694336,0.0,0.0,2.067739486694336
ev_000936,10.968395233154297,0.47955086827278137,29.626169204711914,10.968395233154297,0.47955086827278137,12.87888240814209,0.0,0.0,16.74728775024414,16.74728775024414
ev_000937,32.013736724853516,2.460584878921509,31.530729293823242,32.013736724853516,2.460584878921509,31.530729293823242,0.0,0.0,0.0,0.0
ev_000938,1.7867064476013184,0.663709282875061,2.8748891353607178,1.7867064476013184,0.663709282875061,2.8748891353607178,0.0,0.0,0.0,0.0
ev_000939,12.570181846618652,0.04672869294881821,17.984664916992188,6.801702976226807,6.05573844909668,12.720274925231934,5.768478870391846,-6.009009838104248,5.264389991760254,5.023859024047852
ev_000940,2.1703433990478516,0.9970105886459351,17.98530387878418,0.6710811853408813,4.137540817260742,2.985304117202759,1.4992622137069702,-3.1405301094055176,15.0,13.358732223510742
ev_000941,3.8436098098754883,0.7321513295173645,20.808067321777344,3.8436098098754883,9.999539375305176,20.808067321777344,0.0,-9.267388343811035,0.0,-9.267385482788086
ev_000942,3.552218198776245,2.9242782592773438,5.0940165519714355,3.552218198776245,2.9242782592773438,5.0940165519714355,0.0,0.0,0.0,0.0
ev_000943,1.8641153573989868,1.9691437482833862,12.869942665100098,3.370054244995117,1.8718218803405762,2.1300575733184814,-1.5059388875961304,0.09732186794281006,10.739885330200195,9.331267356872559
ev_000944,7.2636027336120605,5.656745910644531,46.358009338378906,6.41102933883667,1.7787264585494995,18.2936954498291,0.8525733947753906,3.878019332885742,28.064313888549805,32.79490661621094
ev_000945,4.938807010650635,3.844294548034668,13.710823059082031,4.938807010650635,3.844294548034668,13.710823059082031,0.0,0.0,0.0,0.0
ev_000946,5.77061128616333,0.7602519392967224,7.660247325897217,6.133999347686768,0.764720618724823,7.151769638061523,-0.3633880615234375,-0.004468679428100586,0.5084776878356934,0.14062118530273438
ev_000947,0.5799418687820435,2.7949795722961426,12.661627769470215,0.5799418687820435,2.7949795722961426,12.661627769470215,0.0,0.0,0.0,0.0
ev_000948,4.296203136444092,1.9771443605422974,30.379348754882812,4.296203136444092,1.9771443605422974,30.379348754882812,0.0,0.0,0.0,0.0
ev_000949,4.503784656524658,3.4477524757385254,8.405143737792969,4.992966175079346,0.3932132124900818,3.6918537616729736,-0.4891815185546875,3.054539203643799,4.713290214538574,7.278648376464844
ev_000950,3.7884209156036377,3.255613088607788,6.478994846343994,3.2843310832977295,3.255613088607788,8.521004676818848,0.5040898323059082,0.0,-2.0420098304748535,-1.5379199981689453
ev_000951,3.746074676513672,0.37332433462142944,7.74013090133667,12.445413589477539,15.895812034606934,7.25986909866333,-8.699338912963867,-15.52248764038086,0.48026180267333984,-23.74156379699707
ev_000952,4.056795120239258,7.8261189460754395,37.6356201171875,3.931300163269043,5.418869972229004,34.537776947021484,0.12549495697021484,2.4072489738464355,3.0978431701660156,5.630584716796875
ev_000953,4.5966925621032715,4.913761138916016,10.600909233093262,4.960084915161133,1.3192548751831055,12.047414779663086,-0.36339235305786133,3.59450626373291,-1.4465055465698242,1.78460693359375
ev_000954,1.671762228012085,9.307783126831055,37.790950775146484,1.1679707765579224,2.6034579277038574,13.348387718200684,0.5037914514541626,6.704325199127197,24.442562103271484,31.650680541992188
ev_000955,2.497014284133911,3.660151481628418,8.019302368164062,2.497014284133911,3.660151481628418,8.019302368164062,0.0,0.0,0.0,0.0
ev_000956,6.899143695831299,5.430480480194092,0.07429022341966629,6.395053863525391,0.6601008176803589,11.107159614562988,0.5040898323059082,4.770379543304443,-11.032869338989258,-5.758400917053223
ev_000957,4.607206344604492,6.2496185302734375,0.6093466281890869,4.607206344604492,6.2496185302734375,0.6093466281890869,0.0,0.0,0.0,0.0
ev_000958,3.821981430053711,7.420260906219482,12.971356391906738,4.67455530166626,0.01521143689751625,59.90704345703125,-0.8525738716125488,7.4050493240356445,-46.93568801879883,-40.383209228515625
ev_000959,9.509622573852539,8.471875190734863,1.9965919256210327,2.486269235610962,9.062094688415527,0.19415274262428284,7.023353576660156,-0.5902194976806641,1.8024392127990723,8.235573768615723
ev_000960,7.917393684387207,0.385915070772171,19.71575927734375,7.082606315612793,0.385915070772171,4.715758800506592,0.8347873687744141,0.0,15.0,15.834787368774414
ev_000961,10.164520263671875,5.6083664894104,1.0436838865280151,10.164520263671875,5.6083664894104,1.0436838865280151,0.0,0.0,0.0,0.0
ev_000962,5.652536392211914,3.3161284923553467,7.094933986663818,7.09904146194458,0.27837803959846497,7.094933986663818,-1.446505069732666,3.037750482559204,0.0,1.5912456512451172
ev_000963,6.362464904785156,5.147188186645508,33.42937088012695,6.362464904785156,5.147188186645508,33.42937088012695,0.0,0.0,0.0,0.0
ev_000964,0.8081914186477661,1.092552661895752,30.856548309326172,1.171579360961914,0.43241986632347107,27.19293785095215,-0.36338794231414795,0.6601327657699585,3.6636104583740234,3.960355758666992
ev_000965,1.5507194995880127,5.709393501281738,0.6305971741676331,1.5507194995880127,5.709393501281738,0.6305971741676331,0.0,0.0,0.0,0.0
ev_000966,14.7274169921875,5.660890579223633,25.93268585205078,14.7274169921875,5.660890579223633,25.93268585205078,0.0,0.0,0.0,0.0
ev_000967,3.3156280517578125,2.0438356399536133,23.803266525268555,3.3156280517578125,2.0438356399536133,23.803266525268555,0.0,0.0,0.0,0.0
ev_000968,48.202423095703125,1.0574206113815308,7.414997100830078,48.202423095703125,1.0574206113815308,7.414997100830078,0.0,0.0,0.0,0.0
ev_000969,7.380579948425293,7.16674280166626,4.566289901733398,5.420262813568115,3.3116307258605957,2.297201156616211,1.9603171348571777,3.855112075805664,2.2690887451171875,8.084518432617188
ev_000970,0.2788514196872711,0.5303229689598083,20.24123191833496,11.172245979309082,5.174488067626953,3.4280171394348145,-10.893394470214844,-4.6441650390625,16.813215255737305,1.275655746459961
ev_000971,9.389023780822754,9.853811264038086,1.767945408821106,1.097773790359497,9.853811264038086,1.767945408821106,8.291250228881836,0.0,0.0,8.291252136230469
ev_000972,3.8387937545776367,9.9033203125,22.758813858032227,2.8458211421966553,0.6419700980186462,3.1019484996795654,0.9929726123809814,9.261350631713867,19.6568660736084,29.91118621826172
ev_000973,7.110515594482422,1.0460290908813477,9.472284317016602,7.61460542678833,1.0460290908813477,5.527715682983398,-0.5040898323059082,0.0,3.944568634033203,3.440479278564453
ev_000974,12.998204231262207,3.8801441192626953,37.78939437866211,1.0590819120407104,0.770325779914856,7.789393901824951,11.939122200012207,3.109818458557129,30.0,45.04894256591797
ev_000975,6.1900224685668945,9.637170791625977,9.983532905578613,6.1900224685668945,9.637170791625977,9.983532905578613,0.0,0.0,0.0,0.0
ev_000976,3.3772807121276855,2.7199246883392334,7.911875247955322,3.013892650604248,2.7199246883392334,14.718864440917969,0.3633880615234375,0.0,-6.8069891929626465,-6.443601608276367
ev_000977,2.665351629257202,1.1386382579803467,15.526801109313965,2.301959276199341,2.4558682441711426,2.0157089233398438,0.36339235305786133,-1.317229986190796,13.511092185974121,12.557254791259766
ev_000978,2.657762289047241,2.0624876022338867,5.191728591918945,0.7220756411552429,0.6171110272407532,10.94529914855957,1.9356865882873535,1.4453766345977783,-5.753570556640625,-2.372507095336914
ev_000979,28.064502716064453,1.1219223737716675,23.93996810913086,13.064501762390137,1.1219223737716675,8.93996810913086,15.000000953674316,0.0,15.0,30.0
ev_000980,2.2166249752044678,3.6403989791870117,6.452799320220947,2.705806255340576,0.20056667923927307,8.547200202941895,-0.4891812801361084,3.4398322105407715,-2.0944008827209473,0.8562507629394531
ev_000981,0.8340319991111755,3.4396846294403076,19.814531326293945,0.8340319991111755,3.4396846294403076,19.814531326293945,0.0,0.0,0.0,0.0
ev_000982,0.4090607166290283,0.34579670429229736,8.290299415588379,1.907004475593567,0.34579670429229736,6.709700107574463,-1.4979437589645386,0.0,1.580599308013916,0.08265495300292969
ev_000983,2.119431257247925,3.6210176944732666,29.831560134887695,0.6214873790740967,0.4008299708366394,22.228227615356445,1.4979438781738281,3.2201876640319824,7.60333251953125,12.321464538574219
ev_000984,6.962337970733643,3.251891613006592,17.236358642578125,6.962337970733643,3.251891613006592,17.236358642578125,0.0,0.0,0.0,0.0
ev_000985,2.171234369277954,6.673308849334717,0.6042026281356812,3.61773943901062,3.0788025856018066,0.6042026281356812,-1.446505069732666,3.59450626373291,0.0,2.148001194000244
ev_000986,6.6472625732421875,1.6493128538131714,1.8672897815704346,6.6472625732421875,1.6493128538131714,1.8672897815704346,0.0,0.0,0.0,0.0
ev_000987,0.3745220899581909,1.6571165323257446,2.7756099700927734,0.3745220899581909,1.6571165323257446,2.7756099700927734,0.0,0.0,0.0,0.0
ev_000988,1.631350040435791,5.502005577087402,27.3565731048584,1.994742512702942,1.9074991941452026,12.356572151184082,-0.3633924722671509,3.59450626373291,15.000000953674316,18.231115341186523
ev_000989,1.1562615633010864,11.261933326721191,4.013293743133545,1.1711655855178833,6.492920398712158,9.446866989135742,-0.014904022216796875,4.769012928009033,-5.433573246002197,-0.6794643402099609
ev_000990,3.313199758529663,10.993989944458008,32.69475555419922,0.3768676519393921,0.3350832164287567,26.81439208984375,2.9363322257995605,10.658906936645508,5.880363464355469,19.475603103637695
ev_000991,2.398322582244873,0.22783751785755157,0.04040183499455452,2.398322582244873,0.22783751785755157,0.04040183499455452,0.0,0.0,0.0,0.0
ev_000992,2.9309139251708984,1.0897859334945679,5.43827486038208,0.7591536641120911,9.569120407104492,5.23964786529541,2.171760320663452,-8.479334831237793,0.19862699508666992,-6.108946800231934
ev_000993,5.572751522064209,6.5879130363464355,27.397720336914062,5.989289283752441,1.6338179111480713,18.332630157470703,-0.4165377616882324,4.954094886779785,9.06509017944336,13.602645874023438
ev_000994,1.6516430377960205,6.52146053314209,15.943169593811035,1.6516430377960205,6.52146053314209,15.943169593811035,0.0,0.0,0.0,0.0
ev_000995,6.287393093109131,4.998347282409668,7.121285438537598,7.845129489898682,4.998347282409668,14.752025604248047,-1.5577363967895508,0.0,-7.630740165710449,-9.188478469848633
ev_000996,0.9068419933319092,4.461966514587402,13.798410415649414,0.9068419933319092,4.461966514587402,13.798410415649414,0.0,0.0,0.0,0.0
ev_000997,4.1406660079956055,7.495213985443115,14.54350471496582,4.1406660079956055,7.495213985443115,14.54350471496582,0.0,0.0,0.0,0.0
ev_000998,0.6831632256507874,0.8736099004745483,9.386221885681152,0.6831632256507874,0.8736099004745483,9.386221885681152,0.0,0.0,0.0,0.0
ev_000999,8.638225555419922,6.883252143859863,37.162784576416016,9.00161361694336,8.408224105834961,29.26449203491211,-0.3633880615234375,-1.5249719619750977,7.898292541503906,6.009929656982422
ev_001000,23.11771583557129,0.09023380279541016,0.02489640936255455,23.11771583557129,0.09023380279541016,0.02489640936255455,0.0,0.0,0.0,0.0
ev_001001,8.196551322937012,1.7747653722763062,0.22491301596164703,8.196551322937012,1.7747653722763062,0.22491301596164703,0.0,0.0,0.0,0.0
ev_001002,2.670448064804077,3.453054666519165,4.787444114685059,2.670448064804077,3.453054666519165,4.787444114685059,0.0,0.0,0.0,0.0
ev_001003,3.2826743125915527,5.807122707366943,31.616268157958984,2.9192864894866943,4.2821502685546875,27.952659606933594,0.3633878231048584,1.5249724388122559,3.6636085510253906,5.551967620849609
ev_001004,0.7470098733901978,0.9738937020301819,0.9858670830726624,0.887408971786499,0.9738937020301819,1.3498632907867432,-0.14039909839630127,0.0,-0.3639962077140808,-0.5043952465057373
ev_001005,0.18895159661769867,2.3978540897369385,13.826395988464355,0.18895159661769867,2.3978540897369385,13.826395988464355,0.0,0.0,0.0,0.0
ev_001006,4.850459098815918,0.9954779148101807,20.57187271118164,4.34636926651001,0.47299012541770935,16.6047420501709,0.5040898323059082,0.5224877595901489,3.967130661010742,4.993707656860352
ev_001007,4.047089099884033,6.515209197998047,16.599172592163086,4.047089099884033,6.515209197998047,16.599172592163086,0.0,0.0,0.0,0.0
ev_001008,7.025435924530029,0.022700924426317215,18.32198715209961,7.025435924530029,0.022700924426317215,18.32198715209961,0.0,0.0,0.0,0.0
ev_001009,3.6491851806640625,4.88124418258667,74.1491928100586,3.6491851806640625,4.88124418258667,74.1491928100586,0.0,0.0,0.0,0.0
ev_001010,14.269018173217773,3.733661413192749,23.896045684814453,15.121591567993164,3.8308663368225098,12.397989273071289,-0.8525733947753906,-0.09720492362976074,11.498056411743164,10.548280715942383
ev_001011,2.766845703125,9.61538314819336,38.94259262084961,3.6194193363189697,2.0508556365966797,23.349742889404297,-0.8525736331939697,7.56452751159668,15.592849731445312,22.3048038482666
ev_001012,5.952525615692139,1.1162904500961304,5.836819648742676,5.952525615692139,1.1162904500961304,5.836819648742676,0.0,0.0,0.0,0.0
ev_001013,80.96217346191406,4.285749435424805,14.335482597351074,5.962172985076904,0.050462447106838226,0.17533642053604126,75.0,4.235287189483643,14.16014575958252,93.39543151855469
ev_001014,5.327242851257324,2.626221179962158,9.746217727661133,5.816125869750977,0.6364080905914307,2.9847655296325684,-0.48888301849365234,1.9898130893707275,6.7614521980285645,8.262382507324219
ev_001015,3.2910866737365723,5.006006717681885,1.5675787925720215,0.8544300198554993,1.4156289100646973,3.6968109607696533,2.4366567134857178,3.5903778076171875,-2.129232168197632,3.8978018760681152
ev_001016,10.750307083129883,0.4455018639564514,1.9667136669158936,9.76977825164795,5.397890567779541,0.5800395607948303,0.9805288314819336,-4.952388763427734,1.386674165725708,-2.585186004638672
ev_001017,7.881818771362305,0.7542877793312073,29.953758239746094,7.881818771362305,0.7542877793312073,12.147570610046387,0.0,0.0,17.80618667602539,17.806190490722656
ev_001018,1.4487451314926147,3.572573184967041,1.957958698272705,1.3083460330963135,0.4866162836551666,4.293688774108887,0.14039909839630127,3.0859568119049072,-2.3357300758361816,0.8906259536743164
ev_001019,6.381566524505615,8.622795104980469,11.867765426635742,6.381566524505615,8.622795104980469,11.867765426635742,0.0,0.0,0.0,0.0
ev_001020,6.359335422515869,2.3514389991760254,25.26344108581543,0.5908559560775757,4.417877674102783,19.409549713134766,5.768479347229004,-2.066438674926758,5.853891372680664,9.555932998657227
ev_001021,1.6197599172592163,1.0267986059188843,11.43685245513916,1.115670084953308,0.5043107867240906,3.563147783279419,0.5040898323059082,0.5224878191947937,7.87370491027832,8.900282859802246
ev_001022,6.659430027008057,7.094606876373291,7.162786960601807,8.340569496154785,7.094606876373291,7.162786960601807,-1.6811394691467285,0.0,0.0,-1.6811389923095703
ev_001023,1.8039124011993408,1.703578233718872,7.279956340789795,1.8039124011993408,1.703578233718872,7.279956340789795,0.0,0.0,0.0,0.0
ev_001024,2.672194480895996,4.643460750579834,8.456058502197266,1.80471670627594,4.643460750579834,0.8253180980682373,0.8674777746200562,0.0,7.630740165710449,8.498217582702637
ev_001025,9.213683128356934,2.9489989280700684,19.240381240844727,9.213683128356934,2.9489989280700684,19.240381240844727,0.0,0.0,0.0,0.0
ev_001026,8.91026782989502,0.6427488327026367,3.6741504669189453,8.91026782989502,0.6427488327026367,3.6741504669189453,0.0,0.0,0.0,0.0
ev_001027,8.867060661315918,9.472037315368652,1.1467814445495605,2.9246647357940674,1.0732532739639282,9.581801414489746,5.94239616394043,8.398783683776855,-8.435020446777344,5.906160354614258
ev_001028,7.474238395690918,0.3846805691719055,9.091569900512695,7.474238395690918,0.3846805691719055,9.091569900512695,0.0,0.0,0.0,0.0
ev_001029,0.76118403673172,1.6268227100372314,16.369216918945312,0.39779606461524963,0.10185021907091141,1.369215965270996,0.36338797211647034,1.5249724388122559,15.000000953674316,16.88836097717285
ev_001030,1.1256970167160034,5.539517879486084,17.761234283447266,1.1256970167160034,5.539517879486084,17.761234283447266,0.0,0.0,0.0,0.0
ev_001031,0.09323371946811676,8.555408477783203,4.308751106262207,0.0783296599984169,3.0383412837982178,9.742323875427246,0.01490405946969986,5.517066955566406,-5.433572769165039,0.09839916229248047
ev_001032,16.543792724609375,3.7177913188934326,15.196025848388672,1.5437918901443481,0.12317441403865814,0.19602608680725098,15.000000953674316,3.5946168899536133,15.0,33.59461975097656
ev_001033,7.281003475189209,0.3181318938732147,23.6068172454834,7.281003475189209,0.3181318938732147,23.6068172454834,0.0,0.0,0.0,0.0
ev_001034,1.8803515434265137,4.64161491394043,5.732676029205322,1.8803515434265137,4.64161491394043,5.732676029205322,0.0,0.0,0.0,0.0
ev_001035,2.275097608566284,4.022756576538086,3.0828309059143066,1.9117051362991333,0.42824995517730713,18.08283042907715,0.3633924722671509,3.5945067405700684,-15.0,-11.042098999023438
ev_001036,4.912010192871094,0.4594905376434326,14.385696411132812,4.912010192871094,0.4594905376434326,14.385696411132812,0.0,0.0,0.0,0.0
ev_001037,2.2914092540740967,1.6233364343643188,14.6870698928833,2.2914092540740967,1.6233364343643188,14.6870698928833,0.0,0.0,0.0,0.0
ev_001038,98.06376647949219,0.05556609854102135,24.858671188354492,83.06376647949219,0.05556609854102135,9.858670234680176,15.0,0.0,15.000000953674316,30.0
ev_001039,5.158130168914795,9.823808670043945,0.4576200544834137,4.668948650360107,1.3352259397506714,13.644405364990234,0.4891815185546875,8.488582611083984,-13.186785697937012,-4.20902156829834
ev_001040,46.24668884277344,2.3132917881011963,2.445451021194458,46.24668884277344,2.3132917881011963,2.445451021194458,0.0,0.0,0.0,0.0
ev_001041,3.155827522277832,7.665055274963379,7.851287841796875,3.155827522277832,7.665055274963379,7.851287841796875,0.0,0.0,0.0,0.0
ev_001042,0.07680869102478027,7.752591133117676,5.595777988433838,0.07680869102478027,7.752591133117676,5.595777988433838,0.0,0.0,0.0,0.0
ev_001043,5.854151725769043,1.0353296995162964,18.58753776550293,5.854151725769043,1.0353296995162964,18.58753776550293,0.0,0.0,0.0,0.0
ev_001044,6.4319047927856445,5.197045803070068,4.967563152313232,1.569728970527649,9.03801155090332,10.032437324523926,4.862175941467285,-3.840965747833252,-5.064874172210693,-4.043664932250977
ev_001045,3.798006772994995,4.4909348487854,22.092500686645508,10.697903633117676,3.968446969985962,7.953471660614014,-6.899896621704102,0.5224878787994385,14.139028549194336,7.761621475219727
ev_001046,7.984464168548584,5.220412731170654,5.299805641174316,7.984464168548584,5.220412731170654,5.299805641174316,0.0,0.0,0.0,0.0
ev_001047,4.339293003082275,1.6941906213760376,40.48220443725586,4.339293003082275,1.6941906213760376,40.48220443725586,0.0,0.0,0.0,0.0
ev_001048,9.839404106140137,0.04275212064385414,24.686702728271484,9.839404106140137,0.04275212064385414,24.686702728271484,0.0,0.0,0.0,0.0
ev_001049,8.26059627532959,1.837928056716919,27.243146896362305,8.26059627532959,1.837928056716919,27.243146896362305,0.0,0.0,0.0,0.0
ev_001050,2.733600616455078,5.454740524291992,1.364198923110962,2.733600616455078,5.454740524291992,1.364198923110962,0.0,0.0,0.0,0.0
ev_001051,0.84315425157547,5.645498752593994,0.09670525044202805,2.8469133377075195,1.3044049739837646,4.4478020668029785,-2.0037591457366943,4.341094017028809,-4.3510966300964355,-2.0137624740600586
ev_001052,12.76579475402832,3.6224470138549805,19.6087589263916,3.3947994709014893,5.672741889953613,19.6087589263916,9.37099552154541,-2.050294876098633,0.0,7.320701599121094
ev_001053,4.248793125152588,4.515839576721191,21.842266082763672,7.683742046356201,5.038327217102051,5.849292755126953,-3.4349489212036133,-0.5224876403808594,15.992973327636719,12.035537719726562
ev_001054,2.0719265937805176,12.298614501953125,33.550376892089844,2.0346786975860596,6.593803405761719,18.051483154296875,0.03724789619445801,5.704811096191406,15.498893737792969,21.240951538085938
ev_001055,6.747668266296387,4.540321350097656,21.586271286010742,6.747668266296387,4.540321350097656,21.586271286010742,0.0,0.0,0.0,0.0
ev_001056,0.2896592915058136,7.804677486419678,8.0557279586792,5.6012678146362305,4.210171222686768,6.944272041320801,-5.31160831451416,3.59450626373291,1.1114559173583984,-0.6056461334228516
ev_001057,3.562778949737549,11.253129005432129,6.139266014099121,3.5776829719543457,5.736062049865723,11.57283878326416,-0.014904022216796875,5.517066955566406,-5.433572769165039,0.0685882568359375
ev_001058,17.4018497467041,3.58278751373291,15.29257583618164,2.4018495082855225,0.258178174495697,0.2925761640071869,15.0,3.3246092796325684,15.0,33.32461166381836
ev_001059,19.62347412109375,6.728425025939941,16.643680572509766,19.62347412109375,2.916530132293701,22.38677215576172,0.0,3.8118948936462402,-5.743091583251953,-1.9311981201171875
ev_001060,3.0245208740234375,5.811589241027832,3.258432388305664,3.1649200916290283,2.701770544052124,2.494320869445801,-0.14039921760559082,3.109818696975708,0.7641115188598633,3.7335309982299805
ev_001061,3.530987501144409,1.3326057195663452,16.2030086517334,0.07814278453588486,4.927112102508545,1.2030088901519775,3.4528446197509766,-3.59450626373291,15.0,14.85833740234375
ev_001062,4.124274253845215,6.0797576904296875,23.031932830810547,13.355794906616211,11.398031234741211,38.521114349365234,-9.231520652770996,-5.318273544311523,-15.489181518554688,-30.03897476196289
ev_001063,2.2416255474090576,8.277996063232422,41.0960578918457,1.7527425289154053,4.345774173736572,34.3346061706543,0.48888301849365234,3.9322218894958496,6.761451721191406,11.182559967041016
ev_001064,4.402029037475586,1.223732352256775,20.280467987060547,5.3950018882751465,5.678441524505615,4.987313747406006,-0.9929728507995605,-4.454709053039551,15.293153762817383,9.84547233581543
ev_001065,0.008789168670773506,0.11120916903018951,5.841548919677734,0.008789168670773506,0.11120916903018951,5.841548919677734,0.0,0.0,0.0,0.0
ev_001066,5.368696212768555,3.552900791168213,14.57532024383545,5.368696212768555,3.552900791168213,14.57532024383545,0.0,0.0,0.0,0.0
ev_001067,1.0647647380828857,3.698211908340454,37.158302307128906,0.9243656396865845,0.5883936285972595,22.158300399780273,0.14039909839630127,3.10981822013855,15.000001907348633,18.250221252441406
ev_001068,8.086799621582031,0.6369361281394958,0.46525460481643677,8.086799621582031,0.6369361281394958,0.46525460481643677,0.0,0.0,0.0,0.0
ev_001069,4.290863513946533,3.6167759895324707,1.660970687866211,3.4233856201171875,2.4738051891326904,9.030230522155762,0.8674778938293457,1.1429708003997803,-7.369259834289551,-5.358811378479004
ev_001070,13.25177001953125,2.1992228031158447,20.85184669494629,13.25177001953125,2.1992228031158447,20.85184669494629,0.0,0.0,0.0,0.0
ev_001071,5.6736884117126465,1.0849111080169678,15.994877815246582,5.6736884117126465,1.0849111080169678,15.994877815246582,0.0,0.0,0.0,0.0
ev_001072,9.48615837097168,1.264648675918579,19.797670364379883,9.48615837097168,1.264648675918579,19.797670364379883,0.0,0.0,0.0,0.0
ev_001073,2.633784294128418,6.103639602661133,10.844707489013672,2.633784294128418,6.103639602661133,10.844707489013672,0.0,0.0,0.0,0.0
ev_001074,34.164493560791016,6.1051177978515625,33.01824951171875,19.164493560791016,2.5106112957000732,18.01824951171875,15.0,3.5945065021514893,15.0,33.594505310058594
ev_001075,7.074154853820801,0.0009172832360491157,16.492046356201172,7.074154853820801,0.0009172832360491157,16.492046356201172,0.0,0.0,0.0,0.0
ev_001076,2.892662286758423,2.818237781524658,4.60528564453125,2.892662286758423,2.818237781524658,4.60528564453125,0.0,0.0,0.0,0.0
ev_001077,2.0447301864624023,11.769607543945312,12.32435131072998,2.0447301864624023,11.769607543945312,12.32435131072998,0.0,0.0,0.0,0.0
ev_001078,5.450552940368652,0.419519305229187,75.90420532226562,5.450552940368652,0.419519305229187,75.90420532226562,0.0,0.0,0.0,0.0
ev_001079,2.0810797214508057,2.600310802459717,81.06429290771484,2.0810797214508057,2.600310802459717,81.06429290771484,0.0,0.0,0.0,0.0
ev_001080,2.9220540523529053,6.425689697265625,4.048492431640625,2.9220540523529053,6.425689697265625,4.048492431640625,0.0,0.0,0.0,0.0
ev_001081,1.3266797065734863,4.413668632507324,16.811050415039062,4.441799640655518,3.3475751876831055,9.920424461364746,-3.1151199340820312,1.0660934448242188,6.890625953674316,4.84160041809082
ev_001082,1.5986716747283936,2.1510863304138184,14.838074684143066,2.1027615070343018,1.6285984516143799,10.870944023132324,-0.5040898323059082,0.5224878787994385,3.967130661010742,3.9855289459228516
ev_001083,3.8470582962036133,6.686146259307861,0.41751357913017273,4.335941314697266,3.022465944290161,7.178966045379639,-0.48888301849365234,3.6636803150177,-6.761452674865723,-3.586653709411621
ev_001084,2.870616912841797,0.6453030109405518,17.9160099029541,2.870616912841797,0.6453030109405518,17.9160099029541,0.0,0.0,0.0,0.0
ev_001085,6.353880405426025,5.839266777038574,10.714020729064941,4.176036834716797,2.244760036468506,9.267516136169434,2.1778435707092285,3.5945067405700684,1.4465045928955078,7.2188568115234375
ev_001086,4.845693588256836,3.0363054275512695,1.417982816696167,0.574276864528656,1.4184038639068604,7.171553611755371,4.271416664123535,1.6179015636444092,-5.753570556640625,0.13574790954589844
ev_001087,3.676426649093628,2.4881415367126465,28.545921325683594,3.676426649093628,2.4881415367126465,28.545921325683594,0.0,0.0,0.0,0.0
ev_001088,1.5922476053237915,4.394106388092041,0.2820241451263428,1.5922476053237915,4.394106388092041,0.2820241451263428,0.0,0.0,0.0,0.0
ev_001089,1.9798837900161743,12.822674751281738,3.1733827590942383,1.9798837900161743,1.8903412818908691,3.1733827590942383,0.0,10.932332992553711,0.0,10.932332992553711
ev_001090,2.239570379257202,2.287388324737549,16.534236907958984,1.2465976476669312,2.287388324737549,27.262819290161133,0.992972731590271,0.0,-10.728582382202148,-9.735610961914062
ev_001091,6.514077186584473,6.369987487792969,3.832639217376709,7.960582256317139,2.7754809856414795,3.832639217376709,-1.446505069732666,3.5945065021514893,0.0,2.148000717163086
ev_001092,5.816585540771484,4.758603572845459,10.450973510742188,6.179977893829346,1.1640970706939697,11.897479057312012,-0.36339235305786133,3.5945065021514893,-1.4465055465698242,1.7846088409423828
ev_001093,5.313453674316406,1.0872703790664673,88.50275421142578,5.313453674316406,1.0872703790664673,88.50275421142578,0.0,0.0,0.0,0.0
ev_001094,5.916286945343018,5.259981632232666,5.472252368927002,0.20297516882419586,3.035172939300537,9.52774715423584,5.713311672210693,2.224808692932129,-4.055494785308838,3.8826255798339844
ev_001095,52.76165771484375,1.988696813583374,45.96365737915039,4.827366352081299,1.852268934249878,12.234728813171387,47.93429183959961,0.1364278793334961,33.72892761230469,81.79965209960938
ev_001096,5.2289533615112305,3.143364906311035,22.32587432861328,5.2289533615112305,3.143364906311035,22.32587432861328,0.0,0.0,0.0,0.0
ev_001097,4.411954879760742,1.1955103874206543,1.4472883939743042,4.411954879760742,1.1955103874206543,1.4472883939743042,0.0,0.0,0.0,0.0
ev_001098,7.690678596496582,5.605471134185791,0.13339664041996002,4.2862629890441895,8.273622512817383,3.743906021118164,3.4044156074523926,-2.668151378631592,-3.6105093955993652,-2.87424373626709
ev_001099,2.471597671508789,3.041184902191162,21.57520866394043,2.611996650695801,6.151003360748291,6.57520866394043,-0.14039897918701172,-3.109818458557129,15.0,11.74978256225586
ev_001100,8.502185821533203,8.763717651367188,4.3658766746521,0.6394739151000977,5.48250675201416,0.02389903925359249,7.8627119064331055,3.2812108993530273,4.341977596282959,15.48590087890625
ev_001101,4.447510719299316,2.3435771465301514,3.298290967941284,3.958329677581787,1.4973886013031006,11.701708793640137,0.4891810417175293,0.8461885452270508,-8.403417587280273,-7.068047523498535
ev_001102,56.00401306152344,4.867713928222656,90.65247344970703,82.78789520263672,1.9894312620162964,9.93705940246582,-26.78388214111328,2.8782825469970703,80.71541595458984,56.809814453125
ev_001103,8.942694664001465,1.3410378694534302,4.531459331512451,3.1891231536865234,10.062499046325684,2.941441774368286,5.753571510314941,-8.721461296081543,1.590017557144165,-1.3778724670410156
ev_001104,2.048058271408081,4.751091480255127,7.794317245483398,2.5372395515441895,0.9101257920265198,7.205682754516602,-0.4891812801361084,3.840965747833252,0.5886344909667969,3.9404191970825195
ev_001105,5.326179027557373,1.670690655708313,111.22309875488281,5.326179027557373,1.670690655708313,111.22309875488281,0.0,0.0,0.0,0.0
ev_001106,18.991615295410156,6.4184393882751465,30.525264739990234,9.745185852050781,1.1001660823822021,18.96021270751953,9.246429443359375,5.318273544311523,11.565052032470703,26.12975311279297
ev_001107,6.296994209289551,1.3068699836730957,5.260950565338135,6.296994209289551,1.3068699836730957,5.260950565338135,0.0,0.0,0.0,0.0
ev_001108,5.047281265258789,1.9776287078857422,16.244951248168945,1.6123324632644653,2.5001165866851807,14.431737899780273,3.4349489212036133,-0.5224878787994385,1.8132133483886719,4.725673675537109
ev_001109,2.606997489929199,0.1833212822675705,3.441232442855835,0.918963611125946,14.5849027633667,7.972882270812988,1.6880338191986084,-14.401581764221191,-4.531649589538574,-17.245197296142578
ev_001110,5.031396389007568,3.7151598930358887,22.898603439331055,5.394784450531006,2.190187454223633,19.23499298095703,-0.3633880615234375,1.5249724388122559,3.6636104583740234,4.8251953125
ev_001111,14.541471481323242,2.0079193115234375,17.21718978881836,14.541471481323242,2.0079193115234375,17.21718978881836,0.0,0.0,0.0,0.0
ev_001112,10.315153121948242,0.44750985503196716,28.408306121826172,10.315153121948242,0.44750985503196716,28.408306121826172,0.0,0.0,0.0,0.0
ev_001113,0.8517640233039856,7.6377482414245605,23.477428436279297,0.362881064414978,3.705526828765869,16.715974807739258,0.48888295888900757,3.9322214126586914,6.761453628540039,11.182559967041016
ev_001114,6.613356590270996,1.6601883172988892,11.850091934204102,6.613356590270996,1.6601883172988892,11.850091934204102,0.0,0.0,0.0,0.0
ev_001115,24.664772033691406,6.398157119750977,2.134594440460205,24.664772033691406,6.398157119750977,2.134594440460205,0.0,0.0,0.0,0.0
ev_001116,5.301697254180908,2.432647943496704,17.99363136291504,5.301697254180908,2.432647943496704,17.99363136291504,0.0,0.0,0.0,0.0
ev_001117,1.2037163972854614,1.0114357471466064,1.9725838899612427,0.6996265649795532,0.6259797811508179,3.9797892570495605,0.5040898323059082,0.3854559659957886,-2.0072054862976074,-1.117659568786621
ev_001118,2.559234380722046,2.01705265045166,11.602277755737305,2.0703513622283936,2.01705265045166,4.84082555770874,0.48888301849365234,0.0,6.7614521980285645,7.250335693359375
ev_001119,5.281785488128662,1.478082299232483,9.320234298706055,5.14138650894165,1.631736159324646,5.037461757659912,0.14039897918701172,-0.15365386009216309,4.282772541046143,4.2695159912109375
ev_001120,3.731224536895752,1.5115619897842407,23.682233810424805,3.731224536895752,1.5115619897842407,23.682233810424805,0.0,0.0,0.0,0.0
ev_001121,6.286318302154541,2.3965227603912354,5.2982025146484375,5.9229302406311035,2.3965227603912354,1.6345932483673096,0.3633880615234375,0.0,3.663609266281128,4.0269975662231445
ev_001122,8.571942329406738,0.1224747821688652,7.564953804016113,8.571942329406738,0.1224747821688652,7.564953804016113,0.0,0.0,0.0,0.0
ev_001123,1.9395473003387451,8.565497398376465,8.833761215209961,1.9395473003387451,8.565497398376465,8.833761215209961,0.0,0.0,0.0,0.0
ev_001124,1.1270647048950195,0.9499293565750122,19.729034423828125,0.37219756841659546,2.5475878715515137,4.729034900665283,0.7548671364784241,-1.5976585149765015,15.0,14.157207489013672
ev_001125,1.2066283226013184,4.051882266998291,10.093057632446289,1.2066283226013184,4.051882266998291,10.093057632446289,0.0,0.0,0.0,0.0
ev_001126,1.0093172788619995,5.183409214019775,1.750187635421753,1.0093172788619995,5.183409214019775,1.750187635421753,0.0,0.0,0.0,0.0
ev_001127,2.852170944213867,2.2403290271759033,21.9290714263916,2.488778591156006,1.3541775941848755,6.929071426391602,0.36339235305786133,0.8861514329910278,15.0,16.249544143676758
ev_001128,4.2504472732543945,7.02711296081543,2.4713551998138428,4.2504472732543945,7.02711296081543,2.4713551998138428,0.0,0.0,0.0,0.0
ev_001129,1.3675363063812256,2.8944921493530273,18.788341522216797,1.5079352855682373,6.004310607910156,4.124980449676514,-0.14039897918701172,-3.109818458557129,14.663360595703125,11.413143157958984
ev_001130,6.06687593460083,2.341221332550049,20.616878509521484,9.756943702697754,1.9998724460601807,18.014522552490234,-3.690067768096924,0.34134888648986816,2.60235595703125,-0.7463645935058594
ev_001131,1.5021331310272217,10.931192398071289,21.812068939208984,1.5021331310272217,10.931192398071289,21.812068939208984,0.0,0.0,0.0,0.0
ev_001132,9.004049301147461,4.341902732849121,0.8563766479492188,3.8038270473480225,9.537191390991211,3.5118744373321533,5.200222015380859,-5.19528865814209,-2.6554977893829346,-2.6505651473999023
ev_001133,9.61086368560791,1.7590150833129883,18.034151077270508,5.389135837554932,2.0819506645202637,3.034151077270508,4.2217278480529785,-0.3229355812072754,15.0,18.898792266845703
ev_001134,0.5435095429420471,0.9317953586578369,8.786726951599121,10.887167930603027,8.528502464294434,2.268033504486084,-10.343658447265625,-7.596707344055176,6.518693447113037,-11.421672821044922
ev_001135,0.770239531993866,9.714654922485352,5.069973468780518,0.770239531993866,9.714654922485352,5.069973468780518,0.0,0.0,0.0,0.0
ev_001136,6.7764201164245605,0.22198857367038727,15.923483848571777,4.432669162750244,0.8989174365997314,9.42226505279541,2.3437509536743164,-0.6769288778305054,6.501218795776367,8.16804027557373
ev_001137,5.488889694213867,6.468324661254883,2.743159294128418,5.992681503295898,0.8274326920509338,5.75436544418335,-0.5037918090820312,5.640892028808594,-3.0112061500549316,2.1258935928344727
ev_001138,3.6738500595092773,9.935745239257812,7.419801712036133,3.6738500595092773,9.935745239257812,7.419801712036133,0.0,0.0,0.0,0.0
ev_001139,46.351009368896484,0.2753574550151825,81.36357879638672,13.648988723754883,0.5510836839675903,15.265649795532227,32.70201873779297,-0.27572622895240784,66.09793090820312,98.52422332763672
ev_001140,2.3328371047973633,0.0981808453798294,1.7898064851760864,2.3328371047973633,0.0981808453798294,1.7898064851760864,0.0,0.0,0.0,0.0
ev_001141,1.3061261177062988,4.309366226196289,5.717413902282715,2.9440224170684814,0.46840065717697144,9.282586097717285,-1.6378962993621826,3.840965509414673,-3.5651721954345703,-1.3621025085449219
ev_001142,3.965312957763672,1.493087649345398,79.93524932861328,3.965312957763672,1.493087649345398,79.93524932861328,0.0,0.0,0.0,0.0
ev_001143,26.24793815612793,2.7751104831695557,1.7686141729354858,26.24793815612793,2.7751104831695557,1.7686141729354858,0.0,0.0,0.0,0.0
ev_001144,0.28883036971092224,0.46625375747680664,49.126068115234375,0.28883036971092224,0.46625375747680664,49.126068115234375,0.0,0.0,0.0,0.0
ev_001145,89.94267272949219,7.478953838348389,27.07746696472168,89.94267272949219,7.478953838348389,27.07746696472168,0.0,0.0,0.0,0.0
ev_001146,2.3572123050689697,5.857296466827393,6.72235631942749,2.3572123050689697,5.857296466827393,6.72235631942749,0.0,0.0,0.0,0.0
ev_001147,11.520416259765625,0.054317254573106766,24.686283111572266,11.520416259765625,0.054317254573106766,24.686283111572266,0.0,0.0,0.0,0.0
ev_001148,79.86038970947266,5.87360954284668,26.268390655517578,79.86038970947266,5.87360954284668,26.268390655517578,0.0,0.0,0.0,0.0
ev_001149,1.5430471897125244,8.941843032836914,16.878602981567383,1.5430471897125244,8.941843032836914,16.878602981567383,0.0,0.0,0.0,0.0
ev_001150,3.5371196269989014,2.664926528930664,6.563046932220459,47.54414749145508,3.6688458919525146,17.291629791259766,-44.00702667236328,-1.0039193630218506,-10.728582382202148,-55.739532470703125
ev_001151,4.0478105545043945,8.608338356018066,20.067535400390625,10.280532836914062,2.3810391426086426,12.328329086303711,-6.232722282409668,6.227299213409424,7.739206314086914,7.733785629272461
ev_001152,2.6126163005828857,0.42071858048439026,18.507644653320312,2.6126163005828857,0.42071858048439026,18.507644653320312,0.0,0.0,0.0,0.0
ev_001153,7.511229038238525,10.042435646057129,7.438714504241943,4.3815741539001465,13.152254104614258,7.561285495758057,3.129654884338379,-3.109818458557129,-0.12257099151611328,-0.10273361206054688
ev_001154,1.2299541234970093,9.098267555236816,10.655454635620117,1.7337455749511719,2.393942356109619,6.8732194900512695,-0.5037914514541626,6.704325199127197,3.7822351455688477,9.982769012451172
ev_001155,5.938747882843018,4.246098041534424,25.69926643371582,8.697859764099121,0.6515916585922241,10.699265480041504,-2.7591118812561035,3.59450626373291,15.000000953674316,15.835395812988281
ev_001156,1.9482580423355103,4.544436454772949,13.812819480895996,1.9482580423355103,4.544436454772949,13.812819480895996,0.0,0.0,0.0,0.0
ev_001157,1.1596840620040894,7.971822738647461,26.036540985107422,1.1745880842208862,2.4547555446624756,20.60296630859375,-0.014904022216796875,5.517066955566406,5.433574676513672,10.935739517211914
ev_001158,10.073892593383789,2.223017930984497,3.538764715194702,10.073892593383789,2.223017930984497,3.538764715194702,0.0,0.0,0.0,0.0
ev_001159,0.4147658944129944,3.2315707206726074,6.04879093170166,0.9039472341537476,0.609394907951355,1.7348047494888306,-0.4891813397407532,2.622175693511963,4.313986301422119,6.4469804763793945
ev_001160,3.3775453567504883,2.562258005142212,1.909696340560913,3.3775453567504883,2.562258005142212,1.909696340560913,0.0,0.0,0.0,0.0
ev_001161,17.81589698791504,0.2863619923591614,19.441743850708008,1.1730586290359497,4.127327919006348,4.44174337387085,16.642837524414062,-3.840965986251831,15.0,27.80187225341797
ev_001162,2.3707165718078613,0.40229254961013794,1.2219111919403076,2.3707165718078613,0.40229254961013794,1.2219111919403076,0.0,0.0,0.0,0.0
ev_001163,0.4155198633670807,4.389520168304443,20.73499298095703,0.4155198633670807,4.389520168304443,20.73499298095703,0.0,0.0,0.0,0.0
ev_001164,4.455928325653076,3.9951722621917725,9.72691822052002,4.441024303436279,0.4016951322555542,4.293344974517822,0.014904022216796875,3.593477249145508,5.433573246002197,9.041954040527344
ev_001165,1.942209243774414,0.6752604246139526,4.779648303985596,11.188638687133789,10.716612815856934,3.146775245666504,-9.246429443359375,-10.041352272033691,1.6328730583190918,-17.6549072265625
ev_001166,6.119931221008301,0.13074631989002228,6.0386857986450195,6.119931221008301,0.13074631989002228,6.0386857986450195,0.0,0.0,0.0,0.0
ev_001167,65.3672103881836,10.933713912963867,47.61531448364258,0.6771159768104553,7.092747688293457,0.3433692157268524,64.69009399414062,3.84096622467041,47.27194595336914,115.80300903320312
ev_001168,6.071287155151367,2.0587880611419678,3.3260231018066406,6.071287155151367,2.0587880611419678,3.3260231018066406,0.0,0.0,0.0,0.0
ev_001169,5.393263816833496,1.2949625253677368,1.8758004903793335,5.393263816833496,1.2949625253677368,1.8758004903793335,0.0,0.0,0.0,0.0
ev_001170,4.986360549926758,6.933518409729004,1.8632513284683228,8.325605392456055,1.495625615119934,1.8632513284683228,-3.339244842529297,5.437892913818359,0.0,2.0986480712890625
ev_001171,8.87567138671875,6.9443745613098145,4.472019672393799,8.87567138671875,6.9443745613098145,4.472019672393799,0.0,0.0,0.0,0.0
ev_001172,6.326766490936279,0.34288138151168823,6.752410411834717,6.326766490936279,0.34288138151168823,6.752410411834717,0.0,0.0,0.0,0.0
ev_001173,7.968836307525635,1.9193739891052246,13.85585880279541,7.552298545837402,3.0347211360931396,27.50117301940918,0.4165377616882324,-1.115347146987915,-13.64531421661377,-14.344123840332031
ev_001174,57.97393798828125,6.9810075759887695,84.57810974121094,9.39708137512207,0.45446473360061646,3.388969898223877,48.57685852050781,6.526542663574219,81.18914031982422,136.29254150390625
ev_001175,3.9414470195770264,0.04158743843436241,12.286273002624512,3.9414470195770264,0.04158743843436241,12.286273002624512,0.0,0.0,0.0,0.0
ev_001176,6.5534892082214355,5.153212070465088,24.113231658935547,6.5534892082214355,5.153212070465088,24.113231658935547,0.0,0.0,0.0,0.0
ev_001177,4.917928218841553,11.847575187683105,8.046743392944336,5.296224594116211,2.7360007762908936,6.1172943115234375,-0.3782963752746582,9.111574172973633,1.9294490814208984,10.662726402282715
ev_001178,3.9221749305725098,4.544541358947754,8.081856727600098,3.9221749305725098,4.544541358947754,8.081856727600098,0.0,0.0,0.0,0.0
ev_001179,5.965150356292725,1.6869570016860962,18.925670623779297,5.965150356292725,1.6869570016860962,18.925670623779297,0.0,0.0,0.0,0.0
ev_001180,0.4391730725765228,0.6062886118888855,5.762855052947998,0.4391730725765228,0.6062886118888855,5.762855052947998,0.0,0.0,0.0,0.0
ev_001181,4.188399314880371,6.179436683654785,2.0733251571655273,4.188399314880371,6.179436683654785,2.0733251571655273,0.0,0.0,0.0,0.0
ev_001182,13.592131614685059,2.6963343620300293,0.4650523364543915,4.885818004608154,2.621938943862915,13.825265884399414,8.706314086914062,0.07439541816711426,-13.360213279724121,-4.579505920410156
ev_001183,1.1231292486190796,7.386299133300781,53.02506637573242,1.1231292486190796,7.386299133300781,53.02506637573242,0.0,0.0,0.0,0.0
ev_001184,4.881706237792969,8.11340045928955,47.93830871582031,0.7045877575874329,2.596332550048828,9.139545440673828,4.177118301391602,5.517067909240723,38.798763275146484,48.492950439453125
ev_001185,3.267941474914551,3.6117522716522217,17.674510955810547,3.267941474914551,3.6117522716522217,17.674510955810547,0.0,0.0,0.0,0.0
ev_001186,8.363046646118164,5.436428546905518,26.622344970703125,8.363046646118164,5.436428546905518,16.74725914001465,0.0,0.0,9.875085830688477,9.87508773803711
ev_001187,74.81722259521484,4.9805521965026855,1.090077519416809,74.81722259521484,4.9805521965026855,1.090077519416809,0.0,0.0,0.0,0.0
ev_001188,4.582038879394531,0.8387359380722046,0.7730188965797424,4.582038879394531,0.8387359380722046,0.7730188965797424,0.0,0.0,0.0,0.0
ev_001189,37.25769805908203,5.721594333648682,34.32094192504883,37.25769805908203,5.721594333648682,34.32094192504883,0.0,0.0,0.0,0.0
ev_001190,2.696506977081299,8.27566146850586,12.841676712036133,2.696506977081299,8.27566146850586,12.841676712036133,0.0,0.0,0.0,0.0
ev_001191,1.353825330734253,0.4634309411048889,31.936527252197266,1.8579151630401611,0.9859187602996826,27.969396591186523,-0.5040898323059082,-0.5224878191947937,3.967130661010742,2.940553665161133
ev_001192,2.9925248622894287,1.377195954322815,24.83403205871582,2.9925248622894287,1.377195954322815,24.83403205871582,0.0,0.0,0.0,0.0
ev_001193,6.279392242431641,1.9769937992095947,35.743499755859375,6.279392242431641,1.9769937992095947,35.743499755859375,0.0,0.0,0.0,0.0
ev_001194,4.508649826049805,2.2506446838378906,34.50240707397461,1.7620904445648193,5.342047214508057,10.255977630615234,2.7465593814849854,-3.091402530670166,24.246429443359375,23.901588439941406
ev_001195,6.822608947753906,0.15420977771282196,67.90190124511719,6.822608947753906,0.15420977771282196,67.90190124511719,0.0,0.0,0.0,0.0
ev_001196,3.8381166458129883,4.801996231079102,4.300210952758789,3.8381166458129883,4.801996231079102,4.300210952758789,0.0,0.0,0.0,0.0
ev_001197,4.24849796295166,3.370211124420166,11.489375114440918,4.24849796295166,3.370211124420166,11.489375114440918,0.0,0.0,0.0,0.0
ev_001198,6.443732738494873,2.501445770263672,15.904175758361816,8.25694751739502,1.2455874681472778,15.414994239807129,-1.8132147789001465,1.255858302116394,0.4891815185546875,-0.06817626953125
ev_001199,1.5417075157165527,7.378814697265625,9.105679512023926,1.0379160642623901,0.6744899749755859,12.887914657592773,0.5037914514541626,6.704324722290039,-3.7822351455688477,3.425882339477539
ev_001200,5.554483890533447,9.911800384521484,22.079238891601562,5.050394058227539,10.434288024902344,18.11210823059082,0.5040898323059082,-0.5224876403808594,3.967130661010742,3.9487342834472656
ev_001201,3.020305633544922,7.679060459136963,9.96504020690918,3.838923215866089,3.838094711303711,5.03495979309082,-0.818617582321167,3.840965747833252,4.930080413818359,7.952427864074707
ev_001202,22.44715690612793,0.9920650720596313,16.717924118041992,22.44715690612793,0.9920650720596313,16.717924118041992,0.0,0.0,0.0,0.0
ev_001203,2.467228412628174,1.0419065952301025,21.134971618652344,2.467228412628174,1.0419065952301025,21.134971618652344,0.0,0.0,0.0,0.0
ev_001204,23.494436264038086,6.880133628845215,119.75536346435547,22.641862869262695,0.5553386211395264,89.75536346435547,0.8525733947753906,6.324794769287109,30.0,37.1773681640625
ev_001205,0.9984983205795288,2.636686325073242,15.048881530761719,9.894896507263184,8.341497421264648,1.7643330097198486,-8.896398544311523,-5.704811096191406,13.28454875946045,-1.316659927368164
ev_001206,0.5566893219947815,1.2461868524551392,14.4652738571167,0.5566893219947815,1.2461868524551392,14.4652738571167,0.0,0.0,0.0,0.0
ev_001207,4.189973831176758,1.7686986923217773,15.076570510864258,9.31076431274414,5.273341178894043,0.07657092809677124,-5.120790481567383,-3.5046424865722656,15.0,6.374567985534668
ev_001208,5.474453926086426,6.6743669509887695,11.478668212890625,5.835478782653809,1.5713450908660889,10.376554489135742,-0.3610248565673828,5.103021621704102,1.1021137237548828,5.844110488891602
ev_001209,6.0942559242248535,6.641537666320801,8.401705741882324,6.0942559242248535,7.56611967086792,8.401705741882324,0.0,-0.9245820045471191,0.0,-0.9245796203613281
ev_001210,1.024186134338379,6.210142612457275,29.54341697692871,1.024186134338379,6.210142612457275,29.54341697692871,0.0,0.0,0.0,0.0
ev_001211,91.56226348876953,4.348890781402588,42.06392288208008,6.854642868041992,0.5079250931739807,8.523948669433594,84.7076187133789,3.840965747833252,33.539974212646484,122.08856201171875
ev_001212,0.5164223313331604,4.603365421295166,12.247498512268066,0.3760232627391815,1.4935468435287476,9.911768913269043,0.14039906859397888,3.109818458557129,2.3357295989990234,5.5859479904174805
ev_001213,0.7650710940361023,3.405460834503174,1.5300151109695435,1.1284635066986084,2.6525063514709473,2.976520538330078,-0.3633924126625061,0.7529544830322266,-1.4465054273605347,-1.056943416595459
ev_001214,2.0177407264709473,5.794551849365234,27.369115829467773,0.1743830442428589,4.8526530265808105,18.87033462524414,1.8433576822280884,0.9418988227844238,8.498781204223633,11.284036636352539
ev_001215,0.9582579135894775,3.7794077396392822,19.273637771606445,1.0837528705596924,6.186656951904297,11.401748657226562,-0.12549495697021484,-2.4072492122650146,7.871889114379883,5.339145660400391
ev_001216,12.985405921936035,2.021869421005249,19.524410247802734,12.985405921936035,2.021869421005249,19.524410247802734,0.0,0.0,0.0,0.0
ev_001217,3.7784979343414307,2.5853755474090576,136.60301208496094,3.7784979343414307,2.5853755474090576,136.60301208496094,0.0,0.0,0.0,0.0
ev_001218,1.4364525079727173,2.8386752605438232,16.023080825805664,1.4364525079727173,2.8386752605438232,16.023080825805664,0.0,0.0,0.0,0.0
ev_001219,0.3589210510253906,6.9254326820373535,0.2787456512451172,11.668853759765625,1.5900473594665527,0.8233681321144104,-11.309932708740234,5.335385322570801,-0.5446224808692932,-6.51917028427124
ev_001220,5.402626037597656,4.030508518218994,26.084190368652344,5.543025016784668,4.030508518218994,31.98012351989746,-0.14039897918701172,0.0,-5.895933151245117,-6.0363311767578125
ev_001221,0.8010995984077454,3.723173141479492,65.17847442626953,0.8010995984077454,3.723173141479492,65.17847442626953,0.0,0.0,0.0,0.0
ev_001222,1.2647268772125244,6.669061660766602,6.72889518737793,1.2647268772125244,6.669061660766602,6.72889518737793,0.0,0.0,0.0,0.0
ev_001223,1.163928747177124,6.995743274688721,1.9936280250549316,1.163928747177124,6.995743274688721,1.9936280250549316,0.0,0.0,0.0,0.0
ev_001224,2.2609996795654297,3.592634439468384,2.2882320880889893,3.1135733127593994,3.7645184993743896,10.612273216247559,-0.8525736331939697,-0.17188405990600586,-8.324041366577148,-9.348498344421387
ev_001225,8.758273124694824,5.57487154006958,32.382816314697266,8.758273124694824,5.57487154006958,32.382816314697266,0.0,0.0,0.0,0.0
ev_001226,3.1289846897125244,0.1929551661014557,9.542901039123535,3.1289846897125244,0.1929551661014557,9.542901039123535,0.0,0.0,0.0,0.0
ev_001227,1.8329707384109497,1.9569259881973267,6.771190166473389,1.8329707384109497,1.9569259881973267,6.771190166473389,0.0,0.0,0.0,0.0
ev_001228,7.645914077758789,5.650951385498047,14.324019432067871,7.645914077758789,5.650951385498047,14.324019432067871,0.0,0.0,0.0,0.0
ev_001229,0.4447348117828369,2.3889241218566895,0.8268277645111084,0.4447348117828369,2.3889241218566895,0.8268277645111084,0.0,0.0,0.0,0.0
ev_001230,18.521940231323242,2.3762569427490234,1.0172722339630127,18.521940231323242,2.3762569427490234,88.98272705078125,0.0,0.0,-87.9654541015625,-87.9654541015625
ev_001231,0.8827809691429138,2.102403163909912,4.884643077850342,0.8827809691429138,2.102403163909912,4.884643077850342,0.0,0.0,0.0,0.0
ev_001232,8.102869033813477,3.6316137313842773,12.066619873046875,8.102869033813477,3.6316137313842773,12.066619873046875,0.0,0.0,0.0,0.0
ev_001233,9.085471153259277,4.3339643478393555,2.637511968612671,9.085471153259277,4.3339643478393555,2.637511968612671,0.0,0.0,0.0,0.0
ev_001234,9.661359786987305,0.6998586654663086,13.873774528503418,9.520960807800293,2.4099597930908203,7.370663166046143,0.14039897918701172,-1.7101011276245117,6.503111362457275,4.933408737182617
ev_001235,11.947549819946289,8.024921417236328,18.225601196289062,11.947549819946289,8.024921417236328,0.41941362619400024,0.0,0.0,17.80618667602539,17.806188583374023
ev_001236,12.888731956481934,8.221023559570312,13.707096099853516,12.888731956481934,8.221023559570312,13.707096099853516,0.0,0.0,0.0,0.0
ev_001237,5.7876152992248535,0.6478603482246399,7.879216194152832,5.424222946166992,4.242366790771484,9.325721740722656,0.36339235305786133,-3.5945065021514893,-1.4465055465698242,-4.677619934082031
ev_001238,6.222062110900879,2.211414098739624,18.650348663330078,7.720005989074707,1.008773684501648,11.047015190124512,-1.4979438781738281,1.202640414237976,7.603333473205566,7.3080291748046875
ev_001239,3.740591287612915,0.1536599099636078,18.749340057373047,3.3771989345550537,3.74816632270813,3.7493395805358887,0.36339235305786133,-3.5945065021514893,15.0,11.76888656616211
ev_001240,0.1580442190170288,0.4217930734157562,18.123777389526367,0.1580442190170288,0.4217930734157562,18.123777389526367,0.0,0.0,0.0,0.0
ev_001241,2.721911668777466,7.432281494140625,31.595687866210938,2.581512451171875,4.322463035583496,25.382137298583984,0.14039921760559082,3.109818458557129,6.213550567626953,9.463768005371094
ev_001242,7.3060455322265625,5.296246528625488,9.74150276184082,7.330562114715576,1.701740026473999,8.294998168945312,-0.024516582489013672,3.5945065021514893,1.4465045928955078,5.0164947509765625
ev_001243,9.983529090881348,1.2289451360702515,30.416765213012695,2.8243467807769775,0.10803911089897156,21.917984008789062,7.159182548522949,1.1209059953689575,8.498781204223633,16.778867721557617
ev_001244,46.392086029052734,1.7491052150726318,3.546198844909668,46.392086029052734,1.7491052150726318,3.546198844909668,0.0,0.0,0.0,0.0
ev_001245,1.7072694301605225,0.9243178963661194,5.516855239868164,1.7072694301605225,0.9243178963661194,5.516855239868164,0.0,0.0,0.0,0.0
ev_001246,4.118559837341309,3.96125864982605,6.84228515625,0.3363240659236908,2.7430663108825684,6.84228515625,3.782235860824585,1.2181923389434814,0.0,5.000428199768066
ev_001247,0.22252300381660461,0.6013872623443604,59.61243438720703,0.22252300381660461,0.6013872623443604,59.61243438720703,0.0,0.0,0.0,0.0
ev_001248,0.2264978587627411,1.549996256828308,92.9228744506836,0.2264978587627411,1.549996256828308,92.9228744506836,0.0,0.0,0.0,0.0
ev_001249,7.3240461349487305,0.4117099642753601,5.5230021476745605,9.878978729248047,10.957000732421875,3.235236406326294,-2.5549325942993164,-10.54529094696045,2.2877657413482666,-10.812458038330078
ev_001250,5.758083343505859,6.250483989715576,12.373909950256348,5.394690990447998,2.655977487564087,13.820415496826172,0.36339235305786133,3.5945065021514893,-1.4465055465698242,2.511392593383789
ev_001251,50.274784088134766,7.27984094619751,65.67389678955078,50.63817596435547,3.6853346824645996,50.67390060424805,-0.3633918762207031,3.59450626373291,14.999996185302734,18.231117248535156
ev_001252,2.9139795303344727,1.1087474822998047,32.21042251586914,2.773580312728882,2.001070976257324,17.21042251586914,0.14039921760559082,-0.8923234939575195,15.0,14.248077392578125
ev_001253,10.316961288452148,0.1755007654428482,6.72952938079834,10.316961288452148,0.1755007654428482,6.72952938079834,0.0,0.0,0.0,0.0
ev_001254,9.301932334899902,1.4178285598754883,7.2509379386901855,9.301932334899902,1.4178285598754883,7.2509379386901855,0.0,0.0,0.0,0.0
ev_001255,6.59069299697876,4.272261619567871,12.772540092468262,6.954081058502197,2.7472891807556152,9.108930587768555,-0.3633880615234375,1.5249724388122559,3.663609504699707,4.825193405151367
ev_001256,3.4965567588806152,3.9867851734161377,97.94564056396484,3.4965567588806152,3.9867851734161377,97.94564056396484,0.0,0.0,0.0,0.0
ev_001257,1.1412768363952637,2.6502063274383545,4.009578227996826,1.1412768363952637,2.6502063274383545,4.009578227996826,0.0,0.0,0.0,0.0
ev_001258,10.232149124145508,2.960810661315918,24.756032943725586,9.868757247924805,0.6336958408355713,9.75603199005127,0.3633918762207031,2.3271148204803467,15.000000953674316,17.690509796142578
ev_001259,0.7509222030639648,3.648712158203125,13.842060089111328,0.7509222030639648,3.648712158203125,13.842060089111328,0.0,0.0,0.0,0.0
ev_001260,0.9257289171218872,2.2312958240509033,17.1094970703125,0.9257289171218872,2.2312958240509033,17.1094970703125,0.0,0.0,0.0,0.0
ev_001261,5.984708309173584,0.292856901884079,5.701169967651367,3.877187490463257,2.8169615268707275,2.5985424518585205,2.107520818710327,-2.524104595184326,3.1026275157928467,2.6860437393188477
ev_001262,5.481734752655029,1.8359345197677612,8.834648132324219,5.481734752655029,1.8359345197677612,8.834648132324219,0.0,0.0,0.0,0.0
ev_001263,2.2087361812591553,2.957998275756836,1.0740864276885986,2.2087361812591553,2.957998275756836,1.0740864276885986,0.0,0.0,0.0,0.0
ev_001264,5.387372970581055,4.5624098777771,2.4294791221618652,5.387372970581055,4.5624098777771,2.4294791221618652,0.0,0.0,0.0,0.0
ev_001265,4.8158063888549805,2.798243761062622,2.8849246501922607,4.8158063888549805,2.798243761062622,2.8849246501922607,0.0,0.0,0.0,0.0
ev_001266,5.138457298278809,6.94704008102417,7.148431301116943,8.001091957092285,4.539791107177734,12.12298583984375,-2.8626346588134766,2.4072489738464355,-4.974554538726807,-5.429939270019531
ev_001267,0.7673836946487427,4.562459945678711,10.652373313903809,0.7673836946487427,4.562459945678711,10.652373313903809,0.0,0.0,0.0,0.0
ev_001268,8.940751075744629,0.516257107257843,13.636528968811035,8.940751075744629,0.516257107257843,13.636528968811035,0.0,0.0,0.0,0.0
ev_001269,5.067801475524902,0.6069465279579163,5.984013557434082,4.9423065185546875,1.800302505493164,9.081856727600098,0.12549495697021484,-1.1933560371398926,-3.0978431701660156,-4.165703773498535
ev_001270,4.599747657775879,3.055793523788452,5.3400468826293945,2.817554473876953,3.5782811641693115,0.9331485033035278,1.7821931838989258,-0.5224876403808594,4.406898498535156,5.666604042053223
ev_001271,5.349048137664795,3.2525691986083984,95.51801300048828,5.349048137664795,3.2525691986083984,6.265803813934326,0.0,0.0,89.25221252441406,89.25220489501953
ev_001272,6.644317626953125,2.9947023391723633,101.66183471679688,6.644317626953125,2.9947023391723633,101.66183471679688,0.0,0.0,0.0,0.0
ev_001273,7.159049034118652,0.2750151455402374,23.43973159790039,7.159049034118652,0.2750151455402374,23.43973159790039,0.0,0.0,0.0,0.0
ev_001274,2.252389669418335,3.7724709510803223,12.139729499816895,2.1119906902313232,0.6626526117324829,9.803998947143555,0.14039897918701172,3.109818458557129,2.33573055267334,5.585947036743164
ev_001275,3.6366982460021973,5.3931660652160645,29.449647903442383,4.1407880783081055,4.870678424835205,14.4496488571167,-0.5040898323059082,0.5224876403808594,14.999999046325684,15.018394470214844
ev_001276,9.532330513000488,6.404726028442383,0.6699045896530151,9.532330513000488,6.404726028442383,0.6699045896530151,0.0,0.0,0.0,0.0
ev_001277,0.19998276233673096,4.020582675933838,4.35379695892334,0.19998276233673096,4.020582675933838,4.35379695892334,0.0,0.0,0.0,0.0
ev_001278,4.0651326179504395,1.5451000928878784,22.09711265563965,4.0651326179504395,3.4526138305664062,10.042880058288574,0.0,-1.9075137376785278,12.054232597351074,10.146718978881836
ev_001279,6.4848103523254395,2.1423158645629883,63.20338439941406,6.4848103523254395,2.1423158645629883,63.20338439941406,0.0,0.0,0.0,0.0
ev_001280,2.8074326515197754,5.929725646972656,11.876875877380371,2.303342819213867,6.452213287353516,3.123124361038208,0.5040898323059082,-0.5224876403808594,8.753751754760742,8.735352516174316
ev_001281,3.057420253753662,8.599078178405762,13.596528053283691,3.072324275970459,5.111529350280762,19.030101776123047,-0.014904022216796875,3.487548828125,-5.4335737228393555,-1.9609298706054688
ev_001282,6.7835893630981445,6.237402439117432,0.8886006474494934,1.3235838413238525,0.720335066318512,0.8886006474494934,5.460005760192871,5.5170674324035645,0.0,10.977073669433594
ev_001283,34.62636947631836,6.133275032043457,16.370346069335938,34.62636947631836,6.133275032043457,16.370346069335938,0.0,0.0,0.0,0.0
ev_001284,6.514610767364502,2.504917860031128,3.640315055847168,6.514610767364502,2.504917860031128,3.640315055847168,0.0,0.0,0.0,0.0
ev_001285,7.090248107910156,8.151311874389648,12.823216438293457,7.090248107910156,8.151311874389648,12.823216438293457,0.0,0.0,0.0,0.0
ev_001286,3.4111123085021973,10.86474895477295,5.172301292419434,0.40596792101860046,8.457500457763672,4.639754772186279,3.0051443576812744,2.4072484970092773,0.5325465202331543,5.944938659667969
ev_001287,4.383177280426025,4.770975589752197,6.025806903839111,4.383177280426025,4.770975589752197,6.025806903839111,0.0,0.0,0.0,0.0
ev_001288,1.5095292329788208,0.1949937641620636,12.155522346496582,6.098570346832275,9.490182876586914,6.951083183288574,-4.589041233062744,-9.295188903808594,5.204439163208008,-8.679791450500488
ev_001289,5.58359956741333,1.3054100275039673,8.116497993469238,5.58359956741333,1.3054100275039673,8.116497993469238,0.0,0.0,0.0,0.0
ev_001290,12.034749031066895,2.357292652130127,23.729015350341797,12.034749031066895,2.357292652130127,23.729015350341797,0.0,0.0,0.0,0.0
ev_001291,13.245862007141113,0.8185409903526306,26.087919235229492,1.7541382312774658,0.8185409903526306,26.087919235229492,11.491724014282227,0.0,0.0,11.491722106933594
ev_001292,35.174007415771484,0.16656619310379028,0.13048402965068817,35.174007415771484,0.16656619310379028,0.13048402965068817,0.0,0.0,0.0,0.0
ev_001293,7.225043296813965,6.511224269866943,60.3584098815918,7.774956703186035,5.829382419586182,8.528153419494629,-0.5499134063720703,0.6818418502807617,51.830257415771484,51.962188720703125
ev_001294,0.1797531098127365,0.7309025526046753,3.31441068649292,1.677696943283081,0.7309025526046753,10.917743682861328,-1.4979438781738281,0.0,-7.603332996368408,-9.101277351379395
ev_001295,5.357979774475098,3.5228285789489746,7.868843078613281,4.994587421417236,0.0716780498623848,4.162816047668457,0.36339235305786133,3.451150417327881,3.706027030944824,7.52056884765625
ev_001296,1.4437819719314575,5.455865383148193,27.024194717407227,4.518638610839844,1.979607105255127,2.9758057594299316,-3.074856758117676,3.4762582778930664,24.048389434814453,24.449790954589844
ev_001297,0.18921992182731628,3.2748560905456543,5.878899574279785,0.18921992182731628,3.2748560905456543,5.878899574279785,0.0,0.0,0.0,0.0
ev_001298,2.0731241703033447,3.069786787033081,36.54987716674805,2.436511993408203,1.5448143482208252,32.886268615722656,-0.3633878231048584,1.5249724388122559,3.6636085510253906,4.825191497802734
ev_001299,34.10616683959961,4.487364292144775,3.227867841720581,34.10616683959961,4.487364292144775,3.227867841720581,0.0,0.0,0.0,0.0
ev_001300,3.8080739974975586,3.0198771953582764,9.814414978027344,8.005948066711426,8.161517143249512,21.949398040771484,-4.197874069213867,-5.141639709472656,-12.13498306274414,-21.474496841430664
ev_001301,2.2100844383239746,1.2069470882415771,19.978654861450195,2.2100844383239746,1.2069470882415771,19.978654861450195,0.0,0.0,0.0,0.0
ev_001302,14.2100248336792,1.7564139366149902,29.37830352783203,14.069625854492188,4.866232395172119,14.378303527832031,0.14039897918701172,-3.109818458557129,15.0,12.03057861328125
ev_001303,3.6816635131835938,0.6087639331817627,7.607654571533203,3.541264295578003,2.501054525375366,0.8882105946540833,0.14039921760559082,-1.8922905921936035,6.7194437980651855,4.967552185058594
ev_001304,11.871804237365723,0.28396207094192505,12.979377746582031,4.664150238037109,5.988773345947266,14.79259204864502,7.207653999328613,-5.704811096191406,-1.8132143020629883,-0.31037139892578125
ev_001305,8.178502082824707,2.1961331367492676,9.7500581741333,8.178502082824707,2.1961331367492676,9.7500581741333,0.0,0.0,0.0,0.0
ev_001306,5.083975315093994,3.297482967376709,2.316617250442505,5.083975315093994,3.297482967376709,2.316617250442505,0.0,0.0,0.0,0.0
ev_001307,14.008149147033691,0.2526831030845642,9.898209571838379,1.2002733945846558,1.373589038848877,16.399429321289062,12.807875633239746,-1.120905876159668,-6.501219749450684,5.185750961303711
ev_001308,8.71811294555664,1.30138099193573,37.04942321777344,4.089763164520264,2.4222869873046875,28.550640106201172,4.628349781036377,-1.1209059953689575,8.498783111572266,12.0062255859375
ev_001309,2.055525541305542,5.16555643081665,5.209167003631592,2.055525541305542,5.16555643081665,5.209167003631592,0.0,0.0,0.0,0.0
ev_001310,5.87644624710083,2.2512423992156982,31.565567016601562,7.812132835388184,5.3132853507995605,0.5725939869880676,-1.9356865882873535,-3.0620429515838623,30.99297332763672,25.9952449798584
ev_001311,5.720584392547607,6.918521881103516,119.87177276611328,6.209765911102295,3.0775563716888428,14.382588386535645,-0.4891815185546875,3.840965509414673,105.48918151855469,108.84097290039062
ev_001312,12.21845817565918,4.873227119445801,22.3250732421875,15.653407096862793,5.39571475982666,6.332099914550781,-3.4349489212036133,-0.5224876403808594,15.992973327636719,12.035537719726562
ev_001313,1.5694029331207275,1.0404670238494873,26.02804946899414,1.5694029331207275,1.0404670238494873,26.02804946899414,0.0,0.0,0.0,0.0
ev_001314,2.9935247898101807,7.488515853881836,1.6923576593399048,2.9935247898101807,7.488515853881836,1.6923576593399048,0.0,0.0,0.0,0.0
ev_001315,0.49890702962875366,7.867193698883057,13.572380065917969,3.1911604404449463,2.791712522506714,12.470266342163086,-2.692253351211548,5.075481414794922,1.1021137237548828,3.485340118408203
ev_001316,0.5577638149261475,5.189310550689697,8.878466606140137,2.8771848678588867,4.666822910308838,0.3679628372192383,-2.3194210529327393,0.5224876403808594,8.510503768920898,6.7135701179504395
ev_001317,7.391690731048584,2.174696683883667,7.140570640563965,7.808228492736816,2.174696683883667,13.246110916137695,-0.4165377616882324,0.0,-6.1055402755737305,-6.522077560424805
ev_001318,6.946422576904297,5.136903762817383,5.190655708312988,1.9289358854293823,2.3036680221557617,9.809344291687012,5.017486572265625,2.833235740661621,-4.618688583374023,3.232034683227539
ev_001319,2.9493212699890137,2.1817381381988525,14.779834747314453,2.9493212699890137,2.1817381381988525,14.779834747314453,0.0,0.0,0.0,0.0
ev_001320,3.384408473968506,2.802865982055664,17.495161056518555,3.384408473968506,2.802865982055664,17.495161056518555,0.0,0.0,0.0,0.0
ev_001321,56.6135368347168,2.1006438732147217,61.796749114990234,0.6523388028144836,1.4938626289367676,5.847604751586914,55.96119689941406,0.6067812442779541,55.94914245605469,112.51712036132812
ev_001322,2.118513345718384,7.739782810211182,1.3856693506240845,1.7551255226135254,6.214809894561768,5.991140365600586,0.3633878231048584,1.524972915649414,-4.605471134185791,-2.7171096801757812
ev_001323,2.358323335647583,7.9869890213012695,22.172271728515625,2.7748610973358154,3.0328938961029053,16.06673240661621,-0.4165377616882324,4.954094886779785,6.105539321899414,10.643098831176758
ev_001324,7.017765998840332,3.2880430221557617,34.976409912109375,6.87736701965332,0.1782246232032776,19.976409912109375,0.14039897918701172,3.109818458557129,15.0,18.25021743774414
ev_001325,14.066356658935547,6.072761058807373,3.2425451278686523,14.066356658935547,6.072761058807373,3.2425451278686523,0.0,0.0,0.0,0.0
ev_001326,0.6130684018135071,0.9136694669723511,7.974389553070068,0.6130684018135071,0.9136694669723511,7.974389553070068,0.0,0.0,0.0,0.0
ev_001327,6.657562255859375,0.2018555998802185,41.514404296875,6.657562255859375,0.2018555998802185,41.514404296875,0.0,0.0,0.0,0.0
ev_001328,6.20353889465332,3.088623285293579,38.354942321777344,6.329033851623535,0.6813743114471436,31.40794563293457,-0.12549495697021484,2.4072489738464355,6.946996688842773,9.228748321533203
ev_001329,0.6028506755828857,2.1807949542999268,14.186615943908691,0.6028506755828857,2.1807949542999268,14.186615943908691,0.0,0.0,0.0,0.0
ev_001330,1.792280673980713,0.718818724155426,103.75286102294922,1.792280673980713,0.718818724155426,103.75286102294922,0.0,0.0,0.0,0.0
ev_001331,1.0387741327285767,1.4070498943328857,19.893850326538086,1.0387741327285767,1.4070498943328857,19.893850326538086,0.0,0.0,0.0,0.0
ev_001332,5.307129859924316,0.2673403322696686,4.383849620819092,5.796012878417969,1.4386754035949707,2.3776028156280518,-0.48888301849365234,-1.1713351011276245,2.00624680519104,0.34602832794189453
ev_001333,8.590170860290527,8.028955459594727,21.59981918334961,6.398046970367432,9.149861335754395,10.205599784851074,2.1921238899230957,-1.120905876159668,11.394219398498535,12.465435028076172
ev_001334,12.147350311279297,3.0756325721740723,0.6773127913475037,12.147350311279297,3.0756325721740723,0.6773127913475037,0.0,0.0,0.0,0.0
ev_001335,4.987898826599121,7.213350296020508,41.075252532958984,4.847499847412109,4.103531837463379,26.075252532958984,0.14039897918701172,3.109818458557129,15.0,18.25021743774414
ev_001336,7.208147048950195,5.361001968383789,13.517181396484375,7.208147048950195,5.361001968383789,13.517181396484375,0.0,0.0,0.0,0.0
ev_001337,8.20888614654541,6.16609001159668,3.6102921962738037,8.20888614654541,6.16609001159668,3.6102921962738037,0.0,0.0,0.0,0.0
ev_001338,4.459784984588623,9.370972633361816,25.62128257751465,15.7697172164917,5.029879093170166,24.519168853759766,-11.309932708740234,4.34109354019165,1.1021137237548828,-5.866722106933594
ev_001339,3.008655071258545,3.705648183822632,7.1614670753479,3.008655071258545,3.705648183822632,7.1614670753479,0.0,0.0,0.0,0.0
ev_001340,3.1995625495910645,0.7306064963340759,4.545834064483643,3.339961528778076,0.7306064963340759,2.210103750228882,-0.14039897918701172,0.0,2.3357303142547607,2.195331573486328
ev_001341,10.042261123657227,0.9847927093505859,36.8795280456543,10.042261123657227,0.9847927093505859,36.8795280456543,0.0,0.0,0.0,0.0
ev_001342,0.6870425939559937,3.104130983352661,25.19902229309082,0.8109012246131897,0.11605677008628845,17.59568977355957,-0.12385863065719604,2.98807430267334,7.60333251953125,10.467548370361328
ev_001343,5.283457279205322,0.3947821259498596,5.549002170562744,4.91063928604126,0.005446639843285084,0.5565381646156311,0.3728179931640625,0.3893354833126068,4.992464065551758,5.754617691040039
ev_001344,26.276203155517578,3.084028959274292,38.101768493652344,4.435609340667725,4.351443290710449,32.31282043457031,21.840593338012695,-1.2674143314361572,5.788948059082031,26.362125396728516
ev_001345,5.760715484619141,2.204735279083252,12.9446382522583,5.760715484619141,2.204735279083252,12.9446382522583,0.0,0.0,0.0,0.0
ev_001346,6.36273193359375,4.215236663818359,16.812641143798828,7.7697906494140625,3.511235475540161,13.187359809875488,-1.4070587158203125,0.7040011882781982,3.62528133392334,2.9222240447998047
ev_001347,1.5734999179840088,1.4133201837539673,12.647503852844238,0.07555612921714783,1.4133201837539673,5.04417085647583,1.4979437589645386,0.0,7.603332996368408,9.101276397705078
ev_001348,50.516258239746094,0.25425371527671814,10.817808151245117,50.516258239746094,0.25425371527671814,10.817808151245117,0.0,0.0,0.0,0.0
ev_001349,12.730230331420898,2.9349329471588135,32.986751556396484,4.461893558502197,1.8140270709991455,23.84064483642578,8.26833724975586,1.120905876159668,9.146106719970703,18.535350799560547
ev_001350,0.9159901142120361,1.491395115852356,7.808781623840332,1.4048731327056885,1.491395115852356,1.047329306602478,-0.48888301849365234,0.0,6.7614521980285645,6.27256965637207
ev_001351,1.9454095363616943,2.783212661743164,15.0276460647583,1.9454095363616943,2.783212661743164,15.0276460647583,0.0,0.0,0.0,0.0
ev_001352,89.61408233642578,0.9098606705665588,0.9368835687637329,89.61408233642578,0.9098606705665588,0.9368835687637329,0.0,0.0,0.0,0.0
ev_001353,30.234766006469727,5.206872940063477,32.987239837646484,0.23476512730121613,2.2285993099212646,2.9872395992279053,30.0,2.978273630142212,30.0,62.978275299072266
ev_001354,5.73989200592041,0.9298785924911499,4.941534042358398,6.187361240386963,4.610962390899658,1.1102901697158813,-0.44746923446655273,-3.6810836791992188,3.8312439918518066,-0.29730892181396484
ev_001355,14.954534530639648,5.410730838775635,27.78929901123047,1.0376477241516113,5.410730838775635,12.789298057556152,13.916887283325195,0.0,15.000000953674316,28.916887283325195
ev_001356,0.21978966891765594,2.034723997116089,14.175265312194824,0.21978966891765594,2.034723997116089,14.175265312194824,0.0,0.0,0.0,0.0
ev_001357,10.71276569366455,2.280811309814453,25.849586486816406,0.6014944314956665,2.280811309814453,10.849586486816406,10.111270904541016,0.0,15.0,25.111270904541016
ev_001358,6.587782382965088,6.14656925201416,1.7307850122451782,6.220094203948975,5.0037994384765625,13.269214630126953,0.3676881790161133,1.1427698135375977,-11.538429260253906,-10.027971267700195
ev_001359,32.76325607299805,4.5006561279296875,34.98067092895508,2.763256072998047,2.9348158836364746,4.980670928955078,30.0,1.565840244293213,30.0,61.56584167480469
ev_001360,3.223681688308716,1.745608925819397,15.623854637145996,3.223681688308716,1.745608925819397,15.623854637145996,0.0,0.0,0.0,0.0
ev_001361,9.680257797241211,9.818143844604492,0.5667477250099182,9.191076278686523,1.3408905267715454,30.426225662231445,0.4891815185546875,8.477252960205078,-29.859477996826172,-20.893041610717773
ev_001362,5.536821365356445,1.4153257608413696,6.950583457946777,7.775144577026367,4.305698394775391,6.950583457946777,-2.238323211669922,-2.8903727531433105,0.0,-5.128694534301758
ev_001363,4.517847537994385,0.969017744064331,26.90777587890625,4.517847537994385,0.969017744064331,9.10158920288086,0.0,0.0,17.80618667602539,17.80618667602539
ev_001364,3.7265889644622803,0.5587813258171082,33.46522903442383,3.363201141357422,2.083753824234009,29.801618576049805,0.3633878231048584,-1.5249724388122559,3.6636104583740234,2.502025604248047
ev_001365,3.992394208908081,3.5016043186187744,36.40325164794922,4.935108184814453,0.3917859196662903,6.403250694274902,-0.9427139759063721,3.109818458557129,30.0,32.16710662841797
ev_001366,13.865876197814941,1.5566685199737549,11.870206832885742,13.865876197814941,1.5566685199737549,11.870206832885742,0.0,0.0,0.0,0.0
ev_001367,5.905145168304443,0.6389427781105042,3.980571746826172,3.2546401023864746,2.6487224102020264,2.124969005584717,2.6505050659179688,-2.009779691696167,1.855602741241455,2.496328353881836
ev_001368,2.5916860103607178,0.5275682806968689,1.4006068706512451,2.5916860103607178,0.5275682806968689,1.4006068706512451,0.0,0.0,0.0,0.0
ev_001369,1.8706254959106445,0.9579542279243469,2.9768829345703125,1.5072375535964966,0.9579542279243469,17.976882934570312,0.36338794231414795,0.0,-15.0,-14.636610984802246
ev_001370,7.132155418395996,1.7490123510360718,7.5434956550598145,7.230151176452637,1.7490123510360718,7.5434956550598145,-0.09799575805664062,0.0,0.0,-0.09799575805664062
ev_001371,13.44704532623291,8.59890079498291,4.334303855895996,4.412572860717773,1.9493494033813477,7.568361759185791,9.034472465515137,6.6495513916015625,-3.234057903289795,12.44996452331543
ev_001372,15.460302352905273,3.0804669857025146,20.461158752441406,11.353696823120117,1.1932851076126099,3.6479437351226807,4.106605529785156,1.8871818780899048,16.813215255737305,22.807004928588867
ev_001373,5.598079681396484,6.462038993835449,22.4185791015625,4.605106830596924,4.083251476287842,56.85283660888672,0.9929728507995605,2.3787875175476074,-34.43425750732422,-31.0625
ev_001374,12.288345336914062,4.214064121246338,20.33643913269043,3.2157442569732666,2.1380481719970703,5.33643913269043,9.072601318359375,2.0760159492492676,15.0,26.148616790771484
ev_001375,4.792215824127197,1.0844686031341553,9.00666332244873,4.792215824127197,1.0844686031341553,0.8684214949607849,0.0,0.0,8.1382417678833,8.1382417678833
ev_001376,84.92404174804688,0.6400426626205444,7.11480188369751,84.92404174804688,0.6400426626205444,7.11480188369751,0.0,0.0,0.0,0.0
ev_001377,2.176156520843506,0.831027090549469,1.6836398839950562,2.176156520843506,0.831027090549469,1.6836398839950562,0.0,0.0,0.0,0.0
ev_001378,10.137612342834473,23.987695693969727,31.44790267944336,10.137612342834473,23.987695693969727,31.44790267944336,0.0,0.0,0.0,0.0
ev_001379,4.650052547454834,1.2400809526443481,18.780948638916016,4.509653568267822,4.3498992919921875,7.043224811553955,0.14039897918701172,-3.109818458557129,11.737724304199219,8.768304824829102
ev_001380,0.8883021473884583,5.319180965423584,29.976795196533203,12.702324867248535,5.862213134765625,42.111778259277344,-11.8140230178833,-0.543032169342041,-12.13498306274414,-24.492034912109375
ev_001381,2.761651039123535,3.552347183227539,26.146467208862305,2.761651039123535,3.552347183227539,26.146467208862305,0.0,0.0,0.0,0.0
ev_001382,2.0708682537078857,2.4047608375549316,6.229818820953369,1.581985354423523,2.4047608375549316,0.5316333770751953,0.4888828992843628,0.0,5.698185443878174,6.187068462371826
ev_001383,0.42951592803001404,3.877002716064453,13.507192611694336,0.42951592803001404,3.877002716064453,13.507192611694336,0.0,0.0,0.0,0.0
ev_001384,0.6564611196517944,5.683390140533447,10.116348266601562,1.0198535919189453,2.088883638381958,8.669843673706055,-0.3633924722671509,3.5945065021514893,1.4465045928955078,4.677618980407715
ev_001385,3.791308879852295,1.966300368309021,6.861180305480957,3.791308879852295,1.966300368309021,6.861180305480957,0.0,0.0,0.0,0.0
ev_001386,76.14763641357422,6.469008445739746,6.564073085784912,76.14763641357422,6.469008445739746,6.564073085784912,0.0,0.0,0.0,0.0
ev_001387,15.061480522155762,1.0659334659576416,20.213167190551758,2.643855333328247,5.976106643676758,20.213167190551758,12.417625427246094,-4.910173416137695,0.0,7.507453918457031
ev_001388,2.6845054626464844,1.0638985633850098,39.20829772949219,2.6845054626464844,1.0638985633850098,39.20829772949219,0.0,0.0,0.0,0.0
ev_001389,2.9891974925994873,3.4385671615600586,9.457082748413086,2.9891974925994873,3.4385671615600586,9.457082748413086,0.0,0.0,0.0,0.0
ev_001390,4.3171539306640625,0.1827896386384964,31.6141414642334,2.125030279159546,0.9381163716316223,25.075284957885742,2.1921236515045166,-0.7553267478942871,6.538856506347656,7.975654602050781
ev_001391,0.3119131326675415,6.901448726654053,24.786680221557617,0.1921766996383667,7.423936367034912,9.786680221557617,0.1197364330291748,-0.5224876403808594,15.0,14.597248077392578
ev_001392,14.6846923828125,2.107879877090454,20.371660232543945,14.6846923828125,2.107879877090454,20.371660232543945,0.0,0.0,0.0,0.0
ev_001393,8.706156730651855,3.077683925628662,14.856719017028809,8.706156730651855,3.077683925628662,14.856719017028809,0.0,0.0,0.0,0.0
ev_001394,1.469364881515503,2.434938669204712,9.07178783416748,5.159432411193848,1.4842902421951294,7.9696736335754395,-3.6900675296783447,0.9506484270095825,1.102114200592041,-1.6373043060302734
ev_001395,25.511505126953125,7.9555230140686035,18.26360321044922,4.1167473793029785,0.5200505256652832,5.199289798736572,21.394758224487305,7.43547248840332,13.064313888549805,41.89454650878906
ev_001396,19.682472229003906,1.8102089166641235,16.333778381347656,4.682472229003906,1.8102089166641235,16.333778381347656,15.0,0.0,0.0,15.000001907348633
ev_001397,5.723898410797119,9.025023460388184,1.3409607410430908,6.090124130249023,0.5932714343070984,10.794022560119629,-0.3662257194519043,8.43175220489502,-9.453062057495117,-1.387533187866211
ev_001398,1.4031866788864136,6.1216349601745605,14.170912742614746,1.3882826566696167,1.418079137802124,19.6044864654541,0.014904022216796875,4.703556060791016,-5.4335737228393555,-0.7151145935058594
ev_001399,2.5165579319000244,1.9925671815872192,6.9342942237854,2.6420531272888184,0.41468191146850586,3.836451292037964,-0.12549519538879395,1.5778852701187134,3.0978429317474365,4.550232887268066
ev_001400,10.345380783081055,4.138965606689453,23.158611297607422,10.345380783081055,4.138965606689453,23.158611297607422,0.0,0.0,0.0,0.0
ev_001401,8.363574981689453,9.335354804992676,12.969999313354492,35.76894760131836,1.8949716091156006,5.339259147644043,-27.405372619628906,7.440382957458496,7.630740165710449,-12.334249496459961
ev_001402,7.710600852966309,7.17188024520874,4.873979091644287,3.487595319747925,13.399179458618164,10.126020431518555,4.223005294799805,-6.227299213409424,-5.252041339874268,-7.25633430480957
ev_001403,1.4255146980285645,1.547965407371521,8.764339447021484,0.07242908328771591,1.547965407371521,1.161006212234497,1.3530856370925903,0.0,7.603333473205566,8.956418991088867
ev_001404,4.832616806030273,5.450059413909912,2.946991443634033,10.182287216186523,0.06700808554887772,32.946990966796875,-5.34967041015625,5.38305139541626,-30.0,-29.966617584228516
ev_001405,2.4503843784332275,3.7276155948638916,7.36909294128418,2.4503843784332275,3.7276155948638916,7.36909294128418,0.0,0.0,0.0,0.0
ev_001406,3.7574639320373535,2.66890025138855,2.9622645378112793,3.7574639320373535,2.66890025138855,2.9622645378112793,0.0,0.0,0.0,0.0
ev_001407,1.423305869102478,12.944075584411621,7.52196741104126,2.290783643722534,0.008464101701974869,49.44948196411133,-0.8674777746200562,12.935611724853516,-41.927513122558594,-29.8593807220459
ev_001408,5.945093154907227,2.9587621688842773,4.921514987945557,92.95694732666016,0.8822035789489746,19.43233299255371,-87.01185607910156,2.0765585899353027,-14.510818481445312,-99.44611358642578
ev_001409,13.294851303100586,3.1240956783294678,4.795228481292725,13.294851303100586,3.1240956783294678,4.795228481292725,0.0,0.0,0.0,0.0
ev_001410,3.831242799758911,4.462670803070068,9.525238990783691,3.831242799758911,4.462670803070068,9.525238990783691,0.0,0.0,0.0,0.0
ev_001411,0.8665767312049866,3.625742197036743,4.986958026885986,0.8665767312049866,3.625742197036743,4.986958026885986,0.0,0.0,0.0,0.0
ev_001412,10.501815795898438,8.967954635620117,23.665138244628906,1.0632350444793701,4.626861572265625,12.355204582214355,9.438580513000488,4.341093063354492,11.30993366241455,25.089609146118164
ev_001413,46.345947265625,5.431776523590088,52.99909210205078,1.3459466695785522,2.7844505310058594,20.249195098876953,45.0,2.6473259925842285,32.74989700317383,80.39722442626953
ev_001414,1.892594575881958,1.9622156620025635,43.493751525878906,2.396684408187866,1.439727783203125,39.52661895751953,-0.5040898323059082,0.5224878787994385,3.967132568359375,3.9855308532714844
ev_001415,11.259982109069824,0.20686927437782288,30.306406021118164,5.506410598754883,0.20686927437782288,15.795588493347168,5.753571510314941,0.0,14.510817527770996,20.264389038085938
ev_001416,0.9210750460624695,3.6928563117980957,10.71668529510498,10.3888578414917,14.351762771606445,3.29034161567688,-9.467782974243164,-10.658906936645508,7.42634391784668,-12.700345993041992
ev_001417,4.895813465118408,3.6847574710845947,12.357288360595703,4.895813465118408,3.6847574710845947,12.357288360595703,0.0,0.0,0.0,0.0
ev_001418,0.8244982957839966,5.691080093383789,2.3111910820007324,1.8174710273742676,0.3995009958744049,1.9602257013320923,-0.992972731590271,5.291579246520996,0.35096538066864014,4.649570941925049
ev_001419,3.3312628269195557,1.5483835935592651,0.5278436541557312,3.3312628269195557,1.5483835935592651,0.5278436541557312,0.0,0.0,0.0,0.0
ev_001420,4.843337059020996,0.8793336153030396,18.691423416137695,5.926449775695801,0.8793336153030396,3.6914234161376953,-1.0831127166748047,0.0,15.0,13.916886329650879
ev_001421,6.51539421081543,3.3582518100738525,19.850204467773438,6.51539421081543,3.3582518100738525,19.850204467773438,0.0,0.0,0.0,0.0
ev_001422,75.0868911743164,5.822824478149414,24.29170036315918,75.0868911743164,5.822824478149414,24.29170036315918,0.0,0.0,0.0,0.0
ev_001423,2.643413543701172,10.679695129394531,5.690308570861816,0.9553796648979187,3.407567262649536,1.158658742904663,1.6880338191986084,7.272128105163574,4.531649589538574,13.49181079864502
ev_001424,3.364992380142212,2.4252657890319824,18.280790328979492,3.364992380142212,2.4252657890319824,18.280790328979492,0.0,0.0,0.0,0.0
ev_001425,27.237247467041016,0.29759472608566284,34.73234176635742,12.237247467041016,3.5433709621429443,4.732340335845947,15.0,-3.2457761764526367,30.000001907348633,41.75422286987305
ev_001426,9.540781021118164,8.020362854003906,2.398667573928833,9.540781021118164,8.020362854003906,2.398667573928833,0.0,0.0,0.0,0.0
ev_001427,7.327250957489014,0.004958286881446838,17.176040649414062,11.017318725585938,4.346052169799805,12.681367874145508,-3.690067768096924,-4.341094017028809,4.494672775268555,-3.536489486694336
ev_001428,1.6667972803115845,5.9564313888549805,13.538857460021973,1.6667972803115845,5.9564313888549805,13.538857460021973,0.0,0.0,0.0,0.0
ev_001429,4.583482265472412,3.7318146228790283,9.8497953414917,0.3752896189689636,3.7318146228790283,6.288348197937012,4.208192825317383,0.0,3.5614471435546875,7.76963996887207
ev_001430,3.710299253463745,9.725323677062988,29.299663543701172,8.974689483642578,9.725323677062988,25.193058013916016,-5.264389991760254,0.0,4.106605529785156,-1.1577835083007812
ev_001431,0.5805794596672058,6.680273532867432,1.9568471908569336,0.28689831495285034,4.632813453674316,12.85802173614502,0.29368114471435547,2.0474600791931152,-10.901174545288086,-8.560032844543457
ev_001432,0.8568122982978821,0.241371750831604,19.715787887573242,0.49342435598373413,1.2836008071899414,16.05217742919922,0.36338794231414795,-1.0422290563583374,3.6636104583740234,2.984769821166992
ev_001433,8.277271270751953,9.59232234954834,3.8618311882019043,8.277271270751953,9.59232234954834,3.8618311882019043,0.0,0.0,0.0,0.0
ev_001434,19.53168296813965,5.3808393478393555,2.0645854473114014,19.53168296813965,5.3808393478393555,2.0645854473114014,0.0,0.0,0.0,0.0
ev_001435,0.8159172534942627,8.198173522949219,0.8664990663528442,14.948439598083496,0.7157277464866638,6.7642412185668945,-14.132522583007812,7.48244571685791,-5.89774227142334,-12.547820091247559
ev_001436,18.45125961303711,4.950777530670166,4.01256799697876,3.4512598514556885,0.8847905993461609,8.030489921569824,15.0,4.0659871101379395,-4.0179219245910645,15.048063278198242
ev_001437,2.5886027812957764,1.0019595623016357,9.57458782196045,2.5886027812957764,1.0019595623016357,9.57458782196045,0.0,0.0,0.0,0.0
ev_001438,6.578176975250244,4.695803642272949,6.544334411621094,6.229699611663818,5.231452941894531,1.9544464349746704,0.3484773635864258,-0.535649299621582,4.589888095855713,4.402715682983398
ev_001439,9.504098892211914,6.514402389526367,10.665891647338867,9.644497871398926,5.1118292808532715,8.330161094665527,-0.14039897918701172,1.4025731086730957,2.33573055267334,3.5979061126708984
ev_001440,0.8187253475189209,0.9454395771026611,0.7395503520965576,0.5156587362289429,1.1084572076797485,2.9240591526031494,0.303066611289978,-0.1630176305770874,-2.184508800506592,-2.044459581375122
ev_001441,5.103878974914551,1.3987232446670532,26.364978790283203,5.103878974914551,1.3987232446670532,26.364978790283203,0.0,0.0,0.0,0.0
ev_001442,0.09639273583889008,2.7263100147247314,22.928956985473633,0.029102278873324394,0.31906092166900635,19.831113815307617,0.06729045510292053,2.4072489738464355,3.0978431701660156,5.572381973266602
ev_001443,20.20891571044922,1.0437020063400269,18.18094253540039,5.208916664123535,2.7972636222839355,3.180943012237549,14.999999046325684,-1.7535616159439087,15.0,28.246437072753906
ev_001444,4.878405570983887,6.807169437408447,28.744199752807617,4.878405570983887,6.807169437408447,28.744199752807617,0.0,0.0,0.0,0.0
ev_001445,11.84116268157959,1.005571961402893,34.187904357910156,6.848905086517334,3.335521697998047,23.294509887695312,4.992257595062256,-2.3299498558044434,10.893394470214844,13.555702209472656
ev_001446,0.8385435342788696,7.898798942565918,2.8197457790374756,0.6594002842903137,4.6786112785339355,10.423078536987305,0.1791432499885559,3.2201876640319824,-7.60333251953125,-4.204001426696777
ev_001447,1.2350512742996216,2.5597472190856934,6.617389678955078,4.870489120483398,2.39434814453125,6.617389678955078,-3.6354379653930664,0.16539907455444336,0.0,-3.4700393676757812
ev_001448,5.646911144256592,4.322645664215088,9.976269721984863,5.772406101226807,2.456204891204834,6.878427028656006,-0.12549495697021484,1.866440773010254,3.0978426933288574,4.838788986206055
ev_001449,3.559267520904541,0.35101765394210815,24.51405143737793,3.559267520904541,0.35101765394210815,24.51405143737793,0.0,0.0,0.0,0.0
ev_001450,2.91290020942688,7.005280494689941,14.790620803833008,2.91290020942688,7.005280494689941,14.790620803833008,0.0,0.0,0.0,0.0
ev_001451,1.3123868703842163,2.247354507446289,3.224581480026245,1.3123868703842163,2.247354507446289,3.224581480026245,0.0,0.0,0.0,0.0
ev_001452,0.08905424177646637,0.8962128162384033,13.507450103759766,2.5737781524658203,9.889731407165527,1.372467279434204,-2.4847238063812256,-8.993518829345703,12.13498306274414,0.6567401885986328
ev_001453,11.557910919189453,0.6288073062896729,28.833986282348633,11.974448204040527,5.582902431488037,13.83398723602295,-0.4165372848510742,-4.954094886779785,14.999999046325684,9.62936782836914
ev_001454,13.954424858093262,6.332264423370361,5.391180515289307,10.519476890563965,5.809776782989502,3.5779659748077393,3.434947967529297,0.5224876403808594,1.8132145404815674,5.770648956298828
ev_001455,2.1534061431884766,4.310818672180176,1.677663803100586,2.1534061431884766,4.310818672180176,1.677663803100586,0.0,0.0,0.0,0.0
ev_001456,4.799514293670654,0.6515042781829834,6.621325969696045,5.162901878356934,0.6515042781829834,16.009414672851562,-0.3633875846862793,0.0,-9.38808822631836,-9.75147819519043
ev_001457,5.7171950340271,1.089015007019043,3.9804422855377197,5.2584943771362305,1.089015007019043,0.8825993537902832,0.45870065689086914,0.0,3.0978429317474365,3.5565438270568848
ev_001458,1.9713572263717651,6.348245620727539,1.9782720804214478,2.0968523025512695,3.9846270084381104,4.422918796539307,-0.1254950761795044,2.3636186122894287,-2.4446468353271484,-0.20652294158935547
ev_001459,2.220993757247925,1.946628451347351,9.300183296203613,2.599290132522583,1.946628451347351,2.420104503631592,-0.3782963752746582,0.0,6.8800787925720215,6.5017828941345215
ev_001460,4.208206653594971,0.8690856099128723,0.3924470841884613,4.208206653594971,0.8690856099128723,0.3924470841884613,0.0,0.0,0.0,0.0
ev_001461,2.6314430236816406,9.045660018920898,3.587094783782959,2.6314430236816406,9.045660018920898,3.587094783782959,0.0,0.0,0.0,0.0
ev_001462,1.2771836519241333,2.0391860008239746,11.019452095031738,0.7730938196182251,2.561673879623413,3.980548143386841,0.5040898323059082,-0.5224878787994385,7.038904190063477,7.020504951477051
ev_001463,5.878480911254883,2.0128722190856934,24.152692794799805,5.878480911254883,2.0128722190856934,24.152692794799805,0.0,0.0,0.0,0.0
ev_001464,0.06372148543596268,1.7373874187469482,37.4052619934082,0.4271094501018524,0.21241486072540283,33.74165344238281,-0.36338797211647034,1.5249725580215454,3.6636085510253906,4.8251953125
ev_001465,1.3789035081863403,1.9428679943084717,10.370577812194824,1.3789035081863403,1.9428679943084717,10.370577812194824,0.0,0.0,0.0,0.0
ev_001466,1.8466317653656006,1.9121148586273193,117.43856048583984,1.8466317653656006,1.9121148586273193,11.313313484191895,0.0,0.0,106.125244140625,106.125244140625
ev_001467,15.193978309631348,8.300003051757812,14.833022117614746,0.1939784586429596,8.300003051757812,14.833022117614746,15.0,0.0,0.0,15.0
ev_001468,4.092883110046387,9.191999435424805,8.492104530334473,19.092884063720703,1.3532910346984863,2.236478567123413,-15.000000953674316,7.838708400726318,6.2556257247924805,-0.9056663513183594
ev_001469,5.665841579437256,6.265388011932373,20.762853622436523,4.069768905639648,6.265388011932373,14.994373321533203,1.5960726737976074,0.0,5.76848030090332,7.364553451538086
ev_001470,6.992603778839111,0.5732458829879761,67.38489532470703,6.992603778839111,0.5732458829879761,67.38489532470703,0.0,0.0,0.0,0.0
ev_001471,5.480749607086182,4.350314617156982,4.685811519622803,5.11735725402832,0.7558078765869141,10.314188003540039,0.36339235305786133,3.5945067405700684,-5.628376483917236,-1.6704769134521484
ev_001472,3.032884120941162,0.9801912903785706,9.62364673614502,3.032884120941162,0.9801912903785706,9.62364673614502,0.0,0.0,0.0,0.0
ev_001473,3.8528101444244385,1.6598020792007446,20.74177360534668,3.8528101444244385,1.6598020792007446,20.74177360534668,0.0,0.0,0.0,0.0
ev_001474,3.6961636543273926,1.3316925764083862,0.14021968841552734,3.8216586112976074,1.0755565166473389,15.140219688415527,-0.12549495697021484,0.25613605976104736,-15.0,-14.86935806274414
ev_001475,8.833122253417969,1.369335412979126,23.377267837524414,8.46972942352295,2.2251710891723633,8.37726879119873,0.36339282989501953,-0.8558356761932373,14.999999046325684,14.507556915283203
ev_001476,0.7194992303848267,0.6354565024375916,2.4403557777404785,0.7194992303848267,0.6354565024375916,2.4403557777404785,0.0,0.0,0.0,0.0
ev_001477,6.064995765686035,7.599523067474365,6.762034893035889,5.576112747192383,3.690154790878296,11.348958015441895,0.48888301849365234,3.9093682765960693,-4.586923122406006,-0.1886730194091797
ev_001478,6.713707447052002,1.7245713472366333,36.76057434082031,6.713707447052002,1.7245713472366333,36.76057434082031,0.0,0.0,0.0,0.0
ev_001479,0.8014788031578064,8.198857307434082,15.11435317993164,0.8014788031578064,8.198857307434082,15.11435317993164,0.0,0.0,0.0,0.0
ev_001480,11.753003120422363,0.26887932419776917,22.719409942626953,2.3820080757141113,7.060827255249023,22.719409942626953,9.370994567871094,-6.791947841644287,0.0,2.5790443420410156
ev_001481,11.478963851928711,8.286174774169922,4.632049560546875,0.5855689644813538,5.211269855499268,0.11750495433807373,10.893394470214844,3.0749049186706543,4.514544486999512,18.482845306396484
ev_001482,0.10697120428085327,2.05173659324646,0.7749924659729004,5.153162956237793,2.05173659324646,7.536444664001465,-5.046191692352295,0.0,-6.7614521980285645,-11.80764389038086
ev_001483,1.095819115638733,0.5434117913246155,26.17239761352539,1.5999089479446411,1.0658996105194092,22.20526695251465,-0.5040898323059082,-0.5224878191947937,3.967130661010742,2.940553665161133
ev_001484,5.730007648468018,0.044106218963861465,6.6090312004089355,3.516421318054199,0.044106218963861465,6.77606725692749,2.2135863304138184,0.0,-0.1670360565185547,2.0465497970581055
ev_001485,4.100003719329834,12.102140426635742,5.8448991775512695,5.493078708648682,0.9431062340736389,25.148073196411133,-1.3930749893188477,11.15903377532959,-19.303173065185547,-9.537216186523438
ev_001486,3.740321159362793,0.2543228566646576,25.967409133911133,3.740321159362793,0.2543228566646576,25.967409133911133,0.0,0.0,0.0,0.0
ev_001487,3.8723883628845215,2.8195056915283203,12.185237884521484,4.37647819519043,3.341993570327759,8.218107223510742,-0.5040898323059082,-0.5224878787994385,3.967130661010742,2.940553665161133
ev_001488,6.320096492767334,1.8818787336349487,35.66823196411133,6.320096492767334,1.8818787336349487,35.66823196411133,0.0,0.0,0.0,0.0
ev_001489,2.6574862003326416,1.8720264434814453,26.163223266601562,89.7303237915039,0.8808087706565857,13.098909378051758,-87.07283782958984,0.9912176728248596,13.064313888549805,-73.01730346679688
ev_001490,1.2283082008361816,0.4094615876674652,2.153208017349243,1.2283082008361816,0.4094615876674652,2.153208017349243,0.0,0.0,0.0,0.0
ev_001491,9.834999084472656,2.271639585494995,26.325267791748047,9.834999084472656,2.271639585494995,26.325267791748047,0.0,0.0,0.0,0.0
ev_001492,7.303642749786377,1.1857649087905884,33.3833122253418,7.163243770599365,1.9240535497665405,18.38331413269043,0.14039897918701172,-0.7382886409759521,14.999998092651367,14.402107238769531
ev_001493,2.107571601867676,2.1003129482269287,14.848010063171387,0.08455204218626022,2.1003129482269287,6.349228858947754,2.023019552230835,0.0,8.498781204223633,10.521800994873047
ev_001494,1.2978628873825073,6.968327045440674,14.797118186950684,3.235203742980957,0.2028753012418747,0.2028820514678955,-1.9373408555984497,6.765451908111572,14.594236373901367,19.422348022460938
ev_001495,6.0693745613098145,1.7650948762893677,30.022586822509766,6.0693745613098145,1.7650948762893677,30.022586822509766,0.0,0.0,0.0,0.0
ev_001496,2.949620485305786,3.0765812397003174,4.643693447113037,2.3886783123016357,0.5179253220558167,4.643693447113037,0.5609421730041504,2.5586559772491455,0.0,3.119598388671875
ev_001497,3.7682440280914307,0.587072491645813,19.492923736572266,3.62784481048584,0.587072491645813,20.48535919189453,0.14039921760559082,0.0,-0.9924354553222656,-0.8520355224609375
ev_001498,2.454525947570801,6.3850579261779785,7.254133701324463,1.3963921070098877,7.5266594886779785,2.7224838733673096,1.058133840560913,-1.1416015625,4.531649589538574,4.448182106018066
ev_001499,8.002052307128906,2.375760316848755,9.767232894897461,8.002052307128906,2.375760316848755,9.767232894897461,0.0,0.0,0.0,0.0
ev_001500,4.421137809753418,0.6940388083457947,14.82664680480957,4.057745456695557,2.90046763420105,0.8187609910964966,0.36339235305786133,-2.2064287662506104,14.007885932922363,12.164850234985352
ev_001501,3.7156145572662354,1.2676011323928833,47.30582809448242,3.7156145572662354,1.2676011323928833,47.30582809448242,0.0,0.0,0.0,0.0
ev_001502,1.7960666418075562,0.2708839774131775,13.40522289276123,1.7960666418075562,0.2708839774131775,13.40522289276123,0.0,0.0,0.0,0.0
ev_001503,13.893203735351562,5.047427177429199,15.651538848876953,1.1067966222763062,5.047427177429199,15.651538848876953,12.786407470703125,0.0,0.0,12.786407470703125
ev_001504,5.365843772888184,1.883890151977539,22.257783889770508,8.071371078491211,5.877353668212891,16.99339485168457,-2.7055273056030273,-3.9934635162353516,5.2643890380859375,-1.434600830078125
ev_001505,5.972683906555176,0.49424219131469727,0.4021970331668854,5.972683906555176,0.49424219131469727,0.4021970331668854,0.0,0.0,0.0,0.0
ev_001506,4.4208831787109375,8.167664527893066,17.227981567382812,4.4208831787109375,8.167664527893066,17.227981567382812,0.0,0.0,0.0,0.0
ev_001507,6.860814094543457,1.5664385557174683,1.1621079444885254,6.860814094543457,1.5664385557174683,1.1621079444885254,0.0,0.0,0.0,0.0
ev_001508,20.548921585083008,2.632274627685547,19.770885467529297,20.548921585083008,2.632274627685547,19.770885467529297,0.0,0.0,0.0,0.0
ev_001509,56.711002349853516,7.407324314117432,106.01256561279297,56.34761047363281,3.8128175735473633,104.5660629272461,0.3633918762207031,3.5945067405700684,1.446502685546875,5.4044036865234375
ev_001510,6.893856525421143,6.872653961181641,29.28630256652832,7.742751121520996,3.2781472206115723,14.286301612854004,-0.8488945960998535,3.5945067405700684,15.000000953674316,17.745609283447266
ev_001511,3.0627880096435547,11.906479835510254,2.6669695377349854,3.0627880096435547,11.906479835510254,2.6669695377349854,0.0,0.0,0.0,0.0
ev_001512,2.8956856727600098,2.770136594772339,5.178837299346924,2.8956856727600098,2.770136594772339,5.178837299346924,0.0,0.0,0.0,0.0
ev_001513,9.693452835083008,3.027981758117676,15.591440200805664,5.306547164916992,3.027981758117676,15.591440200805664,4.386905670166016,0.0,0.0,4.386905670166016
ev_001514,4.535691738128662,0.45597895979881287,10.319135665893555,2.352405309677124,0.45597895979881287,1.2459158897399902,2.183286428451538,0.0,9.073219299316406,11.256505966186523
ev_001515,13.607122421264648,3.0753777027130127,10.764841079711914,1.392877221107483,3.0753777027130127,10.764841079711914,12.214244842529297,0.0,0.0,12.214245796203613
ev_001516,3.8456263542175293,1.1233913898468018,36.67083740234375,3.8456263542175293,1.1233913898468018,36.67083740234375,0.0,0.0,0.0,0.0
ev_001517,2.7124269008636475,5.62329626083374,15.309446334838867,2.223544120788574,1.6910748481750488,8.547993659973145,0.48888278007507324,3.9322214126586914,6.761452674865723,11.18255615234375
ev_001518,5.106542587280273,3.2104012966156006,0.18656092882156372,15.999937057495117,8.915212631225586,1.1795337200164795,-10.893394470214844,-5.704811096191406,-0.9929727911949158,-17.59117889404297
ev_001519,6.535065174102783,0.9059746265411377,1.6552706956863403,6.535065174102783,0.9059746265411377,1.6552706956863403,0.0,0.0,0.0,0.0
ev_001520,4.296157360076904,1.3013684749603271,3.0927090644836426,8.51171875,0.8777808547019958,9.593928337097168,-4.215561389923096,0.4235876202583313,-6.501219272613525,-10.293193817138672
ev_001521,8.989822387695312,4.339155673980713,6.070138931274414,8.989822387695312,4.339155673980713,6.070138931274414,0.0,0.0,0.0,0.0
ev_001522,1.1428736448287964,7.62448263168335,10.926966667175293,5.249478816986084,1.919671654701233,9.933993339538574,-4.106605052947998,5.704811096191406,0.9929733276367188,2.5911788940429688
ev_001523,5.857156753540039,4.759152412414551,8.379709243774414,2.1208598613739014,4.046124458312988,5.7818074226379395,3.7362968921661377,0.7130279541015625,2.5979018211364746,7.0472259521484375
ev_001524,0.7252197265625,1.5567666292190552,11.469025611877441,1.2293095588684082,1.5567666292190552,3.5309741497039795,-0.5040898323059082,0.0,7.938051223754883,7.433961868286133
ev_001525,0.6743232607841492,1.7944267988204956,1.785900592803955,0.6743232607841492,1.7944267988204956,1.785900592803955,0.0,0.0,0.0,0.0
ev_001526,3.246598958969116,1.83084237575531,7.6684160232543945,3.246598958969116,1.83084237575531,7.6684160232543945,0.0,0.0,0.0,0.0
ev_001527,3.0033695697784424,2.1523044109344482,2.1885428428649902,3.0033695697784424,2.1523044109344482,2.1885428428649902,0.0,0.0,0.0,0.0
ev_001528,4.556886672973633,1.7971596717834473,50.26346206665039,4.556886672973633,1.7971596717834473,50.26346206665039,0.0,0.0,0.0,0.0
ev_001529,3.4659950733184814,4.449258327484131,11.640466690063477,3.4659950733184814,4.449258327484131,11.640466690063477,0.0,0.0,0.0,0.0
ev_001530,3.995894432067871,9.041170120239258,5.158241271972656,5.4868998527526855,5.446663856506348,9.841758728027344,-1.4910054206848145,3.59450626373291,-4.6835174560546875,-2.58001708984375
ev_001531,10.900649070739746,13.805276870727539,25.482158660888672,0.4377114772796631,9.464183807373047,13.35361099243164,10.462937355041504,4.341093063354492,12.128547668457031,26.93257713317871
ev_001532,2.434720754623413,0.44702088832855225,22.715503692626953,2.434720754623413,0.44702088832855225,22.715503692626953,0.0,0.0,0.0,0.0
ev_001533,0.3861261308193207,6.0882368087768555,29.995258331298828,0.3861261308193207,6.0882368087768555,29.995258331298828,0.0,0.0,0.0,0.0
ev_001534,36.67636489868164,0.9704515933990479,3.189458131790161,36.67636489868164,0.9704515933990479,3.189458131790161,0.0,0.0,0.0,0.0
ev_001535,0.7518350481987,8.027144432067871,27.53809356689453,2.9565489292144775,5.487872123718262,12.538094520568848,-2.204713821411133,2.5392723083496094,14.999999046325684,15.334558486938477
ev_001536,0.30487602949142456,3.4491450786590576,2.417153835296631,0.30487602949142456,3.4491450786590576,2.417153835296631,0.0,0.0,0.0,0.0
ev_001537,0.13171377778053284,3.498142719268799,27.179702758789062,0.13171377778053284,3.498142719268799,27.179702758789062,0.0,0.0,0.0,0.0
ev_001538,0.8342785239219666,2.8052279949188232,34.77851867675781,0.974677562713623,0.3045904338359833,19.778518676757812,-0.1403990387916565,2.5006375312805176,15.0,17.360239028930664
ev_001539,2.651895761489868,9.514702796936035,16.212154388427734,1.6589230298995972,0.13777098059654236,20.483572006225586,0.992972731590271,9.376932144165039,-4.271417617797852,6.098487854003906
ev_001540,2.2143828868865967,10.403270721435547,11.109370231628418,68.32514953613281,0.14202024042606354,0.3807874917984009,-66.11076354980469,10.261250495910645,10.728582382202148,-45.12093734741211
ev_001541,18.25534439086914,3.4470937252044678,32.452518463134766,1.0632213354110718,2.3261876106262207,23.306411743164062,17.192123413085938,1.120906114578247,9.146106719970703,27.459136962890625
ev_001542,0.7650308609008789,0.026758773252367973,4.2047271728515625,10.128363609313965,6.321571350097656,1.7356576919555664,-9.363332748413086,-6.2948126792907715,2.469069480895996,-13.189075469970703
ev_001543,1.104526400566101,4.290764331817627,11.459638595581055,1.104526400566101,4.290764331817627,11.459638595581055,0.0,0.0,0.0,0.0
ev_001544,2.5590877532958984,1.3453282117843628,8.912537574768066,2.4335927963256836,1.0619208812713623,5.814694881439209,0.12549495697021484,0.2834073305130005,3.0978426933288574,3.5067453384399414
ev_001545,0.7713316679000854,6.219079971313477,34.283103942871094,0.08124206960201263,0.11319757252931595,14.687241554260254,0.6900895833969116,6.105882167816162,19.595863342285156,26.39183235168457
ev_001546,77.79627227783203,0.677280604839325,78.37973022460938,84.42053985595703,0.677280604839325,74.34169006347656,-6.624267578125,0.0,4.0380401611328125,-2.5862274169921875
ev_001547,2.1942319869995117,1.3404055833816528,0.33560019731521606,2.0538330078125,0.6254914402961731,2.0001301765441895,0.14039897918701172,0.7149141430854797,-1.6645300388336182,-0.8092172145843506
ev_001548,4.295121669769287,3.9211244583129883,0.2240012288093567,4.295121669769287,3.9211244583129883,0.2240012288093567,0.0,0.0,0.0,0.0
ev_001549,0.5251031517982483,0.04043465480208397,21.126615524291992,0.5251031517982483,0.04043465480208397,21.126615524291992,0.0,0.0,0.0,0.0
ev_001550,70.29088592529297,3.7494189739227295,10.88585376739502,70.29088592529297,3.7494189739227295,10.88585376739502,0.0,0.0,0.0,0.0
ev_001551,1.3779512643814087,3.1284570693969727,8.650001525878906,1.3779512643814087,3.1284570693969727,5.088554382324219,0.0,0.0,3.5614471435546875,3.5614471435546875
ev_001552,2.204294443130493,6.266268730163574,15.141385078430176,1.3517206907272339,1.2982590198516846,13.328170776367188,0.8525737524032593,4.968009948730469,1.8132143020629883,7.633797645568848
ev_001553,0.3670148253440857,1.2021673917770386,0.6241746544837952,0.3670148253440857,1.2021673917770386,0.6241746544837952,0.0,0.0,0.0,0.0
ev_001554,6.808468341827393,3.997990846633911,0.17814669013023376,6.8233723640441895,0.7933788895606995,5.611720085144043,-0.014904022216796875,3.2046120166778564,-5.433573246002197,-2.243865966796875
ev_001555,8.631473541259766,7.295890808105469,16.479896545410156,8.631473541259766,7.295890808105469,16.479896545410156,0.0,0.0,0.0,0.0
ev_001556,10.32814884185791,1.6924904584884644,22.39189338684082,10.7446870803833,3.2616047859191895,9.466485977172852,-0.4165382385253906,-1.569114327430725,12.925407409667969,10.939754486083984
ev_001557,10.35091495513916,11.594470024108887,14.005548477172852,10.714303016662598,13.1194429397583,2.2370381355285645,-0.3633880615234375,-1.524972915649414,11.768510818481445,9.880151748657227
ev_001558,10.576475143432617,1.4755202531814575,18.00611686706543,10.576475143432617,1.4755202531814575,18.00611686706543,0.0,0.0,0.0,0.0
ev_001559,1.1230679750442505,0.013991761952638626,4.219141960144043,1.1230679750442505,0.013991761952638626,4.219141960144043,0.0,0.0,0.0,0.0
ev_001560,2.1865592002868652,5.5400519371032715,11.058484077453613,2.1865592002868652,5.5400519371032715,11.058484077453613,0.0,0.0,0.0,0.0
ev_001561,5.378462791442871,1.6020010709762573,104.92163848876953,5.378462791442871,1.6020010709762573,104.92163848876953,0.0,0.0,0.0,0.0
ev_001562,3.2954604625701904,2.7749271392822266,16.691442489624023,3.658848524093628,1.2499545812606812,13.027832984924316,-0.3633880615234375,1.5249725580215454,3.663609504699707,4.825193405151367
ev_001563,2.2538094520568848,1.3775449991226196,13.52033805847168,2.2538094520568848,1.3775449991226196,13.52033805847168,0.0,0.0,0.0,0.0
ev_001564,1.7892283201217651,2.3499553203582764,15.846271514892578,1.7892283201217651,2.3499553203582764,15.846271514892578,0.0,0.0,0.0,0.0
ev_001565,2.9462313652038574,6.308980941772461,3.275726318359375,2.9462313652038574,6.308980941772461,3.275726318359375,0.0,0.0,0.0,0.0
ev_001566,3.1407723426818848,6.952724456787109,12.324336051940918,3.2662672996520996,4.545475006103516,15.422179222106934,-0.12549495697021484,2.4072494506835938,-3.0978431701660156,-0.8160896301269531
ev_001567,7.539422988891602,9.66450023651123,7.410322189331055,8.043512344360352,10.18698787689209,0.6883746385574341,-0.50408935546875,-0.5224876403808594,6.72194766998291,5.695369720458984
ev_001568,1.2584257125854492,2.9215188026428223,8.382584571838379,1.2584257125854492,2.9215188026428223,8.382584571838379,0.0,0.0,0.0,0.0
ev_001569,1.3133772611618042,3.2193105220794678,9.943875312805176,9.041613578796387,7.576999664306641,2.1911075115203857,-7.728236198425293,-4.357688903808594,7.752767562866211,-4.333158493041992
ev_001570,6.454166889190674,5.379703044891357,7.813728332519531,3.0192182064056396,4.857215404510498,6.000514030456543,3.434948682785034,0.5224876403808594,1.8132143020629883,5.770650863647461
ev_001571,5.429717540740967,1.8079538345336914,6.11818265914917,5.429717540740967,1.8079538345336914,6.11818265914917,0.0,0.0,0.0,0.0
ev_001572,4.425570011138916,2.66188645362854,20.987266540527344,4.551064968109131,5.069135665893555,14.736549377441406,-0.12549495697021484,-2.4072492122650146,6.2507171630859375,3.7179718017578125
ev_001573,2.8842804431915283,1.0328837633132935,14.00709342956543,3.3008182048797607,3.9212114810943604,2.5803205966949463,-0.4165377616882324,-2.8883275985717773,11.426773071289062,8.121907234191895
ev_001574,0.5973667502403259,8.459349632263184,2.7346246242523193,0.8995715379714966,1.0238773822784424,12.265375137329102,-0.30220478773117065,7.43547248840332,-9.530750274658203,-2.3974828720092773
ev_001575,2.1893906593322754,2.351055860519409,3.988469362258911,1.630599856376648,2.351055860519409,11.591802597045898,0.5587908029556274,0.0,-7.603333473205566,-7.04454231262207
ev_001576,4.505807399749756,10.827539443969727,35.704994201660156,3.007863759994507,7.607351779937744,28.101661682128906,1.497943639755249,3.2201876640319824,7.60333251953125,12.321464538574219
ev_001577,3.3160667419433594,0.23242022097110748,29.972810745239258,0.8740907311439514,4.164641857147217,14.972809791564941,2.4419760704040527,-3.9322216510772705,15.000000953674316,13.509754180908203
ev_001578,8.479801177978516,2.399958372116089,20.939773559570312,8.116408348083496,1.1945481300354004,6.046334743499756,0.36339282989501953,1.2054102420806885,14.893438339233398,16.462242126464844
ev_001579,3.0658862590789795,1.9751288890838623,12.404746055603027,2.5617964267730713,1.9751288890838623,2.5952537059783936,0.5040898323059082,0.0,9.809492111206055,10.313581466674805
ev_001580,2.505927085876465,3.8103466033935547,2.4802558422088623,0.03898049518465996,1.9124937057495117,1.878373384475708,2.466946601867676,1.897852897644043,0.6018824577331543,4.966682434082031
ev_001581,1.394452452659607,1.1739509105682373,18.280908584594727,0.8903626203536987,1.6964386701583862,3.2809085845947266,0.5040898323059082,-0.5224877595901489,15.0,14.98160171508789
ev_001582,10.266507148742676,2.7406327724456787,10.048187255859375,10.266507148742676,2.7406327724456787,10.048187255859375,0.0,0.0,0.0,0.0
ev_001583,2.7764618396759033,1.5321022272109985,33.36281204223633,2.7764618396759033,1.5321022272109985,33.36281204223633,0.0,0.0,0.0,0.0
ev_001584,3.3487279415130615,2.1264398097991943,0.17224496603012085,2.1516835689544678,0.20623591542243958,14.338573455810547,1.1970443725585938,1.9202039241790771,-14.166328430175781,-11.049079895019531
ev_001585,0.1813218742609024,11.281713485717773,30.782054901123047,5.587157726287842,3.5204691886901855,19.888660430908203,-5.4058356285095215,7.761244297027588,10.893394470214844,13.248802185058594
ev_001586,5.430441856384277,0.45813146233558655,10.433932304382324,1.463310956954956,4.043917179107666,15.46583366394043,3.9671308994293213,-3.5857856273651123,-5.0319013595581055,-4.650554656982422
ev_001587,16.824722290039062,6.3610944747924805,2.3781237602233887,12.71811580657959,12.065905570983887,1.3851510286331177,4.106606483459473,-5.704811096191406,0.992972731590271,-0.6052303314208984
ev_001588,1.9842901229858398,2.3503589630126953,24.38288116455078,5.419239044189453,2.8728466033935547,8.389907836914062,-3.4349489212036133,-0.5224876403808594,15.992973327636719,12.03553581237793
ev_001589,10.80350399017334,0.7682691812515259,0.485049843788147,2.0043723583221436,0.7717174887657166,8.013731002807617,8.799131393432617,-0.003448307514190674,-7.52868127822876,1.267003059387207
ev_001590,2.4883627891540527,0.12708114087581635,11.936041831970215,18.28011703491211,4.3550333976745605,1.0426474809646606,-15.791753768920898,-4.227952480316162,10.893394470214844,-9.126313209533691
ev_001591,13.117483139038086,1.5497734546661377,17.77251434326172,1.8825167417526245,2.2911922931671143,2.7725143432617188,11.234966278076172,-0.7414188385009766,15.0,25.493545532226562
ev_001592,0.41388508677482605,0.46423980593681335,2.8059773445129395,0.41388508677482605,0.46423980593681335,9.398192405700684,0.0,0.0,-6.592215061187744,-6.592215538024902
ev_001593,61.69157028198242,0.36822766065597534,82.3635482788086,76.69157409667969,0.36822766065597534,80.91704559326172,-15.000003814697266,0.0,1.446502685546875,-13.553497314453125
ev_001594,92.02714538574219,1.0692914724349976,12.993524551391602,2.027146339416504,1.0692914724349976,4.745440483093262,90.0,0.0,8.24808406829834,98.24807739257812
ev_001595,12.61605167388916,0.4435560703277588,11.825644493103027,12.111961364746094,0.08270994573831558,0.792775571346283,0.5040903091430664,0.3608461320400238,11.032869338989258,11.897805213928223
ev_001596,10.572815895080566,6.336377143859863,7.919610500335693,6.46621036529541,12.04118824005127,8.912583351135254,4.106605529785156,-5.704811096191406,-0.9929728507995605,-2.5911788940429688
ev_001597,0.005823557730764151,5.860758304595947,7.019295692443848,1.4921202659606934,2.6405704021453857,14.622629165649414,-1.4862966537475586,3.2201879024505615,-7.603333473205566,-5.869441986083984
ev_001598,4.75817346572876,3.830393075942993,0.6508668065071106,4.75817346572876,3.830393075942993,0.6508668065071106,0.0,0.0,0.0,0.0
ev_001599,6.42115592956543,0.0026182737201452255,30.910991668701172,8.57884407043457,0.0026182737201452255,30.910991668701172,-2.1576881408691406,0.0,0.0,-2.1576881408691406
ev_001600,1.916168212890625,3.6244428157806396,14.742647171020508,2.544448137283325,0.21652287244796753,0.25735291838645935,-0.6282799243927002,3.4079198837280273,14.485294342041016,17.264934539794922
ev_001601,9.367959022521973,6.245015621185303,6.007983684539795,5.261353492736816,11.94982624053955,7.0009565353393555,4.106605529785156,-5.704810619354248,-0.9929728507995605,-2.591176986694336
ev_001602,0.7311692237854004,2.186534881591797,30.460002899169922,0.7311692237854004,2.186534881591797,30.460002899169922,0.0,0.0,0.0,0.0
ev_001603,24.933998107910156,4.880406379699707,22.544269561767578,24.933998107910156,4.880406379699707,22.544269561767578,0.0,0.0,0.0,0.0
ev_001604,3.5726728439331055,3.2307989597320557,6.694015026092529,5.673756122589111,6.869943618774414,1.6005175113677979,-2.101083278656006,-3.6391446590423584,5.093497276306152,-0.6467304229736328
ev_001605,4.012617111206055,8.112838745117188,3.0519466400146484,3.936174154281616,3.0685555934906006,9.083036422729492,0.07644295692443848,5.044282913208008,-6.031089782714844,-0.9103641510009766
ev_001606,3.154162883758545,7.05232048034668,8.002298355102539,3.658252716064453,7.574808120727539,3.965794563293457,-0.5040898323059082,-0.5224876403808594,4.036503791809082,3.0099267959594727
ev_001607,2.023221731185913,2.667188882827759,86.98561096191406,2.023221731185913,2.667188882827759,86.98561096191406,0.0,0.0,0.0,0.0
ev_001608,39.600589752197266,3.420872688293457,36.382537841796875,24.600587844848633,1.8278721570968628,21.382537841796875,15.000001907348633,1.5930005311965942,15.0,31.593002319335938
ev_001609,4.858846187591553,5.976289749145508,19.38456916809082,4.999245643615723,2.866471290588379,34.38456726074219,-0.14039945602416992,3.109818458557129,-14.999998092651367,-12.030576705932617
ev_001610,3.067478895187378,1.724639654159546,22.662561416625977,2.686091899871826,0.19584323465824127,7.662562370300293,0.38138699531555176,1.5287964344024658,14.999999046325684,16.91018295288086
ev_001611,7.46902322769165,10.186723709106445,10.450023651123047,7.46902322769165,3.398275136947632,10.450023651123047,0.0,6.788448333740234,0.0,6.788448333740234
ev_001612,6.879303455352783,8.916117668151855,69.42728424072266,6.879303455352783,8.916117668151855,69.42728424072266,0.0,0.0,0.0,0.0
ev_001613,3.3845224380493164,2.8508787155151367,0.10163889080286026,1.1480786800384521,1.8970733880996704,2.2340915203094482,2.2364437580108643,0.9538053274154663,-2.1324527263641357,1.0577964782714844
ev_001614,2.1349117755889893,6.979029178619385,17.532289505004883,1.994512677192688,3.869210720062256,15.19655990600586,0.14039909839630127,3.109818458557129,2.3357295989990234,5.585947036743164
ev_001615,3.02290940284729,1.2056870460510254,27.568798065185547,3.02290940284729,1.2056870460510254,27.568798065185547,0.0,0.0,0.0,0.0
ev_001616,6.077436923980713,4.9820990562438965,16.775930404663086,6.493974685668945,0.028003953397274017,10.191919326782227,-0.4165377616882324,4.954094886779785,6.584011077880859,11.12156867980957
ev_001617,5.319207191467285,11.995497703552246,13.101234436035156,5.319207191467285,11.995497703552246,13.101234436035156,0.0,0.0,0.0,0.0
ev_001618,11.6217622756958,2.569169759750366,17.023462295532227,3.378237247467041,1.9926797151565552,2.0234615802764893,8.243524551391602,0.576490044593811,15.000000953674316,23.82001495361328
ev_001619,9.319910049438477,3.3120505809783936,13.838810920715332,9.319910049438477,3.3120505809783936,13.838810920715332,0.0,0.0,0.0,0.0
ev_001620,7.423550605773926,11.546894073486328,1.8660939931869507,1.8228782415390015,0.6400588750839233,11.012202262878418,5.600672245025635,10.906835556030273,-9.146108627319336,7.361398696899414
ev_001621,12.526220321655273,5.746062755584717,6.005146026611328,16.21628761291504,10.087156295776367,0.1512543112039566,-3.6900672912597656,-4.34109354019165,5.853891849517822,-2.1772689819335938
ev_001622,6.1818437576293945,2.83537220954895,8.530038833618164,6.1818437576293945,2.83537220954895,8.530038833618164,0.0,0.0,0.0,0.0
ev_001623,0.05579055845737457,3.9113447666168213,3.9359841346740723,0.05579055845737457,3.9113447666168213,3.9359841346740723,0.0,0.0,0.0,0.0
ev_001624,0.5034616589546204,4.617967128753662,8.444803237915039,1.3560354709625244,2.8175048828125,1.1113282442092896,-0.852573812007904,1.800462245941162,7.333475112915039,8.281364440917969
ev_001625,3.3832170963287354,7.023783206939697,25.052804946899414,4.235790729522705,0.5407445430755615,17.71586799621582,-0.8525736331939697,6.483038902282715,7.336936950683594,12.967401504516602
ev_001626,6.212104797363281,0.923957884311676,8.463005065917969,3.3543221950531006,6.441025257110596,8.463005065917969,2.8577826023101807,-5.5170674324035645,0.0,-2.6592845916748047
ev_001627,2.8509469032287598,0.32734739780426025,9.756221771240234,2.8509469032287598,0.32734739780426025,9.756221771240234,0.0,0.0,0.0,0.0
ev_001628,0.1634480357170105,16.102067947387695,4.503106117248535,0.6675378680229187,16.394010543823242,0.5359753966331482,-0.5040898323059082,-0.2919425964355469,3.967130661010742,3.171100616455078
ev_001629,1.442779541015625,8.465693473815918,0.7002435922622681,5.715314865112305,4.048450469970703,4.60320520401001,-4.27253532409668,4.417243003845215,-3.9029617309570312,-3.7582530975341797
ev_001630,5.156563758850098,3.923370122909546,28.709915161132812,5.57310152053833,1.0307250022888184,15.504938125610352,-0.4165377616882324,2.8926451206207275,13.204977035522461,15.681083679199219
ev_001631,3.8369407653808594,1.3062316179275513,18.74254608154297,3.7114458084106445,1.1010173559188843,15.644702911376953,0.12549495697021484,0.205214262008667,3.0978431701660156,3.4285526275634766
ev_001632,6.65811014175415,1.3665236234664917,15.949974060058594,3.223161220550537,1.8890113830566406,14.136758804321289,3.4349489212036133,-0.5224877595901489,1.8132152557373047,4.725675582885742
ev_001633,2.5013551712036133,2.2358546257019043,24.63070297241211,2.5013551712036133,2.2358546257019043,24.63070297241211,0.0,0.0,0.0,0.0
ev_001634,11.486709594726562,2.0184683799743652,8.540725708007812,7.5112528800964355,6.431005001068115,2.48948073387146,3.975456714630127,-4.41253662109375,6.051244735717773,5.614166259765625
ev_001635,2.3816235065460205,6.26971960067749,15.071533203125,63.09893798828125,1.1657527685165405,2.0072197914123535,-60.717315673828125,5.10396671295166,13.064313888549805,-42.549034118652344
ev_001636,2.0887298583984375,8.69120979309082,33.21843719482422,2.9413034915924072,1.126682162284851,21.566741943359375,-0.8525736331939697,7.56452751159668,11.651695251464844,18.3636474609375
ev_001637,9.526697158813477,8.702659606933594,39.3799934387207,4.984419822692871,4.770438194274902,32.6185417175293,4.5422773361206055,3.9322214126586914,6.761451721191406,15.235954284667969
ev_001638,3.763087749481201,0.17356160283088684,0.633388102054596,3.763087749481201,0.17356160283088684,0.633388102054596,0.0,0.0,0.0,0.0
ev_001639,2.6635642051696777,7.69954252243042,15.796669006347656,4.097887992858887,11.63176441192627,15.796669006347656,-1.434323787689209,-3.9322218894958496,0.0,-5.366546630859375
ev_001640,4.836033821105957,3.446063756942749,0.5906714200973511,4.836033821105957,3.446063756942749,0.5906714200973511,0.0,0.0,0.0,0.0
ev_001641,4.655706882476807,2.0247480869293213,24.07323455810547,4.655706882476807,2.0247480869293213,24.07323455810547,0.0,0.0,0.0,0.0
ev_001642,5.659618377685547,3.039970636367798,12.269283294677734,0.5909013748168945,13.69887638092041,1.7377443313598633,5.068717002868652,-10.658905982971191,10.531538963317871,4.941349029541016
ev_001643,1.7882070541381836,5.113739490509033,27.257280349731445,1.9286060333251953,2.0039212703704834,21.217809677124023,-0.14039897918701172,3.10981822013855,6.039470672607422,9.008888244628906
ev_001644,2.696251153945923,2.7336955070495605,3.2241523265838623,2.696251153945923,2.7336955070495605,3.2241523265838623,0.0,0.0,0.0,0.0
ev_001645,1.0752586126327515,4.387200355529785,36.79779815673828,1.2156575918197632,1.2773817777633667,21.79779624938965,-0.14039897918701172,3.109818458557129,15.000001907348633,17.96942138671875
ev_001646,2.9166438579559326,2.8188281059265137,20.517663955688477,2.9166438579559326,2.8188281059265137,20.517663955688477,0.0,0.0,0.0,0.0
ev_001647,6.195047378540039,0.8331764340400696,6.3395256996154785,6.195047378540039,0.8331764340400696,6.3395256996154785,0.0,0.0,0.0,0.0
ev_001648,2.0270705223083496,7.564697742462158,35.64175033569336,1.5381875038146973,3.6324760913848877,28.880298614501953,0.48888301849365234,3.9322216510772705,6.761451721191406,11.18255615234375
ev_001649,1.198054552078247,5.2516937255859375,13.585342407226562,1.198054552078247,5.2516937255859375,13.585342407226562,0.0,0.0,0.0,0.0
ev_001650,2.556889057159424,0.8586214780807495,0.9327743053436279,2.556889057159424,0.8586214780807495,0.9327743053436279,0.0,0.0,0.0,0.0
ev_001651,3.015329122543335,2.417903423309326,19.497310638427734,3.015329122543335,2.417903423309326,19.497310638427734,0.0,0.0,0.0,0.0
ev_001652,0.35439616441726685,7.785730361938477,7.536486625671387,0.35439616441726685,7.785730361938477,7.536486625671387,0.0,0.0,0.0,0.0
ev_001653,7.264962196350098,0.367087721824646,17.773983001708984,7.264962196350098,0.367087721824646,17.773983001708984,0.0,0.0,0.0,0.0
ev_001654,4.2928690910339355,2.4624485969543457,30.306636810302734,4.2928690910339355,2.4624485969543457,30.306636810302734,0.0,0.0,0.0,0.0
ev_001655,0.7238427996635437,0.4804677963256836,6.533507347106934,1.6118875741958618,2.160057544708252,6.533507347106934,-0.8880447745323181,-1.6795897483825684,0.0,-2.5676345825195312
ev_001656,3.866381883621216,1.242887258529663,9.247759819030762,3.866381883621216,1.242887258529663,9.247759819030762,0.0,0.0,0.0,0.0
ev_001657,0.009876025840640068,0.9177807569503784,26.338926315307617,0.3535119295120239,0.607191801071167,22.675317764282227,-0.3436359167098999,0.3105889558792114,3.6636085510253906,3.6305618286132812
ev_001658,9.407459259033203,0.4690779447555542,21.44228744506836,9.407459259033203,0.4690779447555542,21.44228744506836,0.0,0.0,0.0,0.0
ev_001659,0.8470925688743591,1.6425631046295166,23.598575592041016,2.842974901199341,2.698530673980713,12.705181121826172,-1.995882272720337,-1.0559675693511963,10.893394470214844,7.841545104980469
ev_001660,1.693326473236084,0.4652025103569031,0.6012946963310242,1.693326473236084,0.4652025103569031,0.6012946963310242,0.0,0.0,0.0,0.0
ev_001661,9.099215507507324,0.7445582747459412,10.997477531433105,3.7086610794067383,0.37634772062301636,4.002521991729736,5.390554428100586,0.3682105541229248,6.994955539703369,12.753721237182617
ev_001662,14.828700065612793,1.0268219709396362,21.76316261291504,2.2433228492736816,1.0268219709396362,21.76316261291504,12.585376739501953,0.0,0.0,12.58537483215332
ev_001663,3.1183700561523438,2.730769634246826,24.298828125,2.7549777030944824,0.8637367486953735,9.298827171325684,0.36339235305786133,1.8670328855514526,15.000000953674316,17.230426788330078
ev_001664,0.6839849948883057,0.6492289900779724,7.7295660972595215,0.6839849948883057,0.6492289900779724,7.7295660972595215,0.0,0.0,0.0,0.0
ev_001665,38.46481704711914,2.243408679962158,6.8268351554870605,38.46481704711914,2.243408679962158,6.8268351554870605,0.0,0.0,0.0,0.0
ev_001666,2.62176513671875,3.155261993408203,5.047262191772461,5.42084264755249,5.394173622131348,1.9494191408157349,-2.7990775108337402,-2.2389116287231445,3.0978431701660156,-1.940145492553711
ev_001667,0.792872965335846,3.686272621154785,18.901180267333984,4.2278218269348145,4.2087602615356445,2.9082083702087402,-3.4349489212036133,-0.5224876403808594,15.992971420288086,12.035533905029297
ev_001668,3.65714430809021,6.4664692878723145,12.61036205291748,7.763749599456787,0.7616581916809082,11.617388725280762,-4.106605529785156,5.704811096191406,0.9929733276367188,2.5911788940429688
ev_001669,4.097802639007568,3.938232898712158,4.941182613372803,0.9118248820304871,1.2606172561645508,17.0761661529541,3.1859776973724365,2.6776156425476074,-12.13498306274414,-6.271389007568359
ev_001670,4.29849910736084,2.007848024368286,9.531231880187988,4.29849910736084,2.007848024368286,9.531231880187988,0.0,0.0,0.0,0.0
ev_001671,1.9122434854507446,3.715235948562622,10.539414405822754,1.9122434854507446,3.715235948562622,10.539414405822754,0.0,0.0,0.0,0.0
ev_001672,10.527791023254395,2.539700746536255,32.62443923950195,10.527791023254395,2.539700746536255,32.62443923950195,0.0,0.0,0.0,0.0
ev_001673,4.6671528816223145,7.146090984344482,21.491851806640625,0.9770855903625488,3.512814998626709,17.231948852539062,3.6900672912597656,3.6332759857177734,4.2599029541015625,11.583246231079102
ev_001674,5.719600200653076,1.901564598083496,6.6033406257629395,5.719600200653076,1.901564598083496,6.6033406257629395,0.0,0.0,0.0,0.0
ev_001675,1.7210156917572021,0.5744035243988037,12.386168479919434,1.7210156917572021,0.5744035243988037,12.386168479919434,0.0,0.0,0.0,0.0
ev_001676,6.142338275909424,6.77996301651001,25.5162296295166,5.7789459228515625,3.1854565143585205,13.948925971984863,0.36339235305786133,3.5945065021514893,11.567303657531738,15.525201797485352
ev_001677,0.5116143226623535,4.329285621643066,0.0750715360045433,0.5116143226623535,4.329285621643066,0.0750715360045433,0.0,0.0,0.0,0.0
ev_001678,0.32329729199409485,5.695321559906006,1.3313642740249634,2.975943088531494,2.469379425048828,7.832583427429199,-2.6526458263397217,3.2259421348571777,-6.501219272613525,-5.927923202514648
ev_001679,9.905003547668457,7.224427223205566,19.20684814453125,1.4049290418624878,2.3607757091522217,20.308961868286133,8.50007438659668,4.863651275634766,-1.1021137237548828,12.261613845825195
ev_001680,6.985675811767578,3.4820265769958496,2.7846391201019287,7.600096225738525,3.2968060970306396,6.75177001953125,-0.6144204139709473,0.18522047996520996,-3.9671308994293213,-4.396329879760742
ev_001681,0.013047815300524235,4.963935852050781,6.712407112121582,0.013047815300524235,4.963935852050781,6.712407112121582,0.0,0.0,0.0,0.0
ev_001682,3.5832340717315674,3.153564691543579,4.147914409637451,1.7784690856933594,3.3826138973236084,4.350866317749023,1.804764986038208,-0.2290492057800293,-0.20295190811157227,1.3727636337280273
ev_001683,19.00368309020996,4.58575439453125,15.838443756103516,19.00368309020996,4.58575439453125,15.838443756103516,0.0,0.0,0.0,0.0
ev_001684,6.020510673522949,0.9426547884941101,6.314185619354248,5.289422035217285,3.9883599281311035,3.9311084747314453,0.7310886383056641,-3.0457050800323486,2.3830771446228027,0.06846046447753906
ev_001685,4.901923656463623,4.649283409118652,25.634929656982422,4.901923656463623,4.649283409118652,25.634929656982422,0.0,0.0,0.0,0.0
ev_001686,7.828563690185547,2.1389734745025635,1.2328977584838867,7.828563690185547,2.1389734745025635,1.2328977584838867,0.0,0.0,0.0,0.0
ev_001687,6.697582244873047,8.74404239654541,27.463285446166992,7.0460662841796875,1.7020022869110107,18.366104125976562,-0.3484840393066406,7.04203987121582,9.09718132019043,15.79073715209961
ev_001688,11.368264198303223,1.3868515491485596,19.714994430541992,11.368264198303223,1.3868515491485596,19.714994430541992,0.0,0.0,0.0,0.0
ev_001689,13.119335174560547,0.19862394034862518,28.443613052368164,13.119335174560547,0.19862394034862518,28.443613052368164,0.0,0.0,0.0,0.0
ev_001690,10.044268608093262,1.2776435613632202,15.739953994750977,14.150874137878418,8.017545700073242,1.9926033020019531,-4.106605529785156,-6.739902019500732,13.747350692749023,2.9008445739746094
ev_001691,2.857642889022827,9.2386474609375,4.2670674324035645,6.097144603729248,1.9427462816238403,7.867915153503418,-3.239501714706421,7.295901298522949,-3.6008477210998535,0.4555511474609375
ev_001692,9.904940605163574,1.7579199075698853,29.30937957763672,9.904940605163574,1.7579199075698853,29.30937957763672,0.0,0.0,0.0,0.0
ev_001693,0.3717062771320343,9.800477981567383,4.110307216644287,0.3717062771320343,9.800477981567383,4.110307216644287,0.0,0.0,0.0,0.0
ev_001694,0.2991155982017517,10.543744087219238,27.688264846801758,0.2991155982017517,10.543744087219238,27.688264846801758,0.0,0.0,0.0,0.0
ev_001695,3.294473886489868,4.602595329284668,3.3352880477905273,3.294473886489868,4.602595329284668,3.3352880477905273,0.0,0.0,0.0,0.0
ev_001696,4.309123516082764,2.2059860229492188,0.727803647518158,19.309123992919922,2.2059860229492188,89.2721939086914,-15.0,0.0,-88.54438781738281,-103.54439544677734
ev_001697,41.36699676513672,5.525299549102783,117.90885925292969,4.485576629638672,1.9101725816726685,2.5726654529571533,36.88142013549805,3.6151270866394043,115.33619689941406,155.83273315429688
ev_001698,4.378256320953369,0.42985597252845764,7.743370056152344,4.237857341766357,0.42985597252845764,10.079100608825684,0.14039897918701172,0.0,-2.33573055267334,-2.195331573486328
ev_001699,15.120606422424316,0.17033587396144867,18.0706844329834,0.12060657888650894,0.17033587396144867,18.0706844329834,15.0,0.0,0.0,14.999998092651367
ev_001700,7.5681304931640625,0.9192537665367126,20.111494064331055,3.8780629634857178,5.260347366333008,14.25760269165039,3.6900675296783447,-4.34109354019165,5.853891372680664,5.202863693237305
ev_001701,5.432213306427002,7.956851959228516,24.12954330444336,4.94333028793335,4.024630069732666,17.368091583251953,0.48888301849365234,3.9322218894958496,6.761451721191406,11.18255615234375
ev_001702,3.58906888961792,1.729722261428833,10.320878028869629,3.1001858711242676,1.729722261428833,3.5594253540039062,0.48888301849365234,0.0,6.761452674865723,7.250335693359375
ev_001703,9.933701515197754,0.6651312112808228,40.50712203979492,9.933701515197754,0.6651312112808228,40.50712203979492,0.0,0.0,0.0,0.0
ev_001704,3.006405830383301,0.46180984377861023,13.176689147949219,3.006405830383301,0.46180984377861023,13.176689147949219,0.0,0.0,0.0,0.0
ev_001705,3.519087553024292,0.513036847114563,14.867043495178223,3.519087553024292,0.513036847114563,14.867043495178223,0.0,0.0,0.0,0.0
ev_001706,5.706686496734619,10.70960807800293,38.474884033203125,5.328390121459961,1.5980339050292969,11.88896369934082,0.3782963752746582,9.111574172973633,26.585920333862305,36.07579040527344
ev_001707,74.14604187011719,0.9717583656311035,4.130251407623291,74.14604187011719,0.9717583656311035,4.130251407623291,0.0,0.0,0.0,0.0
ev_001708,2.4903340339660645,8.693971633911133,11.891207695007324,3.342907667160034,1.2584991455078125,18.108793258666992,-0.8525736331939697,7.43547248840332,-6.217585563659668,0.3653106689453125
ev_001709,6.193819522857666,1.4561412334442139,47.13529968261719,6.193819522857666,1.4561412334442139,47.13529968261719,0.0,0.0,0.0,0.0
ev_001710,7.99799919128418,5.108595371246338,29.53458023071289,11.688066482543945,0.7675015330314636,26.51161003112793,-3.6900672912597656,4.341094017028809,3.022970199584961,3.6739959716796875
ev_001711,5.900687217712402,0.2175217866897583,7.192233562469482,5.423563003540039,2.7289154529571533,0.4110994040966034,0.4771242141723633,-2.5113935470581055,6.781134128570557,4.746864318847656
ev_001712,5.946086883544922,6.5118088722229,4.883924961090088,6.861789703369141,4.4828009605407715,13.382705688476562,-0.9157028198242188,2.029007911682129,-8.498781204223633,-7.385477066040039
ev_001713,7.144285202026367,4.01472282409668,10.92502212524414,5.932290554046631,7.609229564666748,4.074977874755859,1.2119946479797363,-3.5945067405700684,6.850044250488281,4.467533111572266
ev_001714,3.4887068271636963,5.524325370788574,6.521531105041504,3.4887068271636963,5.524325370788574,6.521531105041504,0.0,0.0,0.0,0.0
ev_001715,3.4125328063964844,0.4984477162361145,0.22136399149894714,3.4125328063964844,0.4984477162361145,0.22136399149894714,0.0,0.0,0.0,0.0
ev_001716,2.3622288703918457,2.68386173248291,12.950356483459473,2.1582210063934326,10.11933422088623,0.11395701766014099,0.20400786399841309,-7.43547248840332,12.83639907836914,5.604933738708496
ev_001717,8.283921241760254,4.063071250915527,41.76530456542969,8.283921241760254,4.063071250915527,18.572917938232422,0.0,0.0,23.192386627197266,23.192386627197266
ev_001718,4.469298839569092,8.252530097961426,10.230231285095215,4.832686901092529,9.77750301361084,0.3471401631832123,-0.3633880615234375,-1.524972915649414,9.88309097290039,7.9947309494018555
ev_001719,2.4222452640533447,0.8910033702850342,5.196613311767578,2.29675030708313,0.8910033702850342,2.0987703800201416,0.12549495697021484,0.0,3.0978429317474365,3.2233381271362305
ev_001720,6.470998287200928,2.754852294921875,0.5177456736564636,6.4604291915893555,1.2298797369003296,4.327828407287598,0.010569095611572266,1.5249725580215454,-3.8100826740264893,-2.2745399475097656
ev_001721,0.22989462316036224,0.006063633132725954,24.212329864501953,0.3702937066555023,0.006063633132725954,26.548059463500977,-0.14039908349514008,0.0,-2.3357295989990234,-2.4761295318603516
ev_001722,14.211782455444336,12.534113883972168,3.538111925125122,14.211782455444336,12.534113883972168,3.538111925125122,0.0,0.0,0.0,0.0
ev_001723,0.25069063901901245,3.9269347190856934,2.359959125518799,0.73957359790802,0.005286781582981348,9.121411323547363,-0.48888295888900757,3.9216480255126953,-6.7614521980285645,-3.3286876678466797
ev_001724,4.40619421005249,4.136094093322754,29.49226951599121,4.40619421005249,4.136094093322754,29.49226951599121,0.0,0.0,0.0,0.0
ev_001725,0.7589781284332275,5.948054790496826,2.221973180770874,0.8823719620704651,0.43098726868629456,8.623029708862305,-0.12339383363723755,5.5170674324035645,-6.401056289672852,-1.0073823928833008
ev_001726,1.376914143562317,5.826138496398926,14.809189796447754,1.013521671295166,2.2316319942474365,11.56096076965332,0.3633924722671509,3.5945065021514893,3.2482290267944336,7.206127166748047
ev_001727,6.4824137687683105,1.4611353874206543,27.79107093811035,8.517586708068848,1.4611353874206543,27.79107093811035,-2.035172939300537,0.0,0.0,-2.0351715087890625
ev_001728,2.2065188884735107,4.89361572265625,10.984542846679688,1.5348623991012573,11.120914459228516,4.0154571533203125,0.6716564893722534,-6.227298736572266,6.969085693359375,1.4134445190429688
ev_001729,2.3548431396484375,2.820047616958618,8.150935173034668,2.4803380966186523,5.227296829223633,1.083135962486267,-0.12549495697021484,-2.4072492122650146,7.067799091339111,4.535055160522461
ev_001730,2.993823766708374,0.15958185493946075,5.834924221038818,5.2023396492004395,1.068137526512146,17.889156341552734,-2.2085158824920654,-0.9085556864738464,-12.054231643676758,-15.171303749084473
ev_001731,4.530642986297607,4.883052349090576,23.750064849853516,4.16725492477417,3.3580801486968994,20.086456298828125,0.3633880615234375,1.5249722003936768,3.6636085510253906,5.551969528198242
ev_001732,4.8003621101379395,6.716513156890869,10.082796096801758,4.8003621101379395,6.716513156890869,10.082796096801758,0.0,0.0,0.0,0.0
ev_001733,8.809213638305664,8.100648880004883,0.9552998542785645,8.809213638305664,8.100648880004883,0.9552998542785645,0.0,0.0,0.0,0.0
ev_001734,3.9293134212493896,0.7391765117645264,7.033942699432373,0.4513639509677887,0.7391765117645264,5.020289897918701,3.477949380874634,0.0,2.013652801513672,5.491602420806885
ev_001735,3.074483633041382,8.127761840820312,6.398319721221924,7.371203899383545,6.3907470703125,6.398319721221924,-4.296720504760742,1.7370147705078125,0.0,-2.5597057342529297
ev_001736,0.5839043259620667,2.2527518272399902,14.173444747924805,0.5839043259620667,2.2527518272399902,14.173444747924805,0.0,0.0,0.0,0.0
ev_001737,2.6819756031036377,6.631994247436523,11.530064582824707,5.175748825073242,7.154482364654541,4.462907791137695,-2.4937732219696045,-0.5224881172180176,7.067156791687012,4.050895690917969
ev_001738,9.498226165771484,4.15383768081665,0.48836424946784973,11.084707260131836,4.15383768081665,3.1752452850341797,-1.5864810943603516,0.0,-2.6868810653686523,-4.273362159729004
ev_001739,1.50487220287323,4.675995826721191,20.327775955200195,1.50487220287323,5.606724262237549,20.327775955200195,0.0,-0.9307284355163574,0.0,-0.9307289123535156
ev_001740,0.30952489376068115,3.2538669109344482,10.073787689208984,11.619457244873047,13.912773132324219,3.933239221572876,-11.309932708740234,-10.658905982971191,6.1405487060546875,-15.828289985656738
ev_001741,0.6056042909622192,1.269053339958191,13.930500984191895,0.6056042909622192,1.269053339958191,13.930500984191895,0.0,0.0,0.0,0.0
ev_001742,8.241264343261719,2.6667075157165527,18.914831161499023,6.049140453338623,1.5458015203475952,10.416050910949707,2.1921238899230957,1.1209059953689575,8.498780250549316,11.811809539794922
ev_001743,4.8081135749816895,2.313490867614746,23.894054412841797,4.8081135749816895,2.313490867614746,23.894054412841797,0.0,0.0,0.0,0.0
ev_001744,1.0918956995010376,8.749117851257324,27.51984214782715,1.0918956995010376,8.749117851257324,27.51984214782715,0.0,0.0,0.0,0.0
ev_001745,0.5848225951194763,9.936317443847656,1.9592589139938354,0.5848225951194763,5.015902519226074,1.9592589139938354,0.0,4.920414924621582,0.0,4.920414924621582
ev_001746,7.685580730438232,2.191164255142212,18.919981002807617,7.685580730438232,2.191164255142212,18.919981002807617,0.0,0.0,0.0,0.0
ev_001747,4.952982425689697,0.24822326004505157,11.062932968139648,10.72146224975586,5.242980003356934,0.1695380061864853,-5.768479824066162,-4.994756698608398,10.89339542388916,0.1301593780517578
ev_001748,0.183192640542984,2.2437055110931396,11.966495513916016,1.6811364889144897,5.463893413543701,0.07440880686044693,-1.4979438781738281,-3.2201879024505615,11.89208698272705,7.173954486846924
ev_001749,1.1770795583724976,2.8542051315307617,24.597566604614258,1.1770795583724976,2.8542051315307617,24.597566604614258,0.0,0.0,0.0,0.0
ev_001750,2.738011360168457,2.816107749938965,15.041533470153809,2.597612142562866,0.2937106192111969,30.041534423828125,0.14039921760559082,2.522397041320801,-15.000000953674316,-12.337203979492188
ev_001751,10.109100341796875,0.09207051247358322,12.821660041809082,10.109100341796875,0.09207051247358322,12.821660041809082,0.0,0.0,0.0,0.0
ev_001752,1.6973398923873901,6.078852653503418,31.536649703979492,1.6973398923873901,6.078852653503418,31.536649703979492,0.0,0.0,0.0,0.0
ev_001753,2.6785426139831543,3.9344022274017334,3.833858013153076,8.916877746582031,2.161628246307373,10.099719047546387,-6.238335132598877,1.7727739810943604,-6.2658610343933105,-10.731424331665039
ev_001754,3.7811052799224854,0.3733966052532196,0.4598822295665741,3.7811052799224854,0.3733966052532196,0.4598822295665741,0.0,0.0,0.0,0.0
ev_001755,78.23363494873047,3.65421199798584,23.55499267578125,2.9596896171569824,0.18675370514392853,5.920348644256592,75.2739486694336,3.4674582481384277,17.6346435546875,96.37605285644531
ev_001756,3.942983627319336,0.938949465751648,7.078073978424072,9.243802070617676,0.9095439314842224,13.579293251037598,-5.30081844329834,0.029405534267425537,-6.501219272613525,-11.772632598876953
ev_001757,2.739164113998413,7.963440418243408,3.8702735900878906,3.48935604095459,2.4463729858398438,9.30384635925293,-0.7501919269561768,5.5170674324035645,-5.433572769165039,-0.6666975021362305
ev_001758,11.831230163574219,1.3931248188018799,21.073165893554688,11.831230163574219,1.3931248188018799,21.073165893554688,0.0,0.0,0.0,0.0
ev_001759,7.5906877517700195,0.9873745441436768,10.550642967224121,11.280755043029785,5.328468322753906,5.685025215148926,-3.6900672912597656,-4.341094017028809,4.865617752075195,-3.1655426025390625
ev_001760,2.1217098236083984,4.144656658172607,41.34346008300781,1.7051719427108765,4.588781833648682,26.343460083007812,0.416537880897522,-0.4441251754760742,15.0,14.972412109375
ev_001761,2.536916971206665,3.3119349479675293,31.860191345214844,2.536916971206665,3.3119349479675293,31.860191345214844,0.0,0.0,0.0,0.0
ev_001762,9.15431022644043,4.706254959106445,5.209988117218018,9.15431022644043,4.706254959106445,5.209988117218018,0.0,0.0,0.0,0.0
ev_001763,0.3795287609100342,7.202193737030029,9.768189430236816,0.3795287609100342,7.202193737030029,9.768189430236816,0.0,0.0,0.0,0.0
ev_001764,9.86063289642334,3.982654333114624,17.435880661010742,9.86063289642334,3.982654333114624,17.435880661010742,0.0,0.0,0.0,0.0
ev_001765,3.243191957473755,0.4070931375026703,0.734279453754425,3.243191957473755,0.4070931375026703,0.734279453754425,0.0,0.0,0.0,0.0
ev_001766,2.0575077533721924,2.2463181018829346,4.717789649963379,2.0575077533721924,2.2463181018829346,4.717789649963379,0.0,0.0,0.0,0.0
ev_001767,8.104531288146973,8.395960807800293,32.65747833251953,8.608620643615723,8.918448448181152,28.69034767150879,-0.50408935546875,-0.5224876403808594,3.967130661010742,2.9405555725097656
ev_001768,3.207895278930664,1.6421667337417603,14.136030197143555,3.207895278930664,1.6421667337417603,6.702816009521484,0.0,0.0,7.43321418762207,7.43321418762207
ev_001769,6.517021656036377,6.696225643157959,2.379390001296997,6.880414009094238,3.1017189025878906,12.620610237121582,-0.36339235305786133,3.5945067405700684,-10.241220474243164,-7.010106086730957
ev_001770,2.442167043685913,0.24720464646816254,10.204385757446289,2.9462568759918213,0.24720464646816254,4.795613765716553,-0.5040898323059082,0.0,5.408771991729736,4.90468168258667
ev_001771,5.08933162689209,0.40960144996643066,14.043695449829102,5.553271293640137,0.13743558526039124,14.043695449829102,-0.4639396667480469,0.27216586470603943,0.0,-0.1917724609375
ev_001772,0.6507324576377869,2.203281879425049,10.611949920654297,0.6507324576377869,2.203281879425049,10.611949920654297,0.0,0.0,0.0,0.0
ev_001773,3.3443613052368164,5.3003339767456055,1.258017659187317,3.3443613052368164,5.3003339767456055,1.258017659187317,0.0,0.0,0.0,0.0
ev_001774,12.837069511413574,2.280503988265991,19.279207229614258,16.527137756347656,6.621597766876221,13.425315856933594,-3.690068244934082,-4.341094017028809,5.853891372680664,-2.1772689819335938
ev_001775,1.4539545774459839,0.7095878720283508,80.4669418334961,1.4539545774459839,0.7095878720283508,80.4669418334961,0.0,0.0,0.0,0.0
ev_001776,1.668893814086914,3.3055379390716553,16.914112091064453,1.668893814086914,3.3055379390716553,16.914112091064453,0.0,0.0,0.0,0.0
ev_001777,1.9404851198196411,3.1151649951934814,2.7492527961730957,1.9404851198196411,3.1151649951934814,2.7492527961730957,0.0,0.0,0.0,0.0
ev_001778,6.24901819229126,0.08838546276092529,8.65672492980957,6.24901819229126,0.08838546276092529,8.65672492980957,0.0,0.0,0.0,0.0
ev_001779,4.885601043701172,0.47890058159828186,21.07638931274414,4.885601043701172,0.47890058159828186,21.07638931274414,0.0,0.0,0.0,0.0
ev_001780,0.255899041891098,4.50775671005249,20.062511444091797,0.255899041891098,4.50775671005249,20.062511444091797,0.0,0.0,0.0,0.0
ev_001781,2.0788447856903076,4.6868977546691895,27.63624382019043,2.582934617996216,5.209385871887207,23.669113159179688,-0.5040898323059082,-0.5224881172180176,3.967130661010742,2.9405517578125
ev_001782,2.250119209289551,4.0007243156433105,20.04383659362793,2.109720230102539,0.890906035900116,17.361513137817383,0.14039897918701172,3.10981822013855,2.682323455810547,5.9325408935546875
ev_001783,2.834777355194092,3.0435245037078857,6.868098258972168,4.281282424926758,0.5509819388389587,6.868098258972168,-1.446505069732666,2.4925425052642822,0.0,1.046036720275879
ev_001784,3.884920597076416,2.2852699756622314,15.36404800415039,1.8424277305603027,1.713845133781433,0.561150848865509,2.0424928665161133,0.5714248418807983,14.802897453308105,17.41681480407715
ev_001785,6.3352131843566895,3.788778305053711,9.975664138793945,4.974719524383545,3.41133189201355,11.077777862548828,1.3604936599731445,0.37744641304016113,-1.1021137237548828,0.6358261108398438
ev_001786,6.4581475257873535,3.980274200439453,7.723127841949463,5.969264507293701,2.2475435733795166,18.005455017089844,0.48888301849365234,1.7327306270599365,-10.282327651977539,-8.060714721679688
ev_001787,2.6534125804901123,7.144388675689697,8.614279747009277,2.5279176235198975,4.7371392250061035,5.516436576843262,0.12549495697021484,2.4072494506835938,3.0978431701660156,5.630587577819824
ev_001788,3.208360433578491,0.9142487645149231,6.1692094802856445,3.208360433578491,15.9142484664917,6.1692094802856445,0.0,-15.0,0.0,-14.999998092651367
ev_001789,2.0155110359191895,5.129018783569336,12.947710037231445,1.8751119375228882,2.019200325012207,10.611979484558105,0.14039909839630127,3.109818458557129,2.33573055267334,5.585947036743164
ev_001790,5.316089630126953,5.233891010284424,7.885027885437012,5.316089630126953,5.233891010284424,7.885027885437012,0.0,0.0,0.0,0.0
ev_001791,2.7127840518951416,0.2233334481716156,0.6778865456581116,2.7127840518951416,0.2233334481716156,0.6778865456581116,0.0,0.0,0.0,0.0
ev_001792,7.857118129730225,1.4559564590454102,16.334148406982422,15.842220306396484,10.44505500793457,1.3341485261917114,-7.98510217666626,-8.98909854888916,15.0,-1.9742012023925781
ev_001793,9.900742530822754,0.7691776156425476,30.461101531982422,2.6930885314941406,2.6532862186431885,14.46812915802002,7.207653999328613,-1.884108543395996,15.992972373962402,21.316516876220703
ev_001794,3.592881441116333,1.7041066884994507,2.7552337646484375,3.592881441116333,1.7041066884994507,2.7552337646484375,0.0,0.0,0.0,0.0
ev_001795,4.988564968109131,8.515495300292969,24.104631423950195,5.84113883972168,1.0800230503082275,3.9596824645996094,-0.8525738716125488,7.43547248840332,20.144948959350586,26.727848052978516
ev_001796,1.6820766925811768,4.332088470458984,69.54387664794922,1.6820766925811768,4.332088470458984,69.54387664794922,0.0,0.0,0.0,0.0
ev_001797,6.6183600425720215,5.4865570068359375,6.706607818603516,6.254971981048584,6.5530571937561035,14.026122093200684,0.3633880615234375,-1.066500186920166,-7.319514274597168,-8.022626876831055
ev_001798,2.897116184234619,3.50081205368042,18.778079986572266,3.7645938396453857,1.4533517360687256,11.408820152282715,-0.8674776554107666,2.0474603176116943,7.369259834289551,8.54924201965332
ev_001799,23.722551345825195,0.9406481981277466,18.742151260375977,5.867647171020508,0.9406481981277466,11.257847785949707,17.854904174804688,0.0,7.4843034744262695,25.33920669555664
ev_001800,4.285022258758545,2.264221429824829,8.316375732421875,4.285022258758545,2.264221429824829,8.316375732421875,0.0,0.0,0.0,0.0
ev_001801,18.416126251220703,0.04103940352797508,19.634613037109375,0.7608416080474854,3.799926280975342,4.634612083435059,17.655284881591797,-3.7588868141174316,15.000000953674316,28.89639663696289
ev_001802,5.401071548461914,1.3527661561965942,2.395613193511963,5.401071548461914,1.3527661561965942,2.395613193511963,0.0,0.0,0.0,0.0
ev_001803,10.4052734375,2.8879897594451904,26.558603286743164,1.5581058263778687,2.8879897594451904,16.822994232177734,8.84716796875,0.0,9.73560905456543,18.582778930664062
ev_001804,1.239799976348877,4.0176262855529785,12.291351318359375,1.239799976348877,4.0176262855529785,12.291351318359375,0.0,0.0,0.0,0.0
ev_001805,52.121761322021484,2.0096640586853027,18.6404972076416,52.121761322021484,2.0096640586853027,18.6404972076416,0.0,0.0,0.0,0.0
ev_001806,2.043494939804077,0.2862603962421417,2.004410982131958,2.043494939804077,0.2862603962421417,2.004410982131958,0.0,0.0,0.0,0.0
ev_001807,1.898987889289856,2.854335069656372,15.816842079162598,2.0393869876861572,5.964153289794922,1.9398716688156128,-0.14039909839630127,-3.10981822013855,13.876970291137695,10.626753807067871
ev_001808,56.704715728759766,1.1421502828598022,99.99213409423828,5.533387660980225,2.6988155841827393,20.007863998413086,51.171329498291016,-1.556665301322937,79.98426818847656,129.59893798828125
ev_001809,7.03279447555542,2.9040496349334717,9.94176959991455,5.775081634521484,15.163763999938965,3.4405500888824463,1.2577128410339355,-12.259714126586914,6.501219749450684,-4.500783920288086
ev_001810,0.5148731470108032,3.368900775909424,14.78079605102539,0.5148731470108032,3.368900775909424,14.78079605102539,0.0,0.0,0.0,0.0
ev_001811,1.9722148180007935,5.317983150482178,30.8049259185791,1.9722148180007935,5.317983150482178,30.8049259185791,0.0,0.0,0.0,0.0
ev_001812,4.374118804931641,7.088968276977539,3.443769931793213,1.7480019330978394,4.342328071594238,5.7795000076293945,2.6261167526245117,2.746640205383301,-2.3357300758361816,3.0370264053344727
ev_001813,0.7323917746543884,0.40906834602355957,16.936260223388672,0.7323917746543884,0.40906834602355957,4.8820271492004395,0.0,0.0,12.05423355102539,12.05423355102539
ev_001814,6.264968395233154,7.449422836303711,0.1782384067773819,5.412395000457764,0.11510477215051651,12.626090049743652,0.8525733947753906,7.334318161010742,-12.447851181030273,-4.260958671569824
ev_001815,2.1644933223724365,3.574415922164917,33.324562072753906,2.2899882793426514,1.167166829109192,30.226720809936523,-0.12549495697021484,2.4072489738464355,3.097841262817383,5.379596710205078
ev_001816,1.729801058769226,0.5655924677848816,18.191781997680664,1.3664131164550781,2.0905649662017822,14.52817153930664,0.36338794231414795,-1.5249724388122559,3.6636104583740234,2.502025604248047
ev_001817,2.013570547103882,2.2221601009368896,0.830981433391571,1.0524591207504272,11.173323631286621,1.9330952167510986,0.9611114263534546,-8.951163291931152,-1.1021137237548828,-9.092164993286133
ev_001818,6.989400386810303,11.802507400512695,122.58900451660156,6.989400386810303,11.802507400512695,122.58900451660156,0.0,0.0,0.0,0.0
ev_001819,73.08656311035156,5.203815937042236,10.977432250976562,73.08656311035156,5.203815937042236,10.977432250976562,0.0,0.0,0.0,0.0
ev_001820,5.863765716552734,0.1316131353378296,7.980943202972412,5.863765716552734,0.1316131353378296,7.980943202972412,0.0,0.0,0.0,0.0
ev_001821,1.0072083473205566,4.880954742431641,9.094839096069336,1.0072083473205566,9.245392799377441,9.094839096069336,0.0,-4.364438056945801,0.0,-4.364439010620117
ev_001822,6.5915350914001465,7.040372848510742,5.458183765411377,6.5915350914001465,7.040372848510742,5.458183765411377,0.0,0.0,0.0,0.0
ev_001823,0.3316938579082489,9.700998306274414,0.2114938199520111,0.6950863003730774,6.106491565704346,14.788506507873535,-0.3633924424648285,3.5945067405700684,-14.57701301574707,-11.345898628234863
ev_001824,4.465724945068359,3.9533822536468506,24.45831871032715,8.342151641845703,2.8324761390686035,15.959538459777832,-3.8764266967773438,1.120906114578247,8.498780250549316,5.743259429931641
ev_001825,8.012290000915527,2.0276992321014404,12.763039588928223,8.012290000915527,2.0276992321014404,12.763039588928223,0.0,0.0,0.0,0.0
ev_001826,4.6978020668029785,1.5428342819213867,4.432018280029297,4.6978020668029785,1.5428342819213867,4.432018280029297,0.0,0.0,0.0,0.0
ev_001827,10.60839557647705,3.1892497539520264,9.158907890319824,8.050561904907227,8.14334487915039,4.446535110473633,2.557833671569824,-4.954094886779785,4.712372779846191,2.316112518310547
ev_001828,4.4661078453063965,0.07010725885629654,4.565171241760254,4.591602802276611,1.6274675130844116,7.6630144119262695,-0.12549495697021484,-1.557360291481018,-3.0978431701660156,-4.780697822570801
ev_001829,6.28952169418335,4.5253167152404785,11.959610939025879,6.28952169418335,4.5253167152404785,11.959610939025879,0.0,0.0,0.0,0.0
ev_001830,12.44919204711914,10.067910194396973,0.4078890085220337,12.44919204711914,10.067910194396973,0.4078890085220337,0.0,0.0,0.0,0.0
ev_001831,0.7814618349075317,3.384671688079834,3.887601137161255,0.7814618349075317,3.384671688079834,3.887601137161255,0.0,0.0,0.0,0.0
ev_001832,1.7707082033157349,0.5601255297660828,1.97171950340271,1.7707082033157349,0.5601255297660828,1.97171950340271,0.0,0.0,0.0,0.0
ev_001833,14.386198043823242,5.870405197143555,0.6492210626602173,9.121808052062988,5.870405197143555,3.4573843479156494,5.264389991760254,0.0,-2.8081631660461426,2.456226348876953
ev_001834,6.033235549926758,2.202942371368408,30.45853042602539,5.892836570739746,5.312760829925537,15.45853042602539,0.14039897918701172,-3.109818458557129,15.0,12.030582427978516
ev_001835,0.2838381826877594,1.1594057083129883,5.847672462463379,0.2838381826877594,1.1594057083129883,5.847672462463379,0.0,0.0,0.0,0.0
ev_001836,0.16057267785072327,7.582083225250244,0.19839584827423096,0.16057267785072327,7.582083225250244,0.19839584827423096,0.0,0.0,0.0,0.0
ev_001837,1.5148354768753052,4.978595733642578,15.721330642700195,1.8782234191894531,3.4536232948303223,12.057721138000488,-0.36338794231414795,1.5249724388122559,3.663609504699707,4.825193405151367
ev_001838,6.245290279388428,0.48765918612480164,22.505537033081055,7.328402996063232,0.48765918612480164,7.505537033081055,-1.0831127166748047,0.0,15.0,13.916888236999512
ev_001839,6.297712802886963,0.29398730397224426,2.461982250213623,4.609678745269775,14.10759449005127,2.461982250213623,1.6880340576171875,-13.813607215881348,0.0,-12.125574111938477
ev_001840,3.2945051193237305,1.1770514249801636,31.828048706054688,1.1023813486099243,0.05614548549056053,24.051849365234375,2.1921238899230957,1.1209059953689575,7.7761993408203125,11.089229583740234
ev_001841,8.232061386108398,3.113532304763794,8.627662658691406,3.330353021621704,6.223350524902344,6.24888277053833,4.901708602905273,-3.10981822013855,2.378779888153076,4.1706695556640625
ev_001842,6.476775646209717,2.073112726211548,10.467530250549316,6.476775646209717,2.073112726211548,10.467530250549316,0.0,0.0,0.0,0.0
ev_001843,14.332880020141602,0.2369149923324585,2.0348777770996094,14.332880020141602,0.2369149923324585,2.0348777770996094,0.0,0.0,0.0,0.0
ev_001844,1.4921109676361084,0.28194287419319153,32.32963943481445,0.700012743473053,0.8389630913734436,25.374446868896484,0.7920982241630554,-0.5570201873779297,6.955192565917969,7.190271377563477
ev_001845,2.0627171993255615,6.7307515144348145,3.599046230316162,2.0627171993255615,6.7307515144348145,3.599046230316162,0.0,0.0,0.0,0.0
ev_001846,1.0438346862792969,2.838468313217163,4.922209739685059,5.315251350402832,5.924159049987793,13.767857551574707,-4.271416664123535,-3.08569073677063,-8.845647811889648,-16.202754974365234
ev_001847,9.578577041625977,0.8145179748535156,15.942280769348145,3.229299545288086,1.9354239702224731,7.443500518798828,6.349277496337891,-1.1209059953689575,8.498780250549316,13.727152824401855
ev_001848,6.122284889221191,1.6964527368545532,28.345096588134766,10.408547401428223,1.0962477922439575,17.9901123046875,-4.286262512207031,0.6002049446105957,10.354984283447266,6.668926239013672
ev_001849,5.37410831451416,1.1206811666488647,26.086427688598633,5.37410831451416,1.1206811666488647,26.086427688598633,0.0,0.0,0.0,0.0
ev_001850,1.4178844690322876,2.876512050628662,29.19200325012207,0.5504066348075867,0.8290517926216125,20.676424026489258,0.8674778342247009,2.0474603176116943,8.515579223632812,11.430519104003906
ev_001851,0.7468140721321106,3.1356074810028076,4.466480731964111,0.7468140721321106,3.1356074810028076,4.466480731964111,0.0,0.0,0.0,0.0
ev_001852,6.525261878967285,6.426829814910889,19.85822868347168,5.295051097869873,6.426829814910889,14.593838691711426,1.230210781097412,0.0,5.264389991760254,6.494598388671875
ev_001853,8.822011947631836,4.925436019897461,27.117597579956055,8.822011947631836,4.925436019897461,27.117597579956055,0.0,0.0,0.0,0.0
ev_001854,62.45227813720703,6.817756175994873,90.12322998046875,2.452277421951294,0.6177158355712891,17.637256622314453,60.0,6.200040340423584,72.48597717285156,138.68601989746094
ev_001855,0.3842962682247162,5.8127875328063965,22.315282821655273,0.3842962682247162,5.8127875328063965,22.315282821655273,0.0,0.0,0.0,0.0
ev_001856,1.3801288604736328,4.799346446990967,5.122741222381592,1.3801288604736328,4.799346446990967,5.122741222381592,0.0,0.0,0.0,0.0
ev_001857,8.838580131530762,5.427737712860107,28.019262313842773,8.838580131530762,5.427737712860107,28.019262313842773,0.0,0.0,0.0,0.0
ev_001858,3.839510917663574,1.4344518184661865,14.192425727844238,1.914060115814209,1.4344518184661865,0.3183932304382324,1.9254508018493652,0.0,13.874032974243164,15.799483299255371
ev_001859,2.923712730407715,5.728977680206299,20.68731117248535,2.923712730407715,5.728977680206299,20.68731117248535,0.0,0.0,0.0,0.0
ev_001860,9.190396308898926,1.9004806280136108,19.346590042114258,9.190396308898926,1.9004806280136108,19.346590042114258,0.0,0.0,0.0,0.0
ev_001861,2.4868760108947754,7.543127059936523,9.596835136413574,1.9830844402313232,0.8388020992279053,13.379071235656738,0.5037915706634521,6.704324722290039,-3.782236099243164,3.4258804321289062
ev_001862,1.9675902128219604,9.495699882507324,11.317768096923828,2.1079893112182617,6.3858819007873535,26.317768096923828,-0.14039909839630127,3.1098179817199707,-15.0,-12.03057861328125
ev_001863,5.492897033691406,0.32125231623649597,4.592002868652344,8.514130592346191,0.1446145474910736,45.320587158203125,-3.021233558654785,0.17663776874542236,-40.72858428955078,-43.57318115234375
ev_001864,0.8291987776756287,6.343423843383789,14.390670776367188,0.9695978164672852,3.2336056232452393,12.054941177368164,-0.1403990387916565,3.10981822013855,2.3357295989990234,5.305149078369141
ev_001865,5.580784320831299,6.087388515472412,23.25841522216797,5.997322082519531,1.1332931518554688,15.725523948669434,-0.4165377616882324,4.954095363616943,7.532891273498535,12.070449829101562
ev_001866,3.7597923278808594,4.0158233642578125,16.553489685058594,3.7597923278808594,4.0158233642578125,16.553489685058594,0.0,0.0,0.0,0.0
ev_001867,4.88956356048584,6.893039226531982,23.679576873779297,4.88956356048584,6.893039226531982,23.679576873779297,0.0,0.0,0.0,0.0
ev_001868,1.8390456438064575,9.625386238098145,13.004579544067383,2.7065234184265137,0.09140302240848541,5.373839378356934,-0.8674777746200562,9.53398323059082,7.630740165710449,16.297245025634766
ev_001869,9.809404373168945,3.9568560123443604,25.471269607543945,9.809404373168945,3.9568560123443604,25.471269607543945,0.0,0.0,0.0,0.0
ev_001870,3.0150866508483887,4.676834583282471,6.423411846160889,3.0150866508483887,4.676834583282471,6.423411846160889,0.0,0.0,0.0,0.0
ev_001871,5.195971965789795,10.441587448120117,1.5789868831634521,7.611904144287109,1.8499555587768555,10.077767372131348,-2.4159321784973145,8.591631889343262,-8.498780250549316,-2.323080062866211
ev_001872,4.64249849319458,3.624891996383667,12.556344985961914,5.005886554718018,2.099919557571411,8.892735481262207,-0.3633880615234375,1.5249724388122559,3.663609504699707,4.825192451477051
ev_001873,4.08531379699707,0.2950078248977661,2.2613577842712402,2.1329102516174316,0.2950078248977661,1.4022517204284668,1.9524035453796387,0.0,0.8591060638427734,2.811509609222412
ev_001874,7.399113178253174,8.467000007629395,38.13905334472656,7.887996196746826,4.534778594970703,31.377601623535156,-0.48888301849365234,3.9322214126586914,6.761451721191406,10.204788208007812
ev_001875,6.621542930603027,8.697470664978027,25.5274715423584,7.11042594909668,12.629692077636719,3.9935169219970703,-0.48888301849365234,-3.9322214126586914,21.533954620361328,17.112850189208984
ev_001876,2.8458712100982666,6.279209613800049,12.438630104064941,10.481554985046387,7.400115489959717,2.5613696575164795,-7.635684013366699,-1.120905876159668,9.877260208129883,1.1206722259521484
ev_001877,0.4263618290424347,10.808773040771484,24.829730987548828,2.362048387527466,4.413605690002441,11.642946243286133,-1.9356865882873535,6.395167350769043,13.186784744262695,17.646265029907227
ev_001878,9.045845031738281,7.890698432922363,14.40430736541748,9.045845031738281,7.890698432922363,14.40430736541748,0.0,0.0,0.0,0.0
ev_001879,5.626031398773193,2.57645845413208,38.07128143310547,5.121941566467285,2.0539705753326416,23.0712833404541,0.5040898323059082,0.5224878787994385,14.999998092651367,16.02657699584961
ev_001880,4.213535308837891,3.14084792137146,2.6534993648529053,4.213535308837891,3.14084792137146,2.6534993648529053,0.0,0.0,0.0,0.0
ev_001881,3.4688844680786133,0.7913307547569275,19.55562973022461,3.105496406555176,0.7336418032646179,15.892021179199219,0.3633880615234375,0.05768895149230957,3.6636085510253906,4.084686279296875
ev_001882,0.8851682543754578,0.048295725136995316,0.727264940738678,0.8851682543754578,0.048295725136995316,0.727264940738678,0.0,0.0,0.0,0.0
ev_001883,10.749938011169434,6.962470054626465,34.07000732421875,10.749938011169434,6.962470054626465,34.07000732421875,0.0,0.0,0.0,0.0
ev_001884,8.43437385559082,1.3462985754013062,27.372798919677734,8.43437385559082,1.3462985754013062,27.372798919677734,0.0,0.0,0.0,0.0
ev_001885,2.1359469890594482,3.9100468158721924,5.0263214111328125,2.1359469890594482,3.9100468158721924,5.0263214111328125,0.0,0.0,0.0,0.0
ev_001886,4.2156195640563965,6.158942699432373,0.3607476055622101,4.2156195640563965,6.158942699432373,0.3607476055622101,0.0,0.0,0.0,0.0
ev_001887,5.894680976867676,3.0166304111480713,14.038154602050781,8.120521545410156,0.8243353962898254,0.961845874786377,-2.2258405685424805,2.1922950744628906,13.076309204101562,13.042764663696289
ev_001888,10.044745445251465,5.284918785095215,35.24045944213867,1.5203052759170532,4.762430667877197,19.247488021850586,8.524439811706543,0.5224881172180176,15.992971420288086,25.039897918701172
ev_001889,65.21446990966797,7.903174877166748,22.18271827697754,65.21446990966797,7.903174877166748,22.18271827697754,0.0,0.0,0.0,0.0
ev_001890,1.2085314989089966,0.7558189630508423,12.856929779052734,1.2085314989089966,0.7558189630508423,12.856929779052734,0.0,0.0,0.0,0.0
ev_001891,0.27393248677253723,4.325494766235352,22.02887725830078,0.27393248677253723,4.325494766235352,22.02887725830078,0.0,0.0,0.0,0.0
ev_001892,4.240931987762451,3.9485011100769043,40.2803840637207,4.240931987762451,3.9485011100769043,40.2803840637207,0.0,0.0,0.0,0.0
ev_001893,6.035245418548584,0.005877015180885792,32.927032470703125,6.035245418548584,0.005877015180885792,32.927032470703125,0.0,0.0,0.0,0.0
ev_001894,0.5558156371116638,3.0123066902160645,17.629135131835938,0.2806524336338043,0.919914960861206,2.629135847091675,0.2751632034778595,2.0923917293548584,14.999999046325684,17.3675537109375
ev_001895,1.3105745315551758,13.183856964111328,15.464733123779297,1.3105745315551758,13.183856964111328,15.464733123779297,0.0,0.0,0.0,0.0
ev_001896,7.07998514175415,0.7005366086959839,4.839656829833984,10.798178672790527,1.2230243682861328,8.806787490844727,-3.718193531036377,-0.5224877595901489,-3.967130661010742,-8.207813262939453
ev_001897,8.515984535217285,7.005105972290039,31.403575897216797,5.4910430908203125,2.550396680831909,20.67499351501465,3.0249414443969727,4.454709053039551,10.728582382202148,18.208232879638672
ev_001898,7.628533840179443,1.6433480978012085,25.386919021606445,6.194836139678955,0.38922762870788574,23.41750144958496,1.4336977005004883,1.2541204690933228,1.9694175720214844,4.657238006591797
ev_001899,5.527734279632568,3.871854782104492,6.944398880004883,0.5293811559677124,8.076671600341797,3.0071675777435303,4.998353004455566,-4.204816818237305,3.9372313022613525,4.730768203735352
ev_001900,3.6541354656219482,3.7286906242370605,5.760750770568848,3.6541354656219482,3.7286906242370605,5.760750770568848,0.0,0.0,0.0,0.0
ev_001901,12.62791633605957,0.1047234982252121,3.501250982284546,2.876173973083496,0.627211332321167,7.531618118286133,9.751742362976074,-0.5224878191947937,-4.030366897583008,5.198886871337891
ev_001902,8.391595840454102,2.7171971797943115,18.897300720214844,8.391595840454102,2.7171971797943115,18.897300720214844,0.0,0.0,0.0,0.0
ev_001903,7.120951175689697,8.416687965393066,31.51980209350586,7.610132694244385,2.7423460483551025,5.962790489196777,-0.4891815185546875,5.674342155456543,25.557010650634766,30.742172241210938
ev_001904,8.571720123291016,4.383846282958984,6.416563987731934,4.930335998535156,1.163658618927002,14.0198974609375,3.6413841247558594,3.2201876640319824,-7.603333473205566,-0.74176025390625
ev_001905,7.353964805603027,2.1305606365203857,13.72021770477295,1.5854854583740234,2.7824416160583496,4.220755577087402,5.768479347229004,-0.6518809795379639,9.499462127685547,14.616060256958008
ev_001906,1.0806902647018433,9.663238525390625,35.344947814941406,1.2210893630981445,6.553420543670654,28.775409698486328,-0.14039909839630127,3.1098179817199707,6.569538116455078,9.538955688476562
ev_001907,12.709111213684082,0.8481695652008057,13.66535472869873,2.0665080547332764,0.7164946794509888,13.66535472869873,10.642602920532227,0.1316748857498169,0.0,10.77427864074707
ev_001908,2.0289063453674316,3.3079142570495605,14.00203800201416,1.8095718622207642,2.785426616668701,0.12488145381212234,0.21933448314666748,0.5224876403808594,13.877156257629395,14.618980407714844
ev_001909,6.999873638153076,2.5813872814178467,2.44189453125,6.495783805847168,2.2976436614990234,6.409025192260742,0.5040898323059082,0.28374361991882324,-3.967130661010742,-3.17929744720459
ev_001910,0.9626814126968384,7.958620548248291,23.43743896484375,0.9626814126968384,7.958620548248291,23.43743896484375,0.0,0.0,0.0,0.0
ev_001911,5.853039264678955,1.4823960065841675,36.325836181640625,6.216426849365234,0.042576588690280914,32.662227630615234,-0.3633875846862793,1.4398194551467896,3.6636085510253906,4.740039825439453
ev_001912,0.49089911580085754,4.149364948272705,2.4125030040740967,6.244470119476318,2.287696599960327,11.7181396484375,-5.753571033477783,1.861668348312378,-9.305636405944824,-13.197538375854492
ev_001913,3.847153902053833,0.5881354808807373,15.103564262390137,3.721658706665039,0.5881354808807373,17.31700897216797,0.12549519538879395,0.0,-2.213444709777832,-2.08795166015625
ev_001914,5.072733402252197,2.0792620182037354,13.835087776184082,5.072733402252197,2.0792620182037354,13.835087776184082,0.0,0.0,0.0,0.0
ev_001915,2.6161367893218994,5.1413774490356445,25.850961685180664,2.6161367893218994,5.1413774490356445,25.850961685180664,0.0,0.0,0.0,0.0
ev_001916,0.9000370502471924,0.007144035771489143,18.868629455566406,0.9000370502471924,0.007144035771489143,18.868629455566406,0.0,0.0,0.0,0.0
ev_001917,52.62508010864258,7.218709945678711,10.221193313598633,52.62508010864258,7.218709945678711,10.221193313598633,0.0,0.0,0.0,0.0
ev_001918,0.22854956984519958,1.3524171113967896,28.512243270874023,0.22854956984519958,1.3524171113967896,28.512243270874023,0.0,0.0,0.0,0.0
ev_001919,3.0616955757141113,5.960048198699951,1.6102232933044434,3.0616955757141113,5.960048198699951,1.6102232933044434,0.0,0.0,0.0,0.0
ev_001920,14.41562557220459,2.102199077606201,17.20119857788086,14.41562557220459,2.102199077606201,17.20119857788086,0.0,0.0,0.0,0.0
ev_001921,10.209480285644531,0.7958609461784363,3.2465853691101074,10.209480285644531,0.7958609461784363,3.2465853691101074,0.0,0.0,0.0,0.0
ev_001922,3.162050247192383,0.6825885772705078,23.682430267333984,3.162050247192383,0.6825885772705078,23.682430267333984,0.0,0.0,0.0,0.0
ev_001923,81.34835815429688,4.510064601898193,19.239957809448242,81.34835815429688,4.510064601898193,19.239957809448242,0.0,0.0,0.0,0.0
ev_001924,5.315396308898926,2.60992169380188,6.803117275238037,5.4557952880859375,0.4998965859413147,4.4673871994018555,-0.14039897918701172,2.11002516746521,2.3357300758361816,4.305356979370117
ev_001925,4.228016376495361,12.77001667022705,43.983394622802734,5.095494270324707,0.1825234442949295,8.385866165161133,-0.8674778938293457,12.587492942810059,35.59752655029297,47.31754684448242
ev_001926,11.308079719543457,6.4987006187438965,40.43305969238281,4.1811017990112305,2.6577348709106445,5.038204669952393,7.126977920532227,3.840965747833252,35.39485549926758,46.362796783447266
ev_001927,9.300149917602539,6.887890338897705,21.052135467529297,9.300149917602539,6.887890338897705,21.052135467529297,0.0,0.0,0.0,0.0
ev_001928,7.906788349151611,3.471458673477173,0.611085057258606,8.341057777404785,2.585577964782715,10.421784400939941,-0.43426942825317383,0.885880708694458,-9.810699462890625,-9.359086990356445
ev_001929,3.658902883529663,11.314631462097168,2.330211639404297,7.348970413208008,0.655725359916687,15.108762741088867,-3.6900675296783447,10.658905982971191,-12.77855110168457,-5.809713363647461
ev_001930,2.9562084674835205,3.2194817066192627,6.9427103996276855,3.0817034244537354,0.8122326731681824,10.040553092956543,-0.12549495697021484,2.4072489738464355,-3.0978426933288574,-0.8160886764526367
ev_001931,5.056259632110596,0.2863578796386719,10.289308547973633,7.751616954803467,2.2451601028442383,25.289308547973633,-2.695357322692871,-1.9588022232055664,-15.0,-19.65416145324707
ev_001932,5.526101112365723,2.75357985496521,11.80191421508789,6.030190944671631,2.2310919761657715,15.769044876098633,-0.5040898323059082,0.5224878787994385,-3.967130661010742,-3.94873046875
ev_001933,5.50546407699585,3.7068018913269043,28.878713607788086,5.645863056182861,0.5969834923744202,19.34659767150879,-0.14039897918701172,3.109818458557129,9.532115936279297,12.501537322998047
ev_001934,1.3521020412445068,0.2768276333808899,6.451230525970459,10.051440238952637,15.799315452575684,8.5487699508667,-8.69933795928955,-15.52248764038086,-2.0975394248962402,-26.319364547729492
ev_001935,6.056238174438477,6.976349830627441,23.229328155517578,6.056238174438477,6.976349830627441,23.229328155517578,0.0,0.0,0.0,0.0
ev_001936,7.42830228805542,4.006184101104736,4.585342884063721,7.42830228805542,4.006184101104736,4.585342884063721,0.0,0.0,0.0,0.0
ev_001937,1.2932486534118652,0.7835320830345154,9.886872291564941,1.2932486534118652,0.7835320830345154,9.886872291564941,0.0,0.0,0.0,0.0
ev_001938,5.857093811035156,0.7679121494293213,0.9838336110115051,5.857093811035156,0.7679121494293213,0.9838336110115051,0.0,0.0,0.0,0.0
ev_001939,29.70005226135254,7.093512535095215,30.500102996826172,14.700052261352539,3.4990060329437256,15.500103950500488,15.0,3.5945065021514893,14.999999046325684,33.59450912475586
ev_001940,3.9759726524353027,1.4147368669509888,23.924755096435547,3.9759726524353027,1.4147368669509888,23.924755096435547,0.0,0.0,0.0,0.0
ev_001941,1.883001685142517,0.6119329929351807,6.986027717590332,1.883001685142517,0.6119329929351807,6.986027717590332,0.0,0.0,0.0,0.0
ev_001942,4.7554779052734375,8.766438484191895,17.792402267456055,4.629982948303223,6.359189987182617,14.694559097290039,0.12549495697021484,2.4072484970092773,3.0978431701660156,5.630588531494141
ev_001943,0.17520545423030853,8.8583984375,15.109049797058105,3.9313998222351074,3.1535873413085938,14.116076469421387,-3.7561943531036377,5.704811096191406,0.9929733276367188,2.941591262817383
ev_001944,12.3394193649292,2.3637542724609375,17.74771499633789,12.3394193649292,2.3637542724609375,17.74771499633789,0.0,0.0,0.0,0.0
ev_001945,5.203469753265381,8.44810676574707,3.843520402908325,5.203469753265381,8.44810676574707,3.843520402908325,0.0,0.0,0.0,0.0
ev_001946,9.324287414550781,6.382521152496338,12.091160774230957,8.960894584655762,9.977027893066406,2.908839225769043,0.36339282989501953,-3.5945067405700684,9.182321548461914,5.951206207275391
ev_001947,0.876167356967926,1.8973100185394287,5.432491302490234,3.481229543685913,3.2354211807250977,5.432491302490234,-2.605062246322632,-1.338111162185669,0.0,-3.943173408508301
ev_001948,4.6876606941223145,3.6907405853271484,23.294296264648438,0.2602195143699646,1.2633546590805054,9.14623737335205,4.427441120147705,2.4273858070373535,14.148058891296387,21.002885818481445
ev_001949,10.944969177246094,4.885283470153809,44.29115295410156,3.1875529289245605,2.837822914123535,36.6604118347168,7.757416248321533,2.0474605560302734,7.630741119384766,17.435619354248047
ev_001950,3.316371202468872,0.4280344247817993,23.42638397216797,3.316371202468872,0.4280344247817993,23.42638397216797,0.0,0.0,0.0,0.0
ev_001951,8.84188461303711,4.451969623565674,2.255124807357788,1.7549629211425781,6.385894775390625,0.7395498752593994,7.086921691894531,-1.9339251518249512,1.5155749320983887,6.668571472167969
ev_001952,1.5542068481445312,3.1167638301849365,17.310049057006836,1.5542068481445312,3.1167638301849365,17.310049057006836,0.0,0.0,0.0,0.0
ev_001953,0.5654476284980774,0.3301461338996887,22.0734806060791,1.6485604047775269,0.3301461338996887,7.07348108291626,-1.0831127166748047,0.0,15.0,13.916886329650879
ev_001954,10.394362449645996,2.8364779949188232,31.94172477722168,1.1706891059875488,2.313990354537964,15.948752403259277,9.223672866821289,0.5224876403808594,15.992972373962402,25.739133834838867
ev_001955,1.1940594911575317,1.9095816612243652,29.019535064697266,1.1940594911575317,1.9095816612243652,29.019535064697266,0.0,0.0,0.0,0.0
ev_001956,2.0725815296173096,6.112128257751465,0.8477320671081543,5.550530910491943,1.5848431587219238,10.089799880981445,-3.477949380874634,4.527285099029541,-9.242067337036133,-8.192731857299805
ev_001957,2.2987232208251953,4.598938941955566,1.301095724105835,3.2916958332061768,10.689519882202148,2.9703211784362793,-0.9929726123809814,-6.090580940246582,-1.6692254543304443,-8.752778053283691
ev_001958,19.53205680847168,2.35019588470459,21.609289169311523,0.42545178532600403,6.944993019104004,15.84080982208252,19.106605529785156,-4.594797134399414,5.768479347229004,20.280284881591797
ev_001959,69.48883056640625,4.9601521492004395,12.107175827026367,69.48883056640625,4.9601521492004395,12.107175827026367,0.0,0.0,0.0,0.0
ev_001960,0.03446579724550247,1.5175251960754395,9.08250617980957,0.03446579724550247,1.5175251960754395,9.08250617980957,0.0,0.0,0.0,0.0
ev_001961,7.5921406745910645,3.7867512702941895,15.80117416381836,2.3477020263671875,1.3163400888442993,3.5361621379852295,5.244438648223877,2.4704113006591797,12.26501178741455,19.979862213134766
ev_001962,11.1380033493042,4.940658092498779,27.922401428222656,0.25948160886764526,1.2866406440734863,9.681878089904785,10.878521919250488,3.654017448425293,18.240524291992188,32.7730598449707
ev_001963,0.5734543800354004,1.5098392963409424,6.32573127746582,0.5734543800354004,1.5098392963409424,6.32573127746582,0.0,0.0,0.0,0.0
ev_001964,2.2334840297698975,3.3203775882720947,10.658696174621582,2.2334840297698975,3.3203775882720947,10.658696174621582,0.0,0.0,0.0,0.0
ev_001965,11.576754570007324,0.9281259179115295,33.49746322631836,11.576754570007324,0.9281259179115295,16.75017547607422,0.0,0.0,16.74728775024414,16.747285842895508
ev_001966,7.3380608558654785,8.252462387084961,12.434880256652832,7.3380608558654785,8.252462387084961,12.434880256652832,0.0,0.0,0.0,0.0
ev_001967,13.028843879699707,7.361678600311279,15.02479362487793,7.260364055633545,0.277700275182724,9.17090129852295,5.768479824066162,7.083978176116943,5.8538923263549805,18.706348419189453
ev_001968,3.1099092960357666,0.8365271091461182,4.428790092468262,4.102882385253906,5.291236400604248,4.543551445007324,-0.9929730892181396,-4.454709053039551,-0.1147613525390625,-5.562443733215332
ev_001969,1.121795892715454,1.282238245010376,28.889362335205078,17.114768981933594,3.172471046447754,27.89638900756836,-15.992973327636719,-1.890232801437378,0.9929733276367188,-16.89023208618164
ev_001970,2.617718458175659,7.242553234100342,37.411495208740234,2.4922235012054443,4.835304260253906,34.31365203857422,0.12549495697021484,2.4072489738464355,3.0978431701660156,5.630584716796875
ev_001971,3.382056951522827,2.7852816581726074,18.25856590270996,3.382056951522827,2.7852816581726074,18.25856590270996,0.0,0.0,0.0,0.0
ev_001972,0.6974054574966431,2.1081862449645996,3.553959608078003,0.6974054574966431,2.1081862449645996,3.553959608078003,0.0,0.0,0.0,0.0
ev_001973,2.9260919094085693,4.756101608276367,14.171875,2.9260919094085693,4.756101608276367,14.171875,0.0,0.0,0.0,0.0
ev_001974,2.9137771129608154,2.515061378479004,19.575550079345703,2.9137771129608154,2.515061378479004,19.575550079345703,0.0,0.0,0.0,0.0
ev_001975,6.664209842681885,1.3147261142730713,1.469976544380188,7.678216934204102,1.3147261142730713,1.469976544380188,-1.0140070915222168,0.0,0.0,-1.0140066146850586
ev_001976,0.9541105031967163,2.4896507263183594,17.84595489501953,4.310279369354248,2.4896507263183594,13.739350318908691,-3.356168746948242,0.0,4.10660457611084,0.7504367828369141
ev_001977,30.691524505615234,6.811779022216797,31.031925201416016,0.6915251612663269,0.6236929893493652,1.031925916671753,30.0,6.188086032867432,30.0,66.1880874633789
ev_001978,7.320261478424072,5.679937362670898,9.654662132263184,4.440610885620117,2.0723342895507812,3.611691951751709,2.879650592803955,3.607603073120117,6.042970180511475,12.530223846435547
ev_001979,5.366470813751221,0.7903633117675781,6.9817891120910645,7.441405773162842,10.08257007598877,15.480569839477539,-2.074934959411621,-9.292206764221191,-8.498781204223633,-19.865924835205078
ev_001980,3.0929653644561768,1.402021884918213,18.31865692138672,54.80260467529297,2.438943862915039,3.8078391551971436,-51.70964050292969,-1.0369219779968262,14.510817527770996,-38.235740661621094
ev_001981,3.882469654083252,3.3153083324432373,13.067011833190918,16.74653434753418,3.3153083324432373,1.30788254737854,-12.864065170288086,0.0,11.759129524230957,-1.1049346923828125
ev_001982,2.4066102504730225,4.158318042755127,4.450963497161865,5.778118133544922,2.438741445541382,9.83370590209961,-3.3715078830718994,1.7195765972137451,-5.382742404937744,-7.034673690795898
ev_001983,7.469363689422607,8.383313179016113,33.152767181396484,8.321937561035156,0.8187856078147888,21.1490478515625,-0.8525738716125488,7.56452751159668,12.003719329833984,18.71567153930664
ev_001984,6.1529927253723145,6.54787540435791,13.333288192749023,2.0463874340057373,0.722101092338562,17.43989372253418,4.106605529785156,5.825774192810059,-4.106605529785156,5.825775146484375
ev_001985,2.008906602859497,2.5413262844085693,33.130401611328125,0.1832171082496643,3.6622321605682373,26.62918472290039,1.8256895542144775,-1.120905876159668,6.501216888427734,7.205999374389648
ev_001986,4.669024467468262,4.08510160446167,25.574926376342773,5.032412052154541,2.560129165649414,21.91131591796875,-0.3633875846862793,1.5249724388122559,3.6636104583740234,4.8251953125
ev_001987,3.2808356285095215,0.6041141748428345,6.493828296661377,3.2808356285095215,0.6041141748428345,6.493828296661377,0.0,0.0,0.0,0.0
ev_001988,9.295710563659668,1.894646167755127,6.972523212432861,9.817705154418945,3.6544501781463623,2.701106071472168,-0.5219945907592773,-1.7598040103912354,4.271417140960693,1.9896183013916016
ev_001989,5.789436340332031,1.3164314031600952,9.543797492980957,5.789436340332031,1.3164314031600952,9.543797492980957,0.0,0.0,0.0,0.0
ev_001990,61.38030242919922,1.3458952903747559,42.79501724243164,2.8335444927215576,1.3458952903747559,1.9806464910507202,58.546756744384766,0.0,40.814369201660156,99.36112213134766
ev_001991,0.13915427029132843,1.7244457006454468,22.668073654174805,3.5509133338928223,2.616647958755493,27.778303146362305,-3.4117591381073,-0.8922022581100464,-5.1102294921875,-9.414192199707031
ev_001992,11.74708080291748,6.72471809387207,33.198543548583984,11.74708080291748,6.72471809387207,33.198543548583984,0.0,0.0,0.0,0.0
ev_001993,1.3000662326812744,4.1421613693237305,26.247283935546875,1.3000662326812744,4.1421613693237305,26.247283935546875,0.0,0.0,0.0,0.0
ev_001994,2.8684897422790527,1.7774966955184937,29.726905822753906,6.303438663482666,1.2550089359283447,13.733932495117188,-3.4349489212036133,0.5224877595901489,15.992973327636719,13.080513000488281
ev_001995,2.467132568359375,0.6244558691978455,26.340145111083984,2.467132568359375,0.6244558691978455,26.340145111083984,0.0,0.0,0.0,0.0
ev_001996,1.9503072500228882,5.243337154388428,6.078655242919922,1.8248121738433838,2.836087942123413,21.078655242919922,0.1254950761795044,2.4072492122650146,-15.0,-12.467255592346191
ev_001997,0.38473308086395264,1.9930514097213745,22.455453872680664,0.38473308086395264,1.9930514097213745,22.455453872680664,0.0,0.0,0.0,0.0
ev_001998,2.240324020385742,5.4509429931640625,9.344791412353516,2.0999248027801514,2.3411245346069336,11.680521965026855,0.14039921760559082,3.109818458557129,-2.33573055267334,0.9144878387451172
ev_001999,0.5250213742256165,1.05246901512146,14.001367568969727,0.5250213742256165,1.05246901512146,14.001367568969727,0.0,0.0,0.0,0.0
ev_002000,6.855841636657715,3.2030868530273438,0.4352124333381653,6.855841636657715,3.2030868530273438,0.4352124333381653,0.0,0.0,0.0,0.0
ev_002001,12.59377384185791,0.5334359407424927,9.454817771911621,12.59377384185791,0.5334359407424927,9.454817771911621,0.0,0.0,0.0,0.0
ev_002002,3.4284732341766357,1.0909579992294312,4.441934108734131,3.4284732341766357,1.0909579992294312,4.441934108734131,0.0,0.0,0.0,0.0
ev_002003,16.63359260559082,2.125441074371338,30.583322525024414,0.5585311055183411,1.0045350790023804,22.224605560302734,16.075061798095703,1.1209059953689575,8.35871696472168,25.5546817779541
ev_002004,9.992563247680664,7.910024642944336,44.709503173828125,10.341047286987305,0.8679846525192261,21.284303665161133,-0.3484840393066406,7.04203987121582,23.425199508666992,30.118755340576172
ev_002005,6.642316818237305,0.9003095030784607,21.877105712890625,6.7678117752075195,0.9257482290267944,18.77926254272461,-0.12549495697021484,-0.02543872594833374,3.0978431701660156,2.946908950805664
ev_002006,14.865960121154785,0.2930320203304291,18.72624969482422,14.865960121154785,0.2930320203304291,18.72624969482422,0.0,0.0,0.0,0.0
ev_002007,5.715016841888428,0.6887730956077576,29.146270751953125,5.043360233306885,0.25811052322387695,14.146269798278809,0.671656608581543,0.4306625723838806,15.000000953674316,16.102319717407227
ev_002008,4.713173866271973,1.5371180772781372,2.167102336883545,4.713173866271973,1.5371180772781372,2.167102336883545,0.0,0.0,0.0,0.0
ev_002009,3.1423380374908447,1.7790087461471558,15.674254417419434,0.9502143859863281,0.6581027507781982,9.17303466796875,2.1921236515045166,1.1209059953689575,6.501219749450684,9.814248085021973
ev_002010,3.343468189239502,4.96915864944458,0.492338627576828,1.8328765630722046,1.1281930208206177,14.01848030090332,1.5105916261672974,3.840965747833252,-13.526142120361328,-8.17458438873291
ev_002011,9.020866394042969,6.103760242462158,11.124563217163086,9.020866394042969,6.103760242462158,11.124563217163086,0.0,0.0,0.0,0.0
ev_002012,3.9250028133392334,0.44386574625968933,23.95001983642578,4.341540813446045,4.510229587554932,8.950019836425781,-0.4165380001068115,-4.06636381149292,15.0,10.517097473144531
ev_002013,0.005513027310371399,6.351433753967285,6.340097904205322,0.3578794002532959,2.756927490234375,5.820134162902832,-0.3523663878440857,3.59450626373291,0.5199637413024902,3.7621030807495117
ev_002014,4.823596477508545,0.7314992547035217,1.7131401300430298,4.94909143447876,1.6757497787475586,4.810983180999756,-0.12549495697021484,-0.9442505240440369,-3.0978431701660156,-4.167588710784912
ev_002015,9.719732284545898,1.0815812349319458,2.239144802093506,4.776177406311035,0.736875057220459,1.7279858589172363,4.943554878234863,0.3447061777114868,0.5111589431762695,5.799420356750488
ev_002016,73.01802062988281,1.9790925979614258,6.94487190246582,73.01802062988281,1.9790925979614258,6.94487190246582,0.0,0.0,0.0,0.0
ev_002017,2.978391408920288,4.363865375518799,28.837810516357422,2.978391408920288,4.363865375518799,28.837810516357422,0.0,0.0,0.0,0.0
ev_002018,2.1980485916137695,5.601802349090576,1.2368168830871582,2.1980485916137695,5.601802349090576,1.2368168830871582,0.0,0.0,0.0,0.0
ev_002019,4.027029037475586,6.1151442527771,10.334306716918945,3.886630058288574,5.915952682495117,7.998576641082764,0.14039897918701172,0.19919157028198242,2.3357300758361816,2.675321578979492
ev_002020,3.7982308864593506,0.35145124793052673,25.790769577026367,4.161618709564209,1.1735212802886963,22.127161026000977,-0.3633878231048584,-0.8220700025558472,3.6636085510253906,2.478151321411133
ev_002021,86.00496673583984,3.1002016067504883,11.16776180267334,86.00496673583984,3.1002016067504883,11.16776180267334,0.0,0.0,0.0,0.0
ev_002022,1.5606355667114258,1.0167709589004517,6.898471832275391,1.5606355667114258,1.0167709589004517,6.898471832275391,0.0,0.0,0.0,0.0
ev_002023,1.4134241342544556,12.519289016723633,119.47335052490234,1.4134241342544556,12.519289016723633,119.47335052490234,0.0,0.0,0.0,0.0
ev_002024,1.3397856950759888,8.020034790039062,29.93744659423828,0.6681292057037354,1.7927364110946655,14.937445640563965,0.6716564893722534,6.227298259735107,15.000000953674316,21.898956298828125
ev_002025,6.20786190032959,0.9250560402870178,12.292624473571777,6.20786190032959,0.9250560402870178,12.292624473571777,0.0,0.0,0.0,0.0
ev_002026,8.46681022644043,3.5552358627319336,11.1917142868042,8.46681022644043,3.5552358627319336,11.1917142868042,0.0,0.0,0.0,0.0
ev_002027,3.945296287536621,3.3730931282043457,27.465532302856445,3.945296287536621,3.3730931282043457,27.465532302856445,0.0,0.0,0.0,0.0
ev_002028,0.8701663613319397,8.7567720413208,10.253165245056152,0.8701663613319397,3.70607328414917,10.253165245056152,0.0,5.050698757171631,0.0,5.050699234008789
ev_002029,13.119646072387695,4.045933723449707,5.21506929397583,0.31176993250846863,4.395377159118652,3.2837114334106445,12.807876586914062,-0.3494434356689453,1.9313578605651855,14.389791488647461
ev_002030,1.7867790460586548,3.3655459880828857,32.917179107666016,1.6463799476623535,0.2557276785373688,19.65660858154297,0.14039909839630127,3.10981822013855,13.260570526123047,16.510787963867188
ev_002031,1.1707812547683716,0.9203176498413086,19.249284744262695,1.1707812547683716,0.9203176498413086,19.249284744262695,0.0,0.0,0.0,0.0
ev_002032,10.974510192871094,1.6430902481079102,22.928720474243164,6.8679046630859375,4.061720848083496,6.115506172180176,4.106605529785156,-2.418630599975586,16.813213348388672,18.501190185546875
ev_002033,44.77115249633789,8.815949440002441,48.69315719604492,33.49258804321289,5.7061309814453125,33.69315719604492,11.278564453125,3.109818458557129,15.0,29.388381958007812
ev_002034,3.9576354026794434,5.773252010345459,6.915678977966309,3.9576354026794434,5.773252010345459,6.915678977966309,0.0,0.0,0.0,0.0
ev_002035,6.1300225257873535,6.73250150680542,19.228103637695312,6.493414878845215,3.1379950046539307,20.67460823059082,-0.36339235305786133,3.5945065021514893,-1.4465045928955078,1.7846107482910156
ev_002036,2.0692222118377686,4.393082141876221,23.571186065673828,2.0692222118377686,4.393082141876221,23.571186065673828,0.0,0.0,0.0,0.0
ev_002037,6.789032459259033,5.625875473022461,19.341508865356445,6.789032459259033,5.625875473022461,19.341508865356445,0.0,0.0,0.0,0.0
ev_002038,4.011286735534668,1.0707476139068604,16.49990463256836,4.011286735534668,1.0707476139068604,16.49990463256836,0.0,0.0,0.0,0.0
ev_002039,6.945458889007568,4.710926532745361,8.777790069580078,7.308851718902588,1.122704029083252,7.331284999847412,-0.36339282989501953,3.5882225036621094,1.446505069732666,4.671335220336914
ev_002040,4.923296928405762,5.11479377746582,12.487051963806152,2.0233123302459717,8.22461223602295,12.487051963806152,2.89998459815979,-3.109818458557129,0.0,-0.20983505249023438
ev_002041,0.9565406441688538,3.1729352474212646,18.894020080566406,0.9565406441688538,3.1729352474212646,18.894020080566406,0.0,0.0,0.0,0.0
ev_002042,1.1726573705673218,7.970595836639404,7.791493892669678,1.1726573705673218,7.970595836639404,7.791493892669678,0.0,0.0,0.0,0.0
ev_002043,3.570801019668579,4.29296350479126,24.39303207397461,3.4453060626983643,1.8857144117355347,21.295188903808594,0.12549495697021484,2.4072489738464355,3.0978431701660156,5.630588531494141
ev_002044,50.953739166259766,6.616738319396973,8.41843032836914,50.953739166259766,6.616738319396973,8.41843032836914,0.0,0.0,0.0,0.0
ev_002045,8.221450805664062,6.233606815338135,1.1369662284851074,8.221450805664062,6.233606815338135,1.1369662284851074,0.0,0.0,0.0,0.0
ev_002046,5.186914920806885,6.169273376464844,34.61820983886719,5.675797939300537,2.237051486968994,27.856760025024414,-0.48888301849365234,3.9322218894958496,6.761449813842773,10.204788208007812
ev_002047,1.131522536277771,6.876528739929199,2.3441410064697266,0.3791979253292084,0.08204274624586105,1.2746264934539795,0.7523245811462402,6.794486045837402,1.069514513015747,8.616324424743652
ev_002048,1.3122128248214722,1.5851186513900757,10.890010833740234,1.8013941049575806,2.255847215652466,4.109989166259766,-0.4891812801361084,-0.6707285642623901,6.780021667480469,5.620111465454102
ev_002049,2.7034740447998047,2.971486806869507,9.751075744628906,2.2142927646636963,0.8694790005683899,9.261894226074219,0.4891812801361084,2.1020078659057617,0.4891815185546875,3.0803709030151367
ev_002050,5.81465482711792,2.531005859375,1.2157686948776245,5.955053806304932,2.531005859375,1.1199616193771362,-0.14039897918701172,0.0,0.09580707550048828,-0.04459095001220703
ev_002051,31.133255004882812,3.1843559741973877,96.43746185302734,6.156485080718994,0.4101504385471344,12.653125762939453,24.976770401000977,2.774205446243286,83.78433227539062,111.53530883789062
ev_002052,7.254985809326172,0.9389323592185974,35.68170928955078,9.937137603759766,2.05983829498291,28.58204460144043,-2.6821517944335938,-1.120905876159668,7.099664688110352,3.2966041564941406
ev_002053,8.066377639770508,2.7167842388153076,6.418835163116455,6.429533004760742,2.7167842388153076,2.451704502105713,1.6368446350097656,0.0,3.967130661010742,5.603975296020508
ev_002054,83.61654663085938,1.7207404375076294,13.075338363647461,83.61654663085938,1.7207404375076294,13.075338363647461,0.0,0.0,0.0,0.0
ev_002055,6.280460834503174,2.134031295776367,6.975477695465088,5.917072772979736,2.134031295776367,15.655261993408203,0.3633880615234375,0.0,-8.679784774780273,-8.316396713256836
ev_002056,1.3612391948699951,4.023452281951904,27.926856994628906,1.3612391948699951,4.023452281951904,27.926856994628906,0.0,0.0,0.0,0.0
ev_002057,7.814560890197754,0.3531500995159149,27.656906127929688,7.814560890197754,0.3531500995159149,27.656906127929688,0.0,0.0,0.0,0.0
ev_002058,3.674715757369995,7.8486552238464355,10.681954383850098,3.815114736557007,4.738837242126465,13.017683982849121,-0.14039897918701172,3.1098179817199707,-2.3357295989990234,0.6336898803710938
ev_002059,8.523116111755371,4.703664302825928,12.56760025024414,8.939653396606445,9.657759666442871,2.432399272918701,-0.4165372848510742,-4.954095363616943,10.135200500488281,4.764568328857422
ev_002060,7.694497585296631,2.001671075820923,29.0355281829834,6.438024520874023,0.045789171010255814,21.404788970947266,1.2564730644226074,1.955881953239441,7.630739212036133,10.843093872070312
ev_002061,49.78089141845703,0.4097325801849365,58.2082405090332,4.780891418457031,3.2996532917022705,29.220151901245117,45.0,-2.889920711517334,28.988088607788086,71.0981674194336
ev_002062,7.856949806213379,3.899670362472534,14.234682083129883,11.43963623046875,5.954446792602539,14.72386360168457,-3.582686424255371,-2.054776430130005,-0.4891815185546875,-6.126644134521484
ev_002063,9.131831169128418,2.377549171447754,3.8847968578338623,2.4332199096679688,2.377549171447754,9.653276443481445,6.698611259460449,0.0,-5.768479347229004,0.9301319122314453
ev_002064,1.0548079013824463,1.7421435117721558,17.17345428466797,1.0548079013824463,1.7421435117721558,17.17345428466797,0.0,0.0,0.0,0.0
ev_002065,4.657162189483643,8.73635482788086,20.47324562072754,4.153072357177734,9.258843421936035,16.506114959716797,0.5040898323059082,-0.5224885940551758,3.967130661010742,3.94873046875
ev_002066,11.491073608398438,2.7960214614868164,13.88998031616211,2.0624210834503174,6.390528202056885,13.88998031616211,9.4286527633667,-3.5945067405700684,0.0,5.834144592285156
ev_002067,7.394443035125732,0.7879740595817566,22.873449325561523,6.722786903381348,5.439324855804443,7.873448371887207,0.6716561317443848,-4.651350975036621,15.000000953674316,11.020305633544922
ev_002068,2.0923638343811035,0.27357780933380127,13.933602333068848,2.0923638343811035,0.27357780933380127,13.933602333068848,0.0,0.0,0.0,0.0
ev_002069,10.484106063842773,1.516606092453003,23.78362274169922,10.484106063842773,1.516606092453003,23.78362274169922,0.0,0.0,0.0,0.0
ev_002070,5.3325982093811035,5.984735012054443,8.64867115020752,11.373137474060059,6.872528553009033,3.2012012004852295,-6.040539264678955,-0.8877935409545898,5.447469711303711,-1.4808635711669922
ev_002071,3.6059601306915283,0.16607481241226196,27.974946975708008,3.6059601306915283,0.16607481241226196,27.974946975708008,0.0,0.0,0.0,0.0
ev_002072,0.1314391940832138,4.32758903503418,16.236072540283203,0.1314391940832138,4.32758903503418,8.802858352661133,0.0,0.0,7.43321418762207,7.43321418762207
ev_002073,2.216764211654663,7.82758903503418,15.485974311828613,3.8954720497131348,2.841613531112671,3.3509914875030518,-1.6787078380584717,4.98597526550293,12.13498306274414,15.44225025177002
ev_002074,8.533185958862305,5.701965808868408,17.861068725585938,8.533185958862305,5.701965808868408,17.861068725585938,0.0,0.0,0.0,0.0
ev_002075,5.088339805603027,2.7754061222076416,23.720115661621094,5.088339805603027,2.7754061222076416,23.720115661621094,0.0,0.0,0.0,0.0
ev_002076,0.609073281288147,7.3643598556518555,8.248787879943848,0.609073281288147,7.3643598556518555,8.248787879943848,0.0,0.0,0.0,0.0
ev_002077,9.19795036315918,1.2496612071990967,45.883575439453125,9.323445320129395,1.1575878858566284,30.883573532104492,-0.12549495697021484,0.09207332134246826,15.000001907348633,14.96657943725586
ev_002078,4.1323018074035645,5.338855743408203,3.994321346282959,4.1323018074035645,5.338855743408203,3.994321346282959,0.0,0.0,0.0,0.0
ev_002079,0.45649853348731995,3.1380019187927246,29.26312828063965,0.45649853348731995,3.1380019187927246,29.26312828063965,0.0,0.0,0.0,0.0
ev_002080,18.966182708740234,2.651827096939087,17.413890838623047,3.9661834239959717,1.189138650894165,2.413891315460205,14.999999046325684,1.4626884460449219,15.0,31.462684631347656
ev_002081,0.7985010743141174,1.1096280813217163,13.130675315856934,0.7985010743141174,1.1096280813217163,13.130675315856934,0.0,0.0,0.0,0.0
ev_002082,13.952912330627441,0.0746467262506485,19.774242401123047,1.047087550163269,3.9156124591827393,4.774243354797363,12.905824661254883,-3.840965747833252,14.999999046325684,24.064861297607422
ev_002083,4.042807102203369,1.5686357021331787,13.006477355957031,4.042807102203369,1.5686357021331787,13.006477355957031,0.0,0.0,0.0,0.0
ev_002084,42.4696159362793,1.845991849899292,62.066715240478516,42.4696159362793,1.845991849899292,62.066715240478516,0.0,0.0,0.0,0.0
ev_002085,1.357031226158142,10.320352554321289,1.988696813583374,1.357031226158142,4.582870960235596,1.988696813583374,0.0,5.737481594085693,0.0,5.737481117248535
ev_002086,3.250762939453125,2.5147016048431396,0.6701866984367371,3.250762939453125,2.5147016048431396,0.6701866984367371,0.0,0.0,0.0,0.0
ev_002087,3.9297282695770264,0.5368682742118835,4.749653339385986,3.7893292903900146,0.5368682742118835,2.4139227867126465,0.14039897918701172,0.0,2.33573055267334,2.4761290550231934
ev_002088,3.239614963531494,5.959303855895996,10.413274765014648,3.7287962436676025,3.9581551551818848,9.924093246459961,-0.4891812801361084,2.0011487007141113,0.4891815185546875,2.001148223876953
ev_002089,8.862913131713867,0.33803045749664307,2.314664602279663,8.862913131713867,0.33803045749664307,2.314664602279663,0.0,0.0,0.0,0.0
ev_002090,5.291012287139893,1.9528062343597412,2.7169137001037598,5.291012287139893,1.9528062343597412,2.7169137001037598,0.0,0.0,0.0,0.0
ev_002091,80.33219909667969,5.332778453826904,19.899904251098633,80.33219909667969,5.332778453826904,19.899904251098633,0.0,0.0,0.0,0.0
ev_002092,3.584012031555176,3.725505828857422,2.6977109909057617,3.2206196784973145,0.13099929690361023,7.294469356536865,0.36339235305786133,3.5945065021514893,-4.5967583656311035,-0.638859748840332
ev_002093,7.900036334991455,7.004565715789795,25.12106704711914,3.4098961353302,3.6543407440185547,41.22317886352539,4.490139961242676,3.3502249717712402,-16.10211181640625,-8.26174545288086
ev_002094,0.21223758161067963,2.8866751194000244,16.165868759155273,0.21223758161067963,2.8866751194000244,16.165868759155273,0.0,0.0,0.0,0.0
ev_002095,8.20202922821045,3.166848659515381,25.572338104248047,8.61856746673584,1.787246584892273,13.088262557983398,-0.4165382385253906,1.379602074623108,12.484075546264648,13.447139739990234
ev_002096,0.8703780174255371,5.346686363220215,10.507930755615234,1.3592610359191895,5.346686363220215,3.74647855758667,-0.48888301849365234,0.0,6.7614521980285645,6.272568702697754
ev_002097,3.9748497009277344,8.105732917785645,17.38140106201172,4.967822551727295,3.6510231494903564,18.374374389648438,-0.9929728507995605,4.454710006713867,-0.9929733276367188,2.468761444091797
ev_002098,0.2851751446723938,0.45657071471214294,16.593050003051758,0.2851751446723938,0.45657071471214294,16.593050003051758,0.0,0.0,0.0,0.0
ev_002099,18.704635620117188,6.851751327514648,2.605151414871216,14.598030090332031,12.556562423706055,3.5981242656707764,4.106605529785156,-5.704811096191406,-0.9929728507995605,-2.591176986694336
ev_002100,2.682023525238037,1.8671538829803467,10.375118255615234,2.682023525238037,1.8671538829803467,10.375118255615234,0.0,0.0,0.0,0.0
ev_002101,0.6266897320747375,10.799012184143066,16.42030143737793,0.6266897320747375,10.799012184143066,16.42030143737793,0.0,0.0,0.0,0.0
ev_002102,9.02789306640625,1.6950868368148804,1.2545623779296875,4.9791340827941895,5.8242011070251465,48.01685333251953,4.0487589836120605,-4.129114151000977,-46.762290954589844,-46.842647552490234
ev_002103,2.6490657329559326,5.115243911743164,11.349100112915039,2.7894647121429443,2.005425453186035,9.0133695602417,-0.14039897918701172,3.109818458557129,2.33573055267334,5.305150985717773
ev_002104,1.6398695707321167,1.5812249183654785,13.037779808044434,1.6398695707321167,1.5812249183654785,13.037779808044434,0.0,0.0,0.0,0.0
ev_002105,6.091580867767334,6.413564205169678,19.54901695251465,1.5391590595245361,4.3661041259765625,6.362231254577637,4.552421569824219,2.0474600791931152,13.186785697937012,19.786666870117188
ev_002106,10.875040054321289,19.339950561523438,28.42070960998535,3.4174118041992188,14.998856544494629,20.307340621948242,7.45762825012207,4.341094017028809,8.11336898803711,19.912090301513672
ev_002107,0.9118072390556335,1.1129851341247559,56.37055206298828,0.9118072390556335,1.1129851341247559,56.37055206298828,0.0,0.0,0.0,0.0
ev_002108,5.735043525695801,3.9423820972442627,20.864768981933594,8.27198314666748,4.442416191101074,10.136184692382812,-2.5369396209716797,-0.5000340938568115,10.728584289550781,7.691610336303711
ev_002109,5.713104248046875,7.383278846740723,6.069591999053955,5.713104248046875,7.383278846740723,6.069591999053955,0.0,0.0,0.0,0.0
ev_002110,2.2329649925231934,5.924712181091309,0.3892073631286621,2.2329649925231934,5.924712181091309,0.3892073631286621,0.0,0.0,0.0,0.0
ev_002111,28.23985481262207,2.192850351333618,104.12147521972656,0.3142831027507782,1.6481153964996338,13.052319526672363,27.92557144165039,0.5447349548339844,91.06915283203125,119.53946685791016
ev_002112,4.965873718261719,5.886590957641602,10.275343894958496,4.965873718261719,5.886590957641602,10.275343894958496,0.0,0.0,0.0,0.0
ev_002113,11.109077453613281,6.089165210723877,9.172381401062012,11.109077453613281,6.089165210723877,9.172381401062012,0.0,0.0,0.0,0.0
ev_002114,10.393866539001465,3.8093669414520264,17.073434829711914,10.393866539001465,3.8093669414520264,17.073434829711914,0.0,0.0,0.0,0.0
ev_002115,1.5033204555511475,6.1363325119018555,17.627140045166016,1.5033204555511475,6.1363325119018555,17.627140045166016,0.0,0.0,0.0,0.0
ev_002116,2.6638174057006836,1.4517290592193604,10.843132019042969,2.6638174057006836,1.4517290592193604,10.843132019042969,0.0,0.0,0.0,0.0
ev_002117,11.094449996948242,0.17595221102237701,20.585683822631836,11.094449996948242,0.17595221102237701,20.585683822631836,0.0,0.0,0.0,0.0
ev_002118,0.6037418246269226,2.026232957839966,16.337570190429688,0.6037418246269226,2.026232957839966,16.337570190429688,0.0,0.0,0.0,0.0
ev_002119,8.330110549926758,2.103987455368042,6.25527811050415,1.122456669807434,0.6459864974021912,8.068492889404297,7.207653999328613,1.458000898361206,-1.8132147789001465,6.85244083404541
ev_002120,10.339505195617676,2.4561572074890137,0.36973825097084045,10.339505195617676,2.4561572074890137,0.36973825097084045,0.0,0.0,0.0,0.0
ev_002121,3.892869234085083,3.9772486686706543,1.594381332397461,4.39695930480957,3.5692684650421143,4.2481303215026855,-0.5040900707244873,0.40798020362854004,-2.6537489891052246,-2.7498579025268555
ev_002122,1.6827079057693481,1.5224189758300781,5.098433971405029,4.878325939178467,1.5224189758300781,6.955798625946045,-3.195618152618408,0.0,-1.8573646545410156,-5.052983283996582
ev_002123,2.7925469875335693,11.295945167541504,30.54363250732422,1.104513168334961,0.2069469690322876,35.07528305053711,1.6880338191986084,11.088997840881348,-4.531650543212891,8.245384216308594
ev_002124,2.5165202617645264,6.304802417755127,12.372209548950195,2.5314242839813232,0.7877348065376282,17.805782318115234,-0.014904022216796875,5.5170674324035645,-5.433572769165039,0.06859016418457031
ev_002125,5.600438117980957,2.2957141399383545,22.838991165161133,5.600438117980957,2.2957141399383545,22.838991165161133,0.0,0.0,0.0,0.0
ev_002126,0.5880258083343506,2.766698122024536,0.8759999871253967,0.5880258083343506,2.766698122024536,0.8759999871253967,0.0,0.0,0.0,0.0
ev_002127,1.4501965045928955,3.7628426551818848,14.55477237701416,31.302404403686523,0.0781230553984642,14.362996101379395,-29.85220718383789,3.6847195625305176,0.19177627563476562,-25.975711822509766
ev_002128,5.646127223968506,2.9896562099456787,17.81641387939453,5.520632266998291,0.5824071168899536,14.718571662902832,0.12549495697021484,2.4072489738464355,3.097842216491699,5.630586624145508
ev_002129,5.726405620574951,2.382361650466919,2.263909339904785,4.909377098083496,1.2121448516845703,3.7104146480560303,0.8170285224914551,1.1702167987823486,-1.4465053081512451,0.5407400131225586
ev_002130,9.250670433044434,7.015937805175781,8.428439140319824,9.250670433044434,7.015937805175781,8.428439140319824,0.0,0.0,0.0,0.0
ev_002131,4.848076820373535,6.652518272399902,0.33533066511154175,4.848076820373535,6.652518272399902,0.33533066511154175,0.0,0.0,0.0,0.0
ev_002132,2.3924269676208496,0.05678463727235794,17.510251998901367,2.3924269676208496,0.05678463727235794,17.510251998901367,0.0,0.0,0.0,0.0
ev_002133,11.467576026916504,11.384986877441406,6.068216323852539,11.467576026916504,11.384986877441406,6.068216323852539,0.0,0.0,0.0,0.0
ev_002134,6.244030952453613,2.595078706741333,16.330434799194336,8.451089859008789,0.18015339970588684,16.330434799194336,-2.207058906555176,2.4149253368377686,0.0,0.20786666870117188
ev_002135,3.943080186843872,5.611985206604004,27.1380672454834,4.3064680099487305,4.08701229095459,23.474456787109375,-0.3633878231048584,1.524972915649414,3.6636104583740234,4.825193405151367
ev_002136,4.490566253662109,7.367617130279541,4.866654872894287,4.490566253662109,7.367617130279541,4.866654872894287,0.0,0.0,0.0,0.0
ev_002137,5.507348537445068,5.043297290802002,7.064953804016113,5.64774751663208,1.933478832244873,9.400684356689453,-0.14039897918701172,3.109818458557129,-2.33573055267334,0.6336898803710938
ev_002138,1.6546931266784668,0.26111650466918945,22.868913650512695,1.6546931266784668,0.26111650466918945,22.868913650512695,0.0,0.0,0.0,0.0
ev_002139,0.009134117513895035,2.8629369735717773,1.1189563274383545,0.009134117513895035,2.8629369735717773,1.1189563274383545,0.0,0.0,0.0,0.0
ev_002140,8.372838973999023,9.791749954223633,4.508233547210693,4.470449447631836,15.496561050415039,3.515260934829712,3.9023895263671875,-5.704811096191406,0.9929726123809814,-0.8094482421875
ev_002141,4.425601005554199,4.593706130981445,11.061872482299805,4.7889933586120605,0.9991996884346008,12.508378028869629,-0.36339235305786133,3.5945065021514893,-1.4465055465698242,1.7846088409423828
ev_002142,6.506180763244629,7.011992454528809,17.494630813598633,9.941129684448242,7.534480094909668,1.50165855884552,-3.4349489212036133,-0.5224876403808594,15.992972373962402,12.03553581237793
ev_002143,26.458349227905273,0.960872232913971,25.46881103515625,11.458349227905273,4.801837921142578,10.46881103515625,15.0,-3.840965747833252,15.0,26.159032821655273
ev_002144,6.466753005981445,13.871251106262207,18.065425872802734,8.154787063598633,0.5303311347961426,13.53377628326416,-1.6880340576171875,13.340919494628906,4.531649589538574,16.18453598022461
ev_002145,1.8237218856811523,0.0012136423029005527,2.2323007583618164,1.8237218856811523,0.0012136423029005527,2.2323007583618164,0.0,0.0,0.0,0.0
ev_002146,4.634092807769775,6.233875751495361,5.606600284576416,4.759588241577148,3.8266265392303467,8.704442977905273,-0.12549543380737305,2.4072492122650146,-3.0978426933288574,-0.8160877227783203
ev_002147,20.947097778320312,7.08530855178833,2.3158657550811768,20.947097778320312,7.08530855178833,2.3158657550811768,0.0,0.0,0.0,0.0
ev_002148,6.746850967407227,7.757232666015625,21.271892547607422,2.6402456760406494,0.1520456224679947,12.635730743408203,4.106605529785156,7.605186939239502,8.636161804199219,20.34795570373535
ev_002149,2.790262222290039,0.00854569673538208,31.486722946166992,2.790262222290039,0.00854569673538208,31.486722946166992,0.0,0.0,0.0,0.0
ev_002150,4.462844371795654,4.963755130767822,0.5317838788032532,4.462844371795654,4.963755130767822,0.5317838788032532,0.0,0.0,0.0,0.0
ev_002151,22.890769958496094,3.0044021606445312,19.337369918823242,7.890770435333252,0.8365636467933655,4.337369441986084,15.0,2.1678385734558105,15.0,32.16783905029297
ev_002152,11.489177703857422,3.7190918922424316,18.493749618530273,0.5650542974472046,7.7960896492004395,12.713973999023438,10.924123764038086,-4.076997756958008,5.779775619506836,12.626899719238281
ev_002153,1.8222501277923584,2.523526668548584,18.59803581237793,4.014373779296875,3.644432544708252,10.099255561828613,-2.1921236515045166,-1.120905876159668,8.498780250549316,5.185750961303711
ev_002154,4.225933074951172,12.04428768157959,20.53034019470215,4.73002290725708,12.56677532196045,16.563209533691406,-0.5040898323059082,-0.5224876403808594,3.967130661010742,2.9405517578125
ev_002155,4.110441207885742,10.786906242370605,68.42974090576172,3.2578673362731934,3.3514339923858643,33.91862487792969,0.8525738716125488,7.43547248840332,34.51111602783203,42.79916000366211
ev_002156,9.808984756469727,0.2806759774684906,6.39556360244751,4.171845436096191,1.639806866645813,4.849582672119141,5.637139320373535,-1.359130859375,1.5459809303283691,5.823988914489746
ev_002157,0.24968059360980988,3.2465174198150635,163.9431915283203,0.24968059360980988,3.2465174198150635,163.9431915283203,0.0,0.0,0.0,0.0
ev_002158,3.97576642036438,5.103359222412109,11.10299015045166,3.97576642036438,5.103359222412109,11.10299015045166,0.0,0.0,0.0,0.0
ev_002159,7.299103736877441,0.7058656811714172,4.836417198181152,7.425005912780762,2.4039525985717773,7.172147274017334,-0.1259021759033203,-1.6980869770050049,-2.3357300758361816,-4.159719467163086
ev_002160,3.0860953330993652,2.320432662963867,40.997520446777344,2.582005500793457,1.7979449033737183,25.997520446777344,0.5040898323059082,0.5224877595901489,15.0,16.02657699584961
ev_002161,44.82986831665039,2.0304698944091797,51.895206451416016,68.10893249511719,1.5439651012420654,12.878865242004395,-23.279064178466797,0.48650479316711426,39.01634216308594,16.223770141601562
ev_002162,6.3352742195129395,0.7845815420150757,29.645008087158203,6.3352742195129395,0.7845815420150757,29.645008087158203,0.0,0.0,0.0,0.0
ev_002163,0.2987914979457855,1.096770167350769,29.09882354736328,0.662183940410614,1.096770167350769,30.54532814025879,-0.3633924424648285,0.0,-1.4465045928955078,-1.8098983764648438
ev_002164,1.757649302482605,5.034571647644043,11.91143798828125,1.757649302482605,5.034571647644043,11.91143798828125,0.0,0.0,0.0,0.0
ev_002165,8.03708553314209,4.95858907699585,6.295788288116455,7.896686553955078,4.95858907699585,8.631518363952637,0.14039897918701172,0.0,-2.3357300758361816,-2.195331573486328
ev_002166,2.0565803050994873,3.551316976547241,5.209697723388672,47.54576110839844,0.2896486818790436,9.30112075805664,-45.48918151855469,3.2616682052612305,-4.091423034667969,-46.318939208984375
ev_002167,3.738839626312256,6.164738178253174,13.229838371276855,3.738839626312256,6.164738178253174,13.229838371276855,0.0,0.0,0.0,0.0
ev_002168,11.584380149841309,2.0036821365356445,21.07072639465332,10.912723541259766,3.3912689685821533,6.070725917816162,0.671656608581543,-1.3875868320465088,15.0,14.284072875976562
ev_002169,7.807404041290283,3.6765401363372803,0.018221285194158554,7.165000915527344,3.6765401363372803,0.018221285194158554,0.6424031257629395,0.0,0.0,0.6424026489257812
ev_002170,3.755002498626709,0.2668941617012024,8.468169212341309,3.755002498626709,0.2668941617012024,8.468169212341309,0.0,0.0,0.0,0.0
ev_002171,16.572782516479492,7.19653844833374,3.2992799282073975,5.679388523101807,3.6061606407165527,1.9651097059249878,10.893394470214844,3.5903778076171875,1.3341702222824097,15.81794261932373
ev_002172,14.53004264831543,0.6604523062705994,8.906610488891602,0.469957560300827,0.6604523062705994,8.906610488891602,14.06008529663086,0.0,0.0,14.060084342956543
ev_002173,20.691226959228516,6.415121555328369,8.318092346191406,20.691226959228516,6.415121555328369,8.318092346191406,0.0,0.0,0.0,0.0
ev_002174,11.827301979064941,4.928562641143799,17.594364166259766,11.827301979064941,4.928562641143799,17.594364166259766,0.0,0.0,0.0,0.0
ev_002175,3.353501319885254,5.264347553253174,32.079715728759766,3.353501319885254,5.264347553253174,32.079715728759766,0.0,0.0,0.0,0.0
ev_002176,10.666449546813965,7.077703952789307,22.75767707824707,9.673476219177246,2.6229946613311768,23.75065040588379,0.9929733276367188,4.454709053039551,-0.9929733276367188,4.4547119140625
ev_002177,22.994873046875,1.688173532485962,17.253358840942383,22.994873046875,1.688173532485962,17.253358840942383,0.0,0.0,0.0,0.0
ev_002178,12.186834335327148,9.540955543518066,3.49053692817688,2.4497735500335693,5.946448802947998,11.5094633102417,9.737060546875,3.5945067405700684,-8.018926620483398,5.312643051147461
ev_002179,1.8411664962768555,11.443720817565918,49.15298843383789,2.834139347076416,0.8984304666519165,24.92181396484375,-0.9929728507995605,10.545289993286133,24.23117446899414,33.78348922729492
ev_002180,6.864809036254883,0.150405153632164,0.15500694513320923,6.864809036254883,0.150405153632164,0.15500694513320923,0.0,0.0,0.0,0.0
ev_002181,16.564817428588867,1.6906741857528687,27.94207763671875,1.5648181438446045,1.6906741857528687,27.94207763671875,14.999999046325684,0.0,0.0,15.0
ev_002182,3.9260427951812744,8.220987319946289,67.75260925292969,3.436861515045166,4.057059288024902,21.758207321166992,0.4891812801361084,4.163928031921387,45.99440002441406,50.64751434326172
ev_002183,2.6466054916381836,2.423002243041992,97.82839965820312,2.6466054916381836,2.423002243041992,97.82839965820312,0.0,0.0,0.0,0.0
ev_002184,5.988163471221924,3.386319160461426,23.62604331970215,5.624770641326904,0.2081872671842575,8.626043319702148,0.36339282989501953,3.1781318187713623,15.0,18.54152488708496
ev_002185,10.572955131530762,5.926771640777588,48.78388977050781,3.938161611557007,1.994550108909607,34.303592681884766,6.634793281555176,3.9322214126586914,14.480297088623047,25.04730987548828
ev_002186,7.41916036605835,6.016587734222412,21.738388061523438,6.082895755767822,2.7964000701904297,14.135054588317871,1.3362646102905273,3.2201876640319824,7.603333473205566,12.159786224365234
ev_002187,3.0863027572631836,4.35543155670166,35.98378372192383,3.0863027572631836,4.35543155670166,35.98378372192383,0.0,0.0,0.0,0.0
ev_002188,2.230272054672241,0.3646513819694519,14.829659461975098,2.230272054672241,0.3646513819694519,14.829659461975098,0.0,0.0,0.0,0.0
ev_002189,3.0365231037139893,2.219263792037964,17.77364730834961,3.0365231037139893,2.219263792037964,17.77364730834961,0.0,0.0,0.0,0.0
ev_002190,6.486673355102539,2.2086920738220215,7.484574794769287,6.486673355102539,2.2086920738220215,7.484574794769287,0.0,0.0,0.0,0.0
ev_002191,1.4162912368774414,3.2247748374938965,18.60393524169922,1.4162912368774414,3.2247748374938965,18.60393524169922,0.0,0.0,0.0,0.0
ev_002192,8.544468879699707,3.6427929401397705,12.165427207946777,8.544468879699707,3.6427929401397705,12.165427207946777,0.0,0.0,0.0,0.0
ev_002193,3.3051440715789795,0.21195758879184723,10.71570873260498,1.8586387634277344,3.806464195251465,10.71570873260498,1.4465053081512451,-3.5945065021514893,0.0,-2.148000717163086
ev_002194,8.725443840026855,9.95055866241455,0.8686773180961609,4.9218902587890625,9.958419799804688,7.630103588104248,3.803553581237793,-0.007861137390136719,-6.7614264488220215,-2.9657344818115234
ev_002195,8.111056327819824,1.5941894054412842,9.548318862915039,3.7029662132263184,1.8363109827041626,21.68330192565918,4.408090114593506,-0.24212157726287842,-12.13498306274414,-7.969015121459961
ev_002196,2.24627685546875,13.576251983642578,5.414226055145264,2.24627685546875,13.576251983642578,5.414226055145264,0.0,0.0,0.0,0.0
ev_002197,19.453094482421875,0.3526903986930847,1.9620482921600342,19.453094482421875,0.3526903986930847,1.9620482921600342,0.0,0.0,0.0,0.0
ev_002198,0.2713075876235962,8.270585060119629,8.498863220214844,0.2713075876235962,1.7375775575637817,8.498863220214844,0.0,6.533007621765137,0.0,6.533007621765137
ev_002199,1.9732794761657715,7.737152576446533,0.8271164894104004,2.4923222064971924,0.3016802668571472,5.025373935699463,-0.5190427303314209,7.43547248840332,-4.1982574462890625,2.7181715965270996
ev_002200,0.5106734037399292,0.9051840901374817,9.457056999206543,0.14728543162345886,0.02695639058947563,13.173683166503906,0.36338797211647034,0.878227710723877,-3.7166261672973633,-2.475010871887207
ev_002201,6.151072978973389,9.087292671203613,17.776262283325195,5.045368671417236,4.746199131011963,12.234808921813965,1.1057043075561523,4.34109354019165,5.5414533615112305,10.988248825073242
ev_002202,5.864421367645264,5.314530372619629,2.958883047103882,6.7169952392578125,2.120941638946533,3.2743775844573975,-0.8525738716125488,3.1935887336730957,-0.3154945373535156,2.0255203247070312
ev_002203,1.5952489376068115,3.1180381774902344,5.277084827423096,5.285316467285156,1.2230556011199951,6.3791985511779785,-3.6900675296783447,1.8949825763702393,-1.1021137237548828,-2.8971996307373047
ev_002204,7.012825012207031,3.641132354736328,1.0615956783294678,7.012825012207031,3.641132354736328,1.0615956783294678,0.0,0.0,0.0,0.0
ev_002205,1.5371724367141724,6.458067893981934,1.6471072435379028,2.4046502113342285,4.56975793838501,5.983633041381836,-0.8674777746200562,1.8883099555969238,-4.336525917053223,-3.3156938552856445
ev_002206,13.95324420928955,3.66742205619812,19.583778381347656,13.95324420928955,3.66742205619812,19.583778381347656,0.0,0.0,0.0,0.0
ev_002207,4.975512981414795,4.73801326751709,0.0024021740537136793,8.850391387939453,7.036044597625732,0.486779123544693,-3.874878406524658,-2.2980313301086426,-0.4843769371509552,-6.657286643981934
ev_002208,10.953319549560547,2.450305700302124,35.2779426574707,4.046680450439453,2.450305700302124,10.038542747497559,6.906639099121094,0.0,25.239398956298828,32.14603805541992
ev_002209,1.9913376569747925,7.808455467224121,11.44140338897705,3.7622334957122803,7.447017669677734,0.9582067728042603,-1.7708958387374878,0.3614377975463867,10.483196258544922,9.073737144470215
ev_002210,6.063223361968994,2.253044366836548,28.01943588256836,6.063223361968994,2.253044366836548,28.01943588256836,0.0,0.0,0.0,0.0
ev_002211,14.941364288330078,1.2520294189453125,28.10529327392578,5.827115058898926,5.695998668670654,22.251399993896484,9.114249229431152,-4.443969249725342,5.853893280029297,10.524173736572266
ev_002212,0.8719770908355713,1.6926335096359253,31.490211486816406,0.8719770908355713,1.6926335096359253,31.490211486816406,0.0,0.0,0.0,0.0
ev_002213,2.645608425140381,1.5570693016052246,12.475174903869629,1.0797783136367798,2.2838964462280273,2.524825096130371,1.565830111503601,-0.7268271446228027,9.950349807739258,10.789352416992188
ev_002214,15.398465156555176,1.2499598264694214,27.164337158203125,15.398465156555176,1.2499598264694214,27.164337158203125,0.0,0.0,0.0,0.0
ev_002215,61.91497039794922,6.1772260665893555,14.365697860717773,4.806879997253418,0.6117839217185974,0.1451212763786316,57.108089447021484,5.565442085266113,14.220576286315918,76.89411163330078
ev_002216,22.35169792175293,1.3980728387832642,15.52263355255127,22.35169792175293,1.3980728387832642,15.52263355255127,0.0,0.0,0.0,0.0
ev_002217,5.597347259521484,11.370786666870117,15.523872375488281,5.597347259521484,11.370786666870117,15.523872375488281,0.0,0.0,0.0,0.0
ev_002218,3.6141774654388428,2.0551087856292725,9.406064987182617,3.6141774654388428,2.0551087856292725,9.406064987182617,0.0,0.0,0.0,0.0
ev_002219,9.387428283691406,1.6956794261932373,1.63265860080719,9.750816345214844,1.6956794261932373,2.0309507846832275,-0.3633880615234375,0.0,-0.3982921838760376,-0.7616796493530273
ev_002220,0.7992430329322815,9.04578685760498,9.809762001037598,0.7992430329322815,9.04578685760498,9.809762001037598,0.0,0.0,0.0,0.0
ev_002221,1.4891597032546997,0.10094759613275528,5.949716091156006,9.835650444030762,1.143469214439392,18.003948211669922,-8.346490859985352,-1.042521595954895,-12.054231643676758,-21.4432430267334
ev_002222,2.8679118156433105,5.48563289642334,13.335990905761719,2.8679118156433105,5.48563289642334,13.335990905761719,0.0,0.0,0.0,0.0
ev_002223,34.628318786621094,6.910552501678467,42.019569396972656,19.62831687927246,3.3160459995269775,27.019567489624023,15.000001907348633,3.5945065021514893,15.000001907348633,33.594512939453125
ev_002224,4.355187892913818,6.470933437347412,15.704142570495605,4.214788436889648,3.3611152172088623,18.039873123168945,0.14039945602416992,3.10981822013855,-2.33573055267334,0.9144878387451172
ev_002225,0.5643777847290039,1.4208078384399414,28.285844802856445,0.42859503626823425,3.0339014530181885,29.278818130493164,0.13578274846076965,-1.613093614578247,-0.9929733276367188,-2.4702835083007812
ev_002226,9.719407081604004,1.6540203094482422,23.610116958618164,9.356014251708984,1.940486192703247,8.61011791229248,0.36339282989501953,-0.2864658832550049,14.999999046325684,15.076925277709961
ev_002227,7.038903713226318,0.15178212523460388,26.21035385131836,7.038903713226318,0.15178212523460388,26.21035385131836,0.0,0.0,0.0,0.0
ev_002228,3.291470527648926,6.255697727203369,12.79716968536377,3.291470527648926,6.255697727203369,12.79716968536377,0.0,0.0,0.0,0.0
ev_002229,2.957005023956299,4.4607954025268555,27.653972625732422,2.957005023956299,4.4607954025268555,27.653972625732422,0.0,0.0,0.0,0.0
ev_002230,6.386417865753174,4.370911598205566,4.7808942794799805,6.386417865753174,4.370911598205566,4.7808942794799805,0.0,0.0,0.0,0.0
ev_002231,4.192026138305664,4.3150858879089355,36.65204620361328,4.051627159118652,1.2052676677703857,21.652048110961914,0.14039897918701172,3.10981822013855,14.999998092651367,18.250213623046875
ev_002232,3.445539712905884,4.287269592285156,27.548789978027344,3.808927536010742,5.812242031097412,23.885181427001953,-0.3633878231048584,-1.5249724388122559,3.6636085510253906,1.7752494812011719
ev_002233,41.05268096923828,0.4688727557659149,38.0297737121582,3.408177375793457,3.924842357635498,4.7881646156311035,37.64450454711914,-3.4559695720672607,33.241607666015625,67.43014526367188
ev_002234,12.92261791229248,1.8941560983657837,0.6176770329475403,12.92261791229248,1.8941560983657837,0.6176770329475403,0.0,0.0,0.0,0.0
ev_002235,0.6326473355293274,0.027425795793533325,0.19611795246601105,0.6326473355293274,0.027425795793533325,0.19611795246601105,0.0,0.0,0.0,0.0
ev_002236,7.47199010848999,5.325596809387207,1.2546308040618896,7.47199010848999,5.325596809387207,1.2546308040618896,0.0,0.0,0.0,0.0
ev_002237,0.8869335651397705,0.0004112550523132086,20.67355728149414,1.2503260374069214,3.5949177742004395,5.673557758331299,-0.3633924722671509,-3.5945065021514893,15.0,11.042099952697754
ev_002238,1.2985361814498901,2.417915105819702,27.52679443359375,1.2985361814498901,2.417915105819702,27.52679443359375,0.0,0.0,0.0,0.0
ev_002239,0.25947433710098267,0.7439874410629272,3.8515286445617676,0.13397932052612305,1.6632616519927979,0.7536857724189758,0.12549501657485962,-0.9192742109298706,3.0978429317474365,2.3040637969970703
ev_002240,1.661086916923523,2.7546727657318115,5.326991558074951,3.840646982192993,2.7546727657318115,12.93032455444336,-2.1795601844787598,0.0,-7.603332996368408,-9.782893180847168
ev_002241,6.864745616912842,0.8652420043945312,0.9252192378044128,6.864745616912842,0.8652420043945312,0.9252192378044128,0.0,0.0,0.0,0.0
ev_002242,0.7327523231506348,2.764740467071533,25.201284408569336,3.0684826374053955,0.3450779318809509,25.201284408569336,-2.3357303142547607,2.4196624755859375,0.0,0.08393096923828125
ev_002243,1.1290528774261475,0.8989226222038269,16.13714027404785,1.1290528774261475,0.8989226222038269,16.13714027404785,0.0,0.0,0.0,0.0
ev_002244,10.299789428710938,1.5493645668029785,40.94028854370117,5.2042999267578125,2.071852445602417,27.98076629638672,5.095489501953125,-0.5224878787994385,12.959522247314453,17.53252410888672
ev_002245,6.639265060424805,1.754531979560852,0.5001602172851562,8.360734939575195,0.6376900672912598,7.5676960945129395,-1.7214698791503906,1.1168419122695923,-7.067535877227783,-7.672163009643555
ev_002246,5.569929122924805,10.832798957824707,3.3237016201019287,5.569929122924805,10.832798957824707,3.3237016201019287,0.0,0.0,0.0,0.0
ev_002247,0.9860570430755615,0.5499441027641296,6.37302827835083,1.9790297746658325,0.5499441027641296,4.355555057525635,-0.992972731590271,0.0,2.0174732208251953,1.0245003700256348
ev_002248,3.320488691329956,8.852724075317383,1.457374095916748,3.320488691329956,8.852724075317383,1.457374095916748,0.0,0.0,0.0,0.0
ev_002249,3.630281686782837,5.960329532623291,36.0619010925293,4.046819686889648,1.0062342882156372,21.06190299987793,-0.4165380001068115,4.954095363616943,14.999998092651367,19.537555694580078
ev_002250,2.019152879714966,0.7395442128181458,12.809709548950195,2.019152879714966,0.7395442128181458,12.809709548950195,0.0,0.0,0.0,0.0
ev_002251,1.1262898445129395,1.41660475730896,2.6236443519592285,1.1262898445129395,1.41660475730896,2.6236443519592285,0.0,0.0,0.0,0.0
ev_002252,6.553528785705566,2.6884355545043945,13.639737129211426,17.446924209594727,8.3932466506958,14.632709503173828,-10.89339542388916,-5.704811096191406,-0.9929723739624023,-17.59117889404297
ev_002253,9.8426513671875,2.2159957885742188,28.941814422607422,9.8426513671875,2.2159957885742188,28.941814422607422,0.0,0.0,0.0,0.0
ev_002254,1.8123260736465454,0.5276111364364624,6.101101875305176,0.8878194093704224,1.0735431909561157,1.7182005643844604,0.924506664276123,-0.5459320545196533,4.382901191711426,4.761476039886475
ev_002255,1.0698997974395752,3.641796350479126,11.305253982543945,1.0698997974395752,3.641796350479126,11.305253982543945,0.0,0.0,0.0,0.0
ev_002256,10.574259757995605,3.871580123901367,5.68223237991333,4.062352657318115,2.3466074466705322,2.018623113632202,6.51190710067749,1.524972677230835,3.663609266281128,11.700489044189453
ev_002257,4.896481037139893,1.821552038192749,29.976703643798828,4.896481037139893,1.821552038192749,29.976703643798828,0.0,0.0,0.0,0.0
ev_002258,81.53594207763672,1.6578046083450317,14.461393356323242,83.38084411621094,5.590026378631592,6.112127780914307,-1.8449020385742188,-3.9322218894958496,8.349266052246094,2.5721435546875
ev_002259,6.26426362991333,3.958195924758911,3.783643960952759,7.742763996124268,0.16441811621189117,6.944939136505127,-1.4785003662109375,3.7937777042388916,-3.161295175552368,-0.8460178375244141
ev_002260,7.507120609283447,1.0455065965652466,21.183752059936523,7.507120609283447,1.0455065965652466,21.183752059936523,0.0,0.0,0.0,0.0
ev_002261,45.76262664794922,8.230921745300293,19.38270378112793,45.76262664794922,8.230921745300293,19.38270378112793,0.0,0.0,0.0,0.0
ev_002262,3.5233399868011475,4.211073875427246,109.83966064453125,3.5233399868011475,4.211073875427246,109.83966064453125,0.0,0.0,0.0,0.0
ev_002263,4.1761603355407715,5.359679698944092,34.925010681152344,4.1761603355407715,5.359679698944092,34.925010681152344,0.0,0.0,0.0,0.0
ev_002264,11.233596801757812,1.015755534172058,16.03097915649414,11.233596801757812,1.015755534172058,16.03097915649414,0.0,0.0,0.0,0.0
ev_002265,1.8148694038391113,9.782402992248535,7.114342212677002,1.6893744468688965,12.189652442932129,7.757340431213379,0.12549495697021484,-2.4072494506835938,-0.642998218536377,-2.924753189086914
ev_002266,2.932220935821533,7.404361248016357,13.473966598510742,2.568828582763672,3.809854507446289,14.920472145080566,0.36339235305786133,3.5945067405700684,-1.4465055465698242,2.511392593383789
ev_002267,5.285052299499512,2.7252914905548096,9.388317108154297,5.285052299499512,2.7252914905548096,9.388317108154297,0.0,0.0,0.0,0.0
ev_002268,2.3338584899902344,0.20052997767925262,19.74039649963379,2.3338584899902344,0.20052997767925262,19.74039649963379,0.0,0.0,0.0,0.0
ev_002269,13.067618370056152,5.437194347381592,18.408296585083008,13.067618370056152,5.437194347381592,18.408296585083008,0.0,0.0,0.0,0.0
ev_002270,6.406619071960449,4.0090012550354,76.570068359375,6.406619071960449,0.9950111508369446,1.5700653791427612,0.0,3.0139901638031006,75.0,78.01399230957031
ev_002271,4.346314430236816,1.156816005706787,14.301716804504395,4.3314104080200195,4.360251426696777,0.7902466058731079,0.014904022216796875,-3.2034354209899902,13.511469841003418,10.322938919067383
ev_002272,1.159955382347107,0.5431779623031616,10.936119079589844,1.159955382347107,0.5431779623031616,10.936119079589844,0.0,0.0,0.0,0.0
ev_002273,18.16413116455078,1.3936326503753662,2.0849549770355225,0.9720070958137512,0.2727266252040863,4.416264057159424,17.192123413085938,1.1209059953689575,-2.3313090801239014,15.981721878051758
ev_002274,12.585521697998047,0.32195407152175903,9.43824291229248,12.585521697998047,0.32195407152175903,9.43824291229248,0.0,0.0,0.0,0.0
ev_002275,6.307661056518555,4.227693557739258,7.857590675354004,5.093059062957764,5.010608673095703,0.6411901712417603,1.214601993560791,-0.7829151153564453,7.216400623321533,7.648085594177246
ev_002276,0.02251703105866909,0.6080942153930664,1.4808650016784668,0.9704557657241821,3.769735813140869,3.0294711589813232,-0.9479387402534485,-3.1616415977478027,-1.5486061573028564,-5.658186912536621
ev_002277,35.98698425292969,4.7654290199279785,90.6797866821289,7.4843668937683105,2.6700432300567627,13.499144554138184,28.50261688232422,2.095385789871216,77.1806411743164,107.77864837646484
ev_002278,3.8089711666107178,6.8844780921936035,7.117593288421631,7.206924915313721,7.04984712600708,7.117593288421631,-3.397953748703003,-0.16536903381347656,0.0,-3.563322067260742
ev_002279,5.999206066131592,3.583859443664551,8.187469482421875,5.999206066131592,3.583859443664551,8.187469482421875,0.0,0.0,0.0,0.0
ev_002280,2.3916304111480713,5.786165714263916,35.782386779785156,2.7550227642059326,2.1916592121124268,38.72843551635742,-0.36339235305786133,3.5945065021514893,-2.9460487365722656,0.285064697265625
ev_002281,36.17273712158203,10.170242309570312,6.304533004760742,36.17273712158203,10.170242309570312,6.304533004760742,0.0,0.0,0.0,0.0
ev_002282,2.4669206142425537,4.9871063232421875,33.56536865234375,1.9631291627883911,1.7172183990478516,7.066884994506836,0.5037914514541626,3.269887924194336,26.498483657836914,30.27216148376465
ev_002283,15.41541862487793,2.8636796474456787,0.756465494632721,15.41541862487793,2.8636796474456787,0.756465494632721,0.0,0.0,0.0,0.0
ev_002284,7.160208225250244,7.79099702835083,9.673876762390137,0.5553669333457947,0.35552459955215454,20.32612419128418,6.604841232299805,7.43547248840332,-10.652247428894043,3.3880672454833984
ev_002285,1.3667497634887695,2.864701747894287,8.867424011230469,1.3667497634887695,2.864701747894287,8.867424011230469,0.0,0.0,0.0,0.0
ev_002286,7.874262809753418,0.7629603147506714,0.8342079520225525,6.621647357940674,0.7844598889350891,3.132922887802124,1.2526154518127441,-0.021499574184417725,-2.2987148761749268,-1.0675992965698242
ev_002287,0.3061318099498749,2.874828577041626,25.204639434814453,0.3061318099498749,2.874828577041626,25.204639434814453,0.0,0.0,0.0,0.0
ev_002288,5.04421329498291,1.6729240417480469,18.003599166870117,4.918718338012695,0.7343250513076782,14.905756950378418,0.12549495697021484,0.9385989904403687,3.097842216491699,4.161937713623047
ev_002289,0.49434831738471985,6.921232223510742,9.408283233642578,0.49434831738471985,6.921232223510742,9.408283233642578,0.0,0.0,0.0,0.0
ev_002290,1.2353664636611938,5.094324111938477,13.872767448425293,1.2353664636611938,5.094324111938477,13.872767448425293,0.0,0.0,0.0,0.0
ev_002291,20.482145309448242,4.553581237792969,2.215258836746216,20.482145309448242,4.553581237792969,2.215258836746216,0.0,0.0,0.0,0.0
ev_002292,8.040826797485352,3.104093074798584,18.046321868896484,9.123939514160156,3.104093074798584,3.046321392059326,-1.0831127166748047,0.0,15.0,13.916887283325195
ev_002293,4.963807582855225,1.8807196617126465,0.014091543853282928,4.963807582855225,1.8807196617126465,0.014091543853282928,0.0,0.0,0.0,0.0
ev_002294,28.599933624267578,5.512601375579834,33.06703186035156,1.4000658988952637,1.9228709936141968,3.067030191421509,27.199867248535156,3.5897302627563477,30.000001907348633,60.78959655761719
ev_002295,4.94582986831665,2.8418853282928467,85.064697265625,4.94582986831665,2.8418853282928467,85.064697265625,0.0,0.0,0.0,0.0
ev_002296,3.7055327892303467,1.8892451524734497,16.758642196655273,3.7055327892303467,1.8892451524734497,16.758642196655273,0.0,0.0,0.0,0.0
ev_002297,0.04184933751821518,4.690782070159912,22.668058395385742,0.04184933751821518,4.690782070159912,22.668058395385742,0.0,0.0,0.0,0.0
ev_002298,79.93962860107422,0.8057958483695984,3.6349575519561768,79.93962860107422,0.8057958483695984,3.6349575519561768,0.0,0.0,0.0,0.0
ev_002299,25.017181396484375,6.826847076416016,30.922657012939453,25.017181396484375,3.2323403358459473,15.922657012939453,0.0,3.5945067405700684,15.0,18.594505310058594
ev_002300,2.151885986328125,1.5785999298095703,6.055412292480469,8.109640121459961,9.080306053161621,3.8454337120056152,-5.957754135131836,-7.501706123352051,2.2099785804748535,-11.249481201171875
ev_002301,3.453282117843628,5.306118488311768,17.4895076751709,3.453282117843628,5.306118488311768,17.4895076751709,0.0,0.0,0.0,0.0
ev_002302,3.4620361328125,7.9972076416015625,4.907657623291016,7.847896099090576,1.517263412475586,6.42525053024292,-4.385859966278076,6.479944229125977,-1.5175929069519043,0.5764904022216797
ev_002303,9.161982536315918,3.659017562866211,33.15690612792969,3.1099846363067627,2.270289421081543,10.900334358215332,6.051998138427734,1.388728141784668,22.256572723388672,29.697296142578125
ev_002304,9.207599639892578,1.4492493867874146,26.886789321899414,6.29649019241333,0.9267615675926208,30.853919982910156,2.911109447479248,0.5224878191947937,-3.967130661010742,-0.5335311889648438
ev_002305,5.649974346160889,6.4055891036987305,13.391114234924316,5.7903733253479,3.2957708835601807,15.726844787597656,-0.14039897918701172,3.10981822013855,-2.33573055267334,0.6336898803710938
ev_002306,2.8997340202331543,5.356044769287109,5.914862632751465,2.8997340202331543,5.356044769287109,5.914862632751465,0.0,0.0,0.0,0.0
ev_002307,48.57206726074219,2.296916961669922,10.904156684875488,48.57206726074219,2.296916961669922,10.904156684875488,0.0,0.0,0.0,0.0
ev_002308,2.010530948638916,0.4151236414909363,26.14986801147461,2.136025905609131,2.8223726749420166,21.858421325683594,-0.12549495697021484,-2.4072489738464355,4.291446685791016,1.7587032318115234
ev_002309,0.390654981136322,2.210110902786255,13.240050315856934,0.09852632135152817,1.630854845046997,1.7599493265151978,0.29212865233421326,0.5792560577392578,11.480100631713867,12.351486206054688
ev_002310,6.281717300415039,1.6121593713760376,8.008288383483887,6.281717300415039,1.6121593713760376,8.008288383483887,0.0,0.0,0.0,0.0
ev_002311,6.913887977600098,2.669558525085449,133.9416961669922,6.913887977600098,2.669558525085449,133.9416961669922,0.0,0.0,0.0,0.0
ev_002312,2.5929670333862305,1.8252390623092651,13.696497917175293,2.229574680328369,5.419745445251465,1.3035024404525757,0.36339235305786133,-3.59450626373291,12.392995834350586,9.161881446838379
ev_002313,4.848728656768799,0.4499271810054779,40.361534118652344,5.352818489074707,0.9724149703979492,36.39440155029297,-0.5040898323059082,-0.5224877595901489,3.967132568359375,2.9405555725097656
ev_002314,7.90138578414917,0.31617164611816406,2.135751724243164,4.906490325927734,13.562922477722168,6.3630290031433105,2.9948954582214355,-13.246750831604004,-4.2272772789001465,-14.479133605957031
ev_002315,5.634823799133301,7.327390193939209,42.46416473388672,5.998211860656738,5.802417278289795,38.80055618286133,-0.3633880615234375,1.524972915649414,3.6636085510253906,4.825191497802734
ev_002316,7.660094261169434,2.9412198066711426,14.014178276062012,7.660094261169434,2.9412198066711426,14.014178276062012,0.0,0.0,0.0,0.0
ev_002317,1.368601679801941,1.2100311517715454,4.675172328948975,1.368601679801941,1.2100311517715454,4.675172328948975,0.0,0.0,0.0,0.0
ev_002318,1.0784800052642822,1.863037347793579,9.308853149414062,0.8572065234184265,3.295663356781006,11.5009765625,0.2212734818458557,-1.4326260089874268,-2.1921234130859375,-3.4034767150878906
ev_002319,40.263275146484375,10.306357383728027,45.315101623535156,34.9421501159668,7.196538925170898,30.315099716186523,5.321125030517578,3.109818458557129,15.000001907348633,23.430946350097656
ev_002320,10.565388679504395,1.998500943183899,21.273876190185547,10.565388679504395,1.998500943183899,21.273876190185547,0.0,0.0,0.0,0.0
ev_002321,10.64885425567627,7.490310192108154,2.227367401123047,6.453618049621582,3.6493444442749023,1.9566541910171509,4.1952362060546875,3.840965747833252,0.270713210105896,8.306914329528809
ev_002322,3.8143041133880615,0.5052907466888428,22.257705688476562,3.8143041133880615,0.5052907466888428,22.257705688476562,0.0,0.0,0.0,0.0
ev_002323,42.80099868774414,10.326868057250977,82.55965423583984,27.80099868774414,0.21842272579669952,3.8045313358306885,15.0,10.108445167541504,78.75511932373047,103.86357879638672
ev_002324,4.241673469543457,0.7878949642181396,29.75620460510254,8.566203117370605,1.9088009595870972,23.254985809326172,-4.324529647827148,-1.1209059953689575,6.501218795776367,1.0557861328125
ev_002325,3.133082151412964,0.4623933434486389,0.5350052118301392,3.133082151412964,0.4623933434486389,0.5350052118301392,0.0,0.0,0.0,0.0
ev_002326,5.448214530944824,10.552963256835938,29.107406616210938,4.944124698638916,2.791719675064087,14.107405662536621,0.5040898323059082,7.76124382019043,15.000000953674316,23.265335083007812
ev_002327,31.562572479248047,6.501977920532227,31.233083724975586,16.562572479248047,2.9074716567993164,16.233083724975586,15.0,3.59450626373291,15.0,33.594512939453125
ev_002328,3.3381032943725586,11.827812194824219,12.784200668334961,3.3381032943725586,11.827812194824219,12.784200668334961,0.0,0.0,0.0,0.0
ev_002329,2.690143585205078,1.7864990234375,19.42024803161621,2.690143585205078,1.7864990234375,9.54516315460205,0.0,0.0,9.87508487701416,9.87508487701416
ev_002330,12.760452270507812,4.670466899871826,32.63972854614258,13.613025665283203,2.8940610885620117,16.64675521850586,-0.8525733947753906,1.7764058113098145,15.992973327636719,16.916805267333984
ev_002331,4.078901290893555,1.6114476919174194,13.829634666442871,4.078901290893555,1.6114476919174194,13.829634666442871,0.0,0.0,0.0,0.0
ev_002332,8.234602928161621,0.7241659164428711,20.534727096557617,8.234602928161621,0.7241659164428711,20.534727096557617,0.0,0.0,0.0,0.0
ev_002333,9.746137619018555,7.488853454589844,3.5797672271728516,1.5637953281402588,0.7128991484642029,5.615070343017578,8.182342529296875,6.775954246520996,-2.0353031158447266,12.922993659973145
ev_002334,2.7955081462860107,1.2045133113861084,11.738667488098145,2.7955081462860107,1.2045133113861084,11.738667488098145,0.0,0.0,0.0,0.0
ev_002335,5.731700897216797,2.6307153701782227,5.929173469543457,5.731700897216797,2.6307153701782227,5.929173469543457,0.0,0.0,0.0,0.0
ev_002336,32.991390228271484,5.618593692779541,5.262404441833496,32.991390228271484,5.618593692779541,5.262404441833496,0.0,0.0,0.0,0.0
ev_002337,5.168089389801025,1.131969690322876,10.78857135772705,4.30061149597168,0.8870174288749695,3.1578309535980225,0.8674778938293457,0.2449522614479065,7.630740165710449,8.743170738220215
ev_002338,3.0973458290100098,6.513096809387207,11.295086860656738,3.0973458290100098,4.105847358703613,11.295086860656738,0.0,2.4072494506835938,0.0,2.4072494506835938
ev_002339,2.672926902770996,2.478053092956543,14.099696159362793,2.672926902770996,2.478053092956543,14.099696159362793,0.0,0.0,0.0,0.0
ev_002340,10.393594741821289,2.759477138519287,33.12699890136719,1.1714565753936768,2.2369892597198486,17.13402557373047,9.222138404846191,0.5224878787994385,15.992973327636719,25.737600326538086
ev_002341,4.933528900146484,7.435523509979248,12.353814125061035,4.933528900146484,7.435523509979248,12.353814125061035,0.0,0.0,0.0,0.0
ev_002342,1.4768967628479004,10.343789100646973,19.24530601501465,6.315448760986328,1.0486003160476685,10.013784408569336,-4.838551998138428,9.295188903808594,9.231521606445312,13.68815803527832
ev_002343,3.357490062713623,3.0777015686035156,4.094549655914307,1.992499828338623,4.2646565437316895,0.4309402406215668,1.364990234375,-1.1869549751281738,3.663609504699707,3.841644763946533
ev_002344,4.497183322906494,6.1033806800842285,83.60887908935547,4.497183322906494,6.1033806800842285,83.60887908935547,0.0,0.0,0.0,0.0
ev_002345,5.338765621185303,1.9599417448043823,9.205575942993164,5.338765621185303,1.9599417448043823,9.205575942993164,0.0,0.0,0.0,0.0
ev_002346,13.53034782409668,4.348450660705566,33.93073272705078,13.94688606262207,0.6056444048881531,18.93073081970215,-0.4165382385253906,3.7428061962127686,15.000001907348633,18.326271057128906
ev_002347,5.850070953369141,7.059447288513184,36.34751892089844,6.957805156707764,5.938541412353516,27.848739624023438,-1.107734203338623,1.120905876159668,8.498779296875,8.511951446533203
ev_002348,11.992109298706055,0.7242480516433716,10.548633575439453,4.784455299377441,4.980563163757324,12.361847877502441,7.207653999328613,-4.256315231323242,-1.8132143020629883,1.1381263732910156
ev_002349,5.407496929168701,2.708195447921753,111.89474487304688,5.407496929168701,2.708195447921753,111.89474487304688,0.0,0.0,0.0,0.0
ev_002350,5.345767498016357,1.2081470489501953,1.2832534313201904,5.345767498016357,1.2081470489501953,1.2832534313201904,0.0,0.0,0.0,0.0
ev_002351,32.42357635498047,0.2989729642868042,0.19890625774860382,32.42357635498047,0.2989729642868042,0.19890625774860382,0.0,0.0,0.0,0.0
ev_002352,36.89405822753906,3.0002779960632324,35.74930191040039,21.894060134887695,0.5942285060882568,20.749300003051758,14.999998092651367,2.4060494899749756,15.000001907348633,32.40605163574219
ev_002353,0.46573394536972046,2.968818187713623,7.545907497406006,3.2243335247039795,6.194760322570801,8.648021697998047,-2.7585995197296143,-3.2259421348571777,-1.102114200592041,-7.08665657043457
ev_002354,2.025944948196411,5.695958137512207,5.755251407623291,2.025944948196411,5.695958137512207,5.755251407623291,0.0,0.0,0.0,0.0
ev_002355,1.4558449983596802,0.3104318082332611,2.5196099281311035,1.8723827600479126,0.3104318082332611,3.585930585861206,-0.4165377616882324,0.0,-1.0663206577301025,-1.482858657836914
ev_002356,3.4218533039093018,3.785006046295166,26.258705139160156,3.4218533039093018,3.785006046295166,26.258705139160156,0.0,0.0,0.0,0.0
ev_002357,6.247867584228516,4.162344932556152,41.231563568115234,6.247867584228516,4.162344932556152,41.231563568115234,0.0,0.0,0.0,0.0
ev_002358,4.706475734710693,0.3145449757575989,9.478737831115723,4.706475734710693,0.3145449757575989,9.478737831115723,0.0,0.0,0.0,0.0
ev_002359,1.8123443126678467,4.335485935211182,8.340387344360352,1.6719452142715454,1.2256674766540527,10.676117897033691,0.14039909839630127,3.109818458557129,-2.33573055267334,0.9144868850708008
ev_002360,0.7698943614959717,4.861164093017578,3.95055890083313,1.2739841938018799,4.86116361618042,0.005986200645565987,-0.5040898323059082,4.76837158203125e-07,3.944572687149048,3.4404830932617188
ev_002361,75.09793090820312,4.6503496170043945,22.161352157592773,4.133581638336182,0.8093840479850769,36.67217254638672,70.96434783935547,3.840965509414673,-14.510820388793945,60.294498443603516
ev_002362,5.218280792236328,2.245201349258423,10.881966590881348,1.0823808908462524,2.245201349258423,10.881966590881348,4.135900020599365,0.0,0.0,4.135898590087891
ev_002363,6.671299934387207,5.024086952209473,10.978580474853516,5.999643325805664,11.251385688781738,4.021419525146484,0.671656608581543,-6.227298736572266,6.957160949707031,1.4015178680419922
ev_002364,93.4742202758789,2.4326391220092773,32.09528732299805,93.4742202758789,2.4326391220092773,32.09528732299805,0.0,0.0,0.0,0.0
ev_002365,2.8055503368377686,0.030032698065042496,18.576215744018555,2.8055503368377686,0.030032698065042496,18.576215744018555,0.0,0.0,0.0,0.0
ev_002366,1.7227119207382202,1.6564894914627075,0.7199190258979797,3.14570689201355,0.44529977440834045,2.943690299987793,-1.4229949712753296,1.2111897468566895,-2.223771333694458,-2.4355764389038086
ev_002367,4.095015525817871,7.683843612670898,106.61524200439453,4.095015525817871,7.683843612670898,106.61524200439453,0.0,0.0,0.0,0.0
ev_002368,4.458851337432861,6.049318790435791,16.02078628540039,10.177756309509277,2.4548120498657227,12.150261878967285,-5.718904972076416,3.5945067405700684,3.8705244064331055,1.7461280822753906
ev_002369,2.966127634048462,2.8843588829040527,0.12471835315227509,1.1529130935668945,8.88969898223877,0.3644629418849945,1.8132145404815674,-6.005340099334717,-0.23974458873271942,-4.431869983673096
ev_002370,7.911715030670166,0.6449108719825745,12.4673433303833,8.40059757232666,4.577132701873779,1.3129485845565796,-0.48888254165649414,-3.9322218894958496,11.15439510345459,6.7332916259765625
ev_002371,2.315844774246216,0.5396575927734375,8.60640811920166,2.315844774246216,0.5396575927734375,8.60640811920166,0.0,0.0,0.0,0.0
ev_002372,85.24948120117188,1.4781345129013062,17.23351287841797,85.24948120117188,1.4781345129013062,17.23351287841797,0.0,0.0,0.0,0.0
ev_002373,10.62038803100586,4.127732753753662,29.8004207611084,8.428264617919922,3.006826877593994,20.654314041137695,2.1921234130859375,1.120905876159668,9.146106719970703,12.459136962890625
ev_002374,2.7715494632720947,0.3612539768218994,8.501291275024414,2.7715494632720947,0.3612539768218994,8.501291275024414,0.0,0.0,0.0,0.0
ev_002375,86.7456283569336,1.3299087285995483,1.3367894887924194,86.7456283569336,1.3299087285995483,1.3367894887924194,0.0,0.0,0.0,0.0
ev_002376,0.022478684782981873,4.840044021606445,6.731564521789551,0.4664042890071869,0.9078226685523987,23.268436431884766,-0.4439256191253662,3.9322214126586914,-16.53687286376953,-13.048576354980469
ev_002377,5.440032005310059,1.04482901096344,24.95880126953125,5.440032005310059,1.04482901096344,24.95880126953125,0.0,0.0,0.0,0.0
ev_002378,3.525439739227295,2.0775136947631836,19.6068058013916,4.6085524559021,2.0775136947631836,4.60680627822876,-1.0831127166748047,0.0,15.0,13.916886329650879
ev_002379,75.52313232421875,7.179990768432617,0.9233522415161133,75.52313232421875,7.179990768432617,0.9233522415161133,0.0,0.0,0.0,0.0
ev_002380,0.9542522430419922,4.322997093200684,17.96187973022461,0.5436915755271912,2.955353021621704,10.35854721069336,0.410560667514801,1.3676440715789795,7.60333251953125,9.381536483764648
ev_002381,3.611880302429199,5.0448222160339355,12.888757705688477,3.4863853454589844,2.637573003768921,15.986599922180176,0.12549495697021484,2.4072492122650146,-3.097842216491699,-0.5650978088378906
ev_002382,8.329310417175293,4.187401294708252,22.398439407348633,69.4259033203125,6.357889175415039,22.601560592651367,-61.09659194946289,-2.170487880706787,-0.20312118530273438,-63.47019958496094
ev_002383,0.1435641199350357,7.968656063079834,8.079917907714844,0.1435641199350357,7.968656063079834,8.079917907714844,0.0,0.0,0.0,0.0
ev_002384,14.979809761047363,1.205214500427246,18.138715744018555,14.616416931152344,4.7997212409973145,3.1387150287628174,0.36339282989501953,-3.5945067405700684,15.000000953674316,11.768884658813477
ev_002385,2.232445240020752,9.367837905883789,39.333763122558594,3.085019111633301,1.8033101558685303,23.340789794921875,-0.8525738716125488,7.56452751159668,15.992973327636719,22.704925537109375
ev_002386,13.564733505249023,0.15020376443862915,19.99367332458496,9.47177791595459,1.151576280593872,18.99533462524414,4.092955589294434,-1.0013725757598877,0.9983386993408203,4.089921951293945
ev_002387,11.37893009185791,2.1606428623199463,8.507067680358887,3.2576816082000732,2.8267674446105957,13.095947265625,8.121248245239258,-0.6661245822906494,-4.588879585266113,2.866243362426758
ev_002388,2.899000644683838,2.740327835083008,31.418394088745117,2.4824628829956055,2.2137672901153564,16.418394088745117,0.4165377616882324,0.5265605449676514,15.0,15.943099975585938
ev_002389,3.7580857276916504,1.1233270168304443,7.470628261566162,3.7580857276916504,1.1233270168304443,7.470628261566162,0.0,0.0,0.0,0.0
ev_002390,1.3676342964172363,0.2898476719856262,18.895721435546875,1.3676342964172363,0.2898476719856262,18.895721435546875,0.0,0.0,0.0,0.0
ev_002391,11.74589729309082,1.6078822612762451,20.52613067626953,12.598471641540527,5.956645488739014,7.719218730926514,-0.852574348449707,-4.348763465881348,12.80691146850586,7.605573654174805
ev_002392,0.3340149223804474,0.30675363540649414,3.297886848449707,0.3340149223804474,0.30675363540649414,3.297886848449707,0.0,0.0,0.0,0.0
ev_002393,4.73274040222168,8.179879188537598,2.2831063270568848,2.797053813934326,0.6153515577316284,10.903678894042969,1.9356865882873535,7.56452751159668,-8.620573043823242,0.8796424865722656
ev_002394,0.23807156085968018,3.0771491527557373,5.070549488067627,0.6546093821525574,1.8769460916519165,11.176090240478516,-0.4165378212928772,1.2002030611038208,-6.105540752410889,-5.321874618530273
ev_002395,4.855968952178955,3.965197801589966,133.23626708984375,4.855968952178955,3.965197801589966,133.23626708984375,0.0,0.0,0.0,0.0
ev_002396,10.431262969970703,5.4220781326293945,13.114994049072266,10.431262969970703,5.4220781326293945,13.114994049072266,0.0,0.0,0.0,0.0
ev_002397,6.241716384887695,2.0781702995300293,84.60907745361328,6.241716384887695,2.0781702995300293,84.60907745361328,0.0,0.0,0.0,0.0
ev_002398,2.719727039337158,2.0881495475769043,9.304825782775879,2.86012601852417,1.816027045249939,6.969095706939697,-0.14039897918701172,0.27212250232696533,2.3357300758361816,2.467453956604004
ev_002399,11.296701431274414,5.567985534667969,23.499292373657227,11.296701431274414,5.567985534667969,5.693105220794678,0.0,0.0,17.80618667602539,17.80618667602539
ev_002400,6.4140520095825195,7.786856651306152,12.6826171875,7.59297513961792,2.7584338188171387,133.04595947265625,-1.1789231300354004,5.028422832489014,-120.36334228515625,-116.51383972167969
ev_002401,60.99931716918945,0.474645733833313,0.8769973516464233,60.99931716918945,0.474645733833313,0.8769973516464233,0.0,0.0,0.0,0.0
ev_002402,28.175464630126953,7.579948425292969,31.570392608642578,2.3137166500091553,3.738982677459717,0.7388322949409485,25.86174774169922,3.840965747833252,30.831560134887695,60.53427505493164
ev_002403,1.9819419384002686,0.2195100337266922,8.76195240020752,1.8415428400039673,3.3293282985687256,11.09768295288086,0.14039909839630127,-3.10981822013855,-2.33573055267334,-5.305150032043457
ev_002404,9.013947486877441,3.8831140995025635,17.87954330444336,9.013947486877441,3.8831140995025635,17.87954330444336,0.0,0.0,0.0,0.0
ev_002405,4.298356533050537,4.5897297859191895,6.13384485244751,1.5263758897781372,5.112217426300049,1.712065577507019,2.7719807624816895,-0.5224876403808594,4.421779155731201,6.671272277832031
ev_002406,1.162100911140442,4.9793701171875,0.8281131386756897,1.162100911140442,4.9793701171875,0.8281131386756897,0.0,0.0,0.0,0.0
ev_002407,8.722419738769531,9.103703498840332,10.741812705993652,9.805532455444336,9.103703498840332,4.258187770843506,-1.0831127166748047,0.0,6.4836249351501465,5.400510787963867
ev_002408,2.8754448890686035,3.0062828063964844,99.73046112060547,2.8754448890686035,3.0062828063964844,99.73046112060547,0.0,0.0,0.0,0.0
ev_002409,3.3787167072296143,0.5166061520576477,23.347074508666992,3.3787167072296143,0.5166061520576477,23.347074508666992,0.0,0.0,0.0,0.0
ev_002410,0.0054683987982571125,1.1816322803497314,3.280609607696533,0.3579195439815521,2.216930866241455,0.38299983739852905,-0.3524511456489563,-1.0352985858917236,2.8976097106933594,1.5098602771759033
ev_002411,14.332413673400879,9.080309867858887,7.250678062438965,14.332413673400879,9.080309867858887,7.250678062438965,0.0,0.0,0.0,0.0
ev_002412,4.172481060028076,1.627206563949585,8.187066078186035,5.3785576820373535,1.627206563949585,8.187066078186035,-1.2060766220092773,0.0,0.0,-1.2060766220092773
ev_002413,3.617804527282715,5.020707607269287,12.355243682861328,3.617804527282715,5.020707607269287,12.355243682861328,0.0,0.0,0.0,0.0
ev_002414,3.64571213722229,2.3752834796905518,19.470951080322266,3.64571213722229,2.3752834796905518,19.470951080322266,0.0,0.0,0.0,0.0
ev_002415,4.34814977645874,10.030404090881348,26.06853485107422,4.7115373611450195,11.555377006530762,17.672603607177734,-0.3633875846862793,-1.524972915649414,8.395931243896484,6.507572174072266
ev_002416,3.977282762527466,1.7489112615585327,5.08840274810791,3.977282762527466,1.7489112615585327,5.08840274810791,0.0,0.0,0.0,0.0
ev_002417,3.6252074241638184,0.013636733405292034,13.782604217529297,3.6252074241638184,0.013636733405292034,13.782604217529297,0.0,0.0,0.0,0.0
ev_002418,4.210753917694092,4.612605571746826,18.658973693847656,5.203726768493652,0.1578962206840515,22.930389404296875,-0.9929728507995605,4.454709529876709,-4.271415710449219,-0.8096771240234375
ev_002419,6.1623005867004395,2.40301775932312,11.995762825012207,2.4722330570220947,2.228696346282959,10.893649101257324,3.6900675296783447,0.17432141304016113,1.1021137237548828,4.9665021896362305
ev_002420,3.5420045852661133,2.13818097114563,2.8510453701019287,3.5420045852661133,2.13818097114563,2.8510453701019287,0.0,0.0,0.0,0.0
ev_002421,0.8590006828308105,1.6449397802352905,24.302629470825195,0.8590006828308105,1.6449397802352905,24.302629470825195,0.0,0.0,0.0,0.0
ev_002422,13.177337646484375,2.291815996170044,3.2208967208862305,13.177337646484375,2.291815996170044,3.2208967208862305,0.0,0.0,0.0,0.0
ev_002423,0.15955060720443726,3.0017924308776855,16.33323097229004,5.928030014038086,4.3379716873168945,5.4398369789123535,-5.768479347229004,-1.336179256439209,10.893394470214844,3.7887344360351562
ev_002424,4.525138854980469,11.110011100769043,20.40256118774414,4.525138854980469,11.110011100769043,20.40256118774414,0.0,0.0,0.0,0.0
ev_002425,6.910233974456787,5.493954658508301,13.614156723022461,6.238577365875244,11.721253395080566,1.3858433961868286,0.671656608581543,-6.227298736572266,12.228313446044922,6.672670364379883
ev_002426,4.558286666870117,2.214240312576294,12.35055160522461,6.751646041870117,0.7837079763412476,13.452665328979492,-2.193359375,1.4305323362350464,-1.1021137237548828,-1.8649425506591797
ev_002427,3.915834665298462,10.52702522277832,2.1703503131866455,17.967042922973633,3.9120850563049316,2.1703503131866455,-14.05120849609375,6.614940166473389,0.0,-7.436267852783203
ev_002428,9.222023010253906,1.6452556848526,20.815631866455078,2.0146782398223877,1.9656927585601807,8.725180625915527,7.207345008850098,-0.32043707370758057,12.09045124053955,18.977359771728516
ev_002429,4.980279922485352,8.933547019958496,10.766777038574219,20.396818161010742,13.887641906738281,4.233222484588623,-15.41653823852539,-4.954094886779785,6.533554553985596,-13.837081909179688
ev_002430,32.58584976196289,7.565273284912109,13.461535453796387,32.58584976196289,7.565273284912109,13.461535453796387,0.0,0.0,0.0,0.0
ev_002431,18.061302185058594,2.371473550796509,19.387861251831055,86.9386978149414,0.9584213495254517,2.4073057174682617,-68.87739562988281,1.4130522012710571,16.98055648803711,-50.48378372192383
ev_002432,8.768712997436523,8.218676567077637,1.5797228813171387,7.775740623474121,14.309258460998535,2.6916940212249756,0.9929723739624023,-6.090581893920898,-1.111971139907837,-6.20958137512207
ev_002433,0.5203171968460083,3.093707323074341,24.833011627197266,0.9368550181388855,1.8603878021240234,12.616073608398438,-0.4165378212928772,1.2333195209503174,12.216938018798828,13.033720016479492
ev_002434,1.863301157951355,5.609936237335205,13.619388580322266,1.863301157951355,5.609936237335205,13.619388580322266,0.0,0.0,0.0,0.0
ev_002435,2.0459582805633545,3.596129894256592,21.510425567626953,2.0459582805633545,3.596129894256592,21.510425567626953,0.0,0.0,0.0,0.0
ev_002436,3.6072397232055664,2.5511016845703125,2.119722843170166,3.6072397232055664,2.5511016845703125,2.119722843170166,0.0,0.0,0.0,0.0
ev_002437,4.204636096954346,1.5963891744613647,20.337656021118164,4.204636096954346,1.5963891744613647,20.337656021118164,0.0,0.0,0.0,0.0
ev_002438,7.039979934692383,3.909186601638794,0.5935894250869751,7.039979934692383,3.909186601638794,0.5935894250869751,0.0,0.0,0.0,0.0
ev_002439,32.48960494995117,7.39063024520874,33.17089080810547,17.489606857299805,3.796123743057251,18.170888900756836,14.999998092651367,3.5945065021514893,15.000001907348633,33.594505310058594
ev_002440,5.541177272796631,6.151411533355713,3.7224698066711426,6.030060291290283,6.151411533355713,3.038982391357422,-0.48888301849365234,0.0,0.6834874153137207,0.19460391998291016
ev_002441,76.27580261230469,3.4466552734375,31.311294555664062,76.27580261230469,3.4466552734375,31.311294555664062,0.0,0.0,0.0,0.0
ev_002442,6.9497222900390625,0.5235400199890137,7.654811382293701,6.9497222900390625,0.5235400199890137,7.654811382293701,0.0,0.0,0.0,0.0
ev_002443,52.4512939453125,10.821086883544922,29.12883949279785,6.555731773376465,0.27579593658447266,18.40025520324707,45.89556121826172,10.54529094696045,10.728584289550781,67.16944122314453
ev_002444,8.221866607666016,3.609978675842285,2.8307878971099854,8.221866607666016,3.609978675842285,2.8307878971099854,0.0,0.0,0.0,0.0
ev_002445,12.944519996643066,0.7536126971244812,33.47549819946289,0.38649582862854004,4.6858344078063965,18.47549819946289,12.558024406433105,-3.9322216510772705,15.0,23.62580108642578
ev_002446,5.194049835205078,2.6806182861328125,26.574697494506836,5.194049835205078,2.6806182861328125,26.574697494506836,0.0,0.0,0.0,0.0
ev_002447,2.353073835372925,8.303915023803711,19.168622970581055,2.353073835372925,8.303915023803711,19.168622970581055,0.0,0.0,0.0,0.0
ev_002448,2.0438523292541504,7.919076442718506,3.1159000396728516,2.0438523292541504,7.919076442718506,3.1159000396728516,0.0,0.0,0.0,0.0
ev_002449,0.13361616432666779,4.073352813720703,22.657379150390625,0.008121156133711338,6.480601787567139,13.73516845703125,0.12549500167369843,-2.4072489738464355,8.922210693359375,6.64045524597168
ev_002450,1.768435001373291,7.112934112548828,4.306354522705078,3.246605396270752,1.5958666801452637,10.243790626525879,-1.478170394897461,5.5170674324035645,-5.937436103820801,-1.8985395431518555
ev_002451,2.041416645050049,9.70107364654541,1.507079005241394,3.0343894958496094,5.464612007141113,9.221504211425781,-0.9929728507995605,4.236461639404297,-7.714425086975098,-4.470934867858887
ev_002452,0.6962206363677979,4.050887584686279,3.907135486602783,0.16024914383888245,2.5259149074554443,7.57074499130249,0.5359715223312378,1.524972677230835,-3.663609504699707,-1.602665901184082
ev_002453,2.84055233001709,0.32476863265037537,28.8288516998291,14.351571083068848,1.4456746578216553,22.327632904052734,-11.511018753051758,-1.1209059953689575,6.501218795776367,-6.130704879760742
ev_002454,6.749786853790283,4.177505970001221,12.707731246948242,5.751529693603516,0.33654043078422546,2.292268991470337,0.9982571601867676,3.840965509414673,10.415462493896484,15.25468635559082
ev_002455,0.31787997484207153,2.465003252029419,13.169118881225586,0.17130132019519806,1.375962495803833,1.830881118774414,0.14657865464687347,1.089040756225586,11.338237762451172,12.573856353759766
ev_002456,3.711513042449951,2.2638986110687256,0.648200273513794,1.226531744003296,1.6722224950790405,1.6875300407409668,2.4849812984466553,0.5916761159896851,-1.0393297672271729,2.037327289581299
ev_002457,6.103845119476318,4.4556427001953125,40.53083419799805,6.467233180999756,2.9306702613830566,36.867225646972656,-0.3633880615234375,1.5249724388122559,3.6636085510253906,4.8251953125
ev_002458,1.3893446922302246,10.190558433532715,11.464858055114746,1.3893446922302246,1.2643791437149048,11.464858055114746,0.0,8.926178932189941,0.0,8.926179885864258
ev_002459,0.30040091276168823,4.360274314880371,18.785907745361328,3.735349655151367,4.882762432098389,16.972692489624023,-3.434948682785034,-0.5224881172180176,1.8132152557373047,-2.1442222595214844
ev_002460,4.885504722595215,0.39710405468940735,9.901126861572266,7.9223713874816895,1.5474847555160522,24.901126861572266,-3.0368666648864746,-1.1503807306289673,-15.0,-19.18724822998047
ev_002461,3.73305344581604,6.286838531494141,6.7363481521606445,3.73305344581604,6.286838531494141,6.7363481521606445,0.0,0.0,0.0,0.0
ev_002462,5.538493633270264,5.742056369781494,27.1882381439209,4.685919761657715,1.6934159994125366,79.74745178222656,0.8525738716125488,4.048640251159668,-52.55921173095703,-47.657997131347656
ev_002463,5.295796871185303,6.321558952331543,14.732704162597656,2.713421583175659,0.7204810976982117,14.732704162597656,2.5823752880096436,5.601078033447266,0.0,8.183452606201172
ev_002464,7.340470790863037,0.41255542635917664,6.268520355224609,7.703858852386475,1.9375280141830444,16.362220764160156,-0.3633880615234375,-1.5249725580215454,-10.093700408935547,-11.982062339782715
ev_002465,8.121272087097168,0.5330931544303894,49.375892639160156,0.7731873989105225,5.487188339233398,33.959354400634766,7.348084449768066,-4.954095363616943,15.41653823852539,17.810527801513672
ev_002466,0.7112061381340027,11.559649467468262,12.746702194213867,1.0745941400527954,13.08462142944336,0.4845186471939087,-0.3633880019187927,-1.5249719619750977,12.26218318939209,10.373824119567871
ev_002467,3.804973602294922,8.538387298583984,10.27636432647705,3.804973602294922,8.538387298583984,10.27636432647705,0.0,0.0,0.0,0.0
ev_002468,1.440407633781433,2.698974847793579,8.777430534362793,9.869524955749512,7.959931373596191,0.7936249375343323,-8.429117202758789,-5.260956764221191,7.9838056564331055,-5.706268310546875
ev_002469,4.023757457733154,0.6105571389198303,11.524158477783203,4.023757457733154,0.6105571389198303,11.524158477783203,0.0,0.0,0.0,0.0
ev_002470,6.598751544952393,0.5699267387390137,35.523284912109375,7.102841377258301,0.04743894562125206,31.556154251098633,-0.5040898323059082,0.5224878191947937,3.967130661010742,3.9855270385742188
ev_002471,0.3370591998100281,0.0707305446267128,1.644682765007019,7.878346920013428,0.9420734643936157,21.80670928955078,-7.541287899017334,-0.8713428974151611,-20.16202735900879,-28.574655532836914
ev_002472,9.554443359375,2.908295154571533,26.11939811706543,9.414044380187988,6.018113613128662,11.11939811706543,0.14039897918701172,-3.109818458557129,15.0,12.030582427978516
ev_002473,15.749674797058105,12.147887229919434,4.330718517303467,15.749674797058105,12.147887229919434,4.330718517303467,0.0,0.0,0.0,0.0
ev_002474,0.5408949255943298,1.8529244661331177,32.34062957763672,0.5408949255943298,1.8529244661331177,32.34062957763672,0.0,0.0,0.0,0.0
ev_002475,1.665101170539856,0.4196262061595917,4.198309421539307,1.665101170539856,0.4196262061595917,4.198309421539307,0.0,0.0,0.0,0.0
ev_002476,0.7867646217346191,8.43239974975586,112.61280822753906,0.7867646217346191,8.43239974975586,112.61280822753906,0.0,0.0,0.0,0.0
ev_002477,9.214672088623047,1.6946003437042236,18.937870025634766,9.214672088623047,1.6946003437042236,18.937870025634766,0.0,0.0,0.0,0.0
ev_002478,0.5080080032348633,5.286208629608154,22.683948516845703,6.8612518310546875,6.81118106842041,18.903949737548828,-6.353243827819824,-1.5249724388122559,3.779998779296875,-4.098217010498047
ev_002479,51.06331253051758,1.323819637298584,74.5451889038086,6.616514205932617,2.2706868648529053,8.265340805053711,44.446800231933594,-0.9468672275543213,66.27984619140625,109.77977752685547
ev_002480,2.39920973777771,6.5522284507751465,2.9753479957580566,2.39920973777771,6.5522284507751465,2.9753479957580566,0.0,0.0,0.0,0.0
ev_002481,9.412395477294922,0.2698703110218048,1.0518349409103394,9.412395477294922,0.2698703110218048,1.0518349409103394,0.0,0.0,0.0,0.0
ev_002482,8.779585838317871,4.1260986328125,19.951688766479492,2.5303471088409424,0.2149951010942459,18.84957504272461,6.249238967895508,3.9111034870147705,1.1021137237548828,11.262454986572266
ev_002483,57.85602951049805,4.7053704261779785,6.709224700927734,6.544224262237549,0.8644048571586609,21.220043182373047,51.311805725097656,3.840965509414673,-14.510818481445312,40.64196014404297
ev_002484,1.9971346855163574,0.9766755104064941,26.301664352416992,62.17632293701172,9.568614959716797,15.573080062866211,-60.1791877746582,-8.591939926147461,10.728584289550781,-58.04254150390625
ev_002485,0.48483651876449585,0.36279791593551636,11.046472549438477,0.48483651876449585,0.36279791593551636,11.046472549438477,0.0,0.0,0.0,0.0
ev_002486,0.9241077303886414,2.3798370361328125,11.60699462890625,3.433289051055908,2.508023738861084,11.60699462890625,-2.509181261062622,-0.12818670272827148,0.0,-2.6373682022094727
ev_002487,6.845348834991455,6.9479193687438965,17.129518508911133,6.985747814178467,3.8381009101867676,19.465248107910156,-0.14039897918701172,3.109818458557129,-2.3357295989990234,0.6336898803710938
ev_002488,4.933543682098389,3.0750813484191895,100.14568328857422,4.933543682098389,3.0750813484191895,100.14568328857422,0.0,0.0,0.0,0.0
ev_002489,8.262388229370117,2.248347043991089,9.545361518859863,4.401881217956543,5.358165264129639,9.545361518859863,3.860507011413574,-3.10981822013855,0.0,0.7506885528564453
ev_002490,9.582518577575684,1.907332181930542,14.520292282104492,9.999056816101074,6.861427307128906,0.4797079861164093,-0.4165382385253906,-4.954094886779785,14.040584564208984,8.669950485229492
ev_002491,7.349642276763916,0.9502627849578857,14.187397003173828,7.349642276763916,0.9502627849578857,14.187397003173828,0.0,0.0,0.0,0.0
ev_002492,3.4218177795410156,7.453897476196289,22.13881492614746,3.785205602645874,8.978869438171387,17.54115104675293,-0.3633878231048584,-1.5249719619750977,4.597663879394531,2.7093048095703125
ev_002493,7.3904709815979,7.667219161987305,9.805622100830078,24.4053955078125,2.8780715465545654,0.9229611754417419,-17.014925003051758,4.78914737701416,8.882660865783691,-3.3431148529052734
ev_002494,3.9437167644500732,3.0134170055389404,14.746023178100586,4.81119441986084,2.489696741104126,7.115283012390137,-0.8674776554107666,0.5237202644348145,7.630740165710449,7.286983489990234
ev_002495,1.1146788597106934,4.56214714050293,2.4360830783843994,2.128748655319214,15.971769332885742,5.871031761169434,-1.0140697956085205,-11.409622192382812,-3.434948682785034,-15.858640670776367
ev_002496,3.573496103286743,7.898290634155273,16.3958683013916,3.509018659591675,1.3943793773651123,1.3958690166473389,0.06447744369506836,6.503911018371582,14.999999046325684,21.568387985229492
ev_002497,2.804252862930298,3.0781733989715576,3.103792190551758,2.804252862930298,3.0781733989715576,3.103792190551758,0.0,0.0,0.0,0.0
ev_002498,5.000705718994141,0.6042114496231079,12.492786407470703,5.000705718994141,0.498026043176651,0.06822504848241806,0.0,0.10618540644645691,12.424561500549316,12.530747413635254
ev_002499,1.0966728925704956,5.650059223175049,22.831384658813477,1.0966728925704956,5.650059223175049,22.831384658813477,0.0,0.0,0.0,0.0
ev_002500,1.6412062644958496,1.5415492057800293,20.60795783996582,5.32694673538208,1.5415492057800293,5.6079583168029785,-3.6857404708862305,0.0,15.0,11.314260482788086
ev_002501,0.025828437879681587,5.463817596435547,3.6651203632354736,0.025828437879681587,9.277666091918945,3.6651203632354736,0.0,-3.8138484954833984,0.0,-3.8138484954833984
ev_002502,0.24499118328094482,2.7652745246887207,17.76030158996582,0.10459211468696594,5.87509298324585,3.61873197555542,0.14039906859397888,-3.109818458557129,14.141569137573242,11.172149658203125
ev_002503,0.5648647546768188,6.044543743133545,28.194971084594727,0.5648647546768188,6.044543743133545,28.194971084594727,0.0,0.0,0.0,0.0
ev_002504,5.182831764221191,5.317708492279053,32.33905792236328,1.9437040090560913,2.434563159942627,17.762144088745117,3.2391276359558105,2.883145332336426,14.576913833618164,20.699188232421875
ev_002505,1.234037160873413,4.22142219543457,26.354164123535156,0.870644748210907,0.626915693283081,11.354164123535156,0.3633924126625061,3.5945065021514893,15.0,18.95789909362793
ev_002506,8.007994651794434,6.686764240264893,22.006364822387695,7.591456890106201,1.7326688766479492,15.880066871643066,0.4165377616882324,4.954095363616943,6.126297950744629,11.496932983398438
ev_002507,1.270134449005127,5.255896091461182,12.033637046813965,0.2771615982055664,0.8011865615844727,10.870138168334961,0.9929728507995605,4.454709529876709,1.163498878479004,6.611181259155273
ev_002508,2.9787404537200928,0.07318364083766937,7.4303693771362305,2.9787404537200928,0.07318364083766937,7.4303693771362305,0.0,0.0,0.0,0.0
ev_002509,3.9923617839813232,4.052788734436035,27.748971939086914,1.5503857135772705,0.12056703865528107,12.748971939086914,2.4419760704040527,3.9322216510772705,15.0,21.374195098876953
ev_002510,9.691551208496094,4.178007125854492,10.106117248535156,13.38161849975586,8.5191011428833,4.252225399017334,-3.6900672912597656,-4.341094017028809,5.853891849517822,-2.1772689819335938
ev_002511,0.46749818325042725,4.09359884262085,40.87767028808594,0.02168312296271324,0.2526332437992096,10.388490676879883,0.4458150565624237,3.840965509414673,30.489179611206055,34.77595901489258
ev_002512,13.27039623260498,7.857635021209717,10.713507652282715,12.598739624023438,14.08493423461914,4.286492824554443,0.671656608581543,-6.227299213409424,6.4270148277282715,0.8713703155517578
ev_002513,11.816276550292969,5.208008766174316,115.10235595703125,2.3311493396759033,2.227463483810425,0.19096538424491882,9.485127449035645,2.9805452823638916,114.91139221191406,127.37706756591797
ev_002514,3.56486439704895,0.5876094698905945,16.66530418395996,3.9814021587371826,5.5417046546936035,2.6659486293792725,-0.4165377616882324,-4.954095363616943,13.99935531616211,8.628722190856934
ev_002515,0.6664050817489624,1.0399667024612427,3.236942768096924,0.6664050817489624,1.0399667024612427,3.236942768096924,0.0,0.0,0.0,0.0
ev_002516,1.7598940134048462,6.801551818847656,5.852622985839844,1.8853890895843506,4.394302845001221,8.95046615600586,-0.1254950761795044,2.4072489738464355,-3.0978431701660156,-0.8160886764526367
ev_002517,4.661836624145508,3.9027693271636963,19.214637756347656,5.165926456451416,3.380281448364258,4.2146382331848145,-0.5040898323059082,0.5224878787994385,15.0,15.01839828491211
ev_002518,0.16932854056358337,5.445960521697998,17.357332229614258,0.16932854056358337,3.3174476623535156,20.470964431762695,0.0,2.1285128593444824,-3.1136322021484375,-0.9851188659667969
ev_002519,6.464285373687744,5.852867603302002,4.4151105880737305,5.975402355194092,1.9206459522247314,25.584888458251953,0.48888301849365234,3.9322216510772705,-21.169776916503906,-16.748674392700195
ev_002520,41.64148712158203,1.8024663925170898,8.670405387878418,41.64148712158203,1.8024663925170898,8.670405387878418,0.0,0.0,0.0,0.0
ev_002521,8.713199615478516,0.8548637628555298,20.34962272644043,6.286799907684326,0.8548637628555298,20.34962272644043,2.4263997077941895,0.0,0.0,2.4263992309570312
ev_002522,7.045619010925293,1.562961220741272,15.91945743560791,8.038591384887695,8.982329368591309,5.190874099731445,-0.9929723739624023,-7.419368267059326,10.728583335876465,2.316244125366211
ev_002523,3.585376739501953,2.1323938369750977,29.420625686645508,3.4449777603149414,5.242212295532227,14.420625686645508,0.14039897918701172,-3.109818458557129,15.0,12.030582427978516
ev_002524,1.3688573837280273,0.7530956268310547,4.648524284362793,12.262251853942871,6.457906723022461,5.6414971351623535,-10.893394470214844,-5.704811096191406,-0.9929728507995605,-17.591176986694336
ev_002525,8.320310592651367,2.4829540252685547,29.733261108398438,8.320310592651367,2.4829540252685547,29.733261108398438,0.0,0.0,0.0,0.0
ev_002526,2.121492862701416,1.3355590105056763,23.804256439208984,2.625582695007324,0.8130712509155273,8.804256439208984,-0.5040898323059082,0.5224877595901489,15.0,15.01839828491211
ev_002527,3.492023468017578,0.8052471280097961,9.575462341308594,3.492023468017578,0.8052471280097961,9.575462341308594,0.0,0.0,0.0,0.0
ev_002528,0.5956552624702454,2.7379629611968994,10.740830421447754,0.7360543608665466,0.3718554377555847,20.175416946411133,-0.14039909839630127,2.36610746383667,-9.434586524963379,-7.208878517150879
ev_002529,8.53614616394043,2.8713254928588867,20.877246856689453,9.38871955871582,10.435853004455566,4.884273529052734,-0.8525733947753906,-7.56452751159668,15.992973327636719,7.575870513916016
ev_002530,15.269624710083008,3.2874014377593994,31.821340560913086,0.269624799489975,6.872118949890137,16.821340560913086,15.0,-3.5847175121307373,15.0,26.415279388427734
ev_002531,6.943326950073242,1.7808424234390259,27.750280380249023,0.2643274962902069,2.034099817276001,11.757307052612305,6.678999423980713,-0.2532573938369751,15.992973327636719,22.41871452331543
ev_002532,5.266123294830322,3.0341637134552,29.59283447265625,5.266123294830322,3.0341637134552,11.786646842956543,0.0,0.0,17.80618667602539,17.80618667602539
ev_002533,0.9191156625747681,9.014223098754883,36.682456970214844,1.0595147609710693,5.904404640197754,27.920804977416992,-0.14039909839630127,3.109818458557129,8.761651992797852,11.731071472167969
ev_002534,2.6457791328430176,3.1177361011505127,59.58927917480469,2.6457791328430176,3.1177361011505127,59.58927917480469,0.0,0.0,0.0,0.0
ev_002535,3.2338783740997314,10.984010696411133,18.672847747802734,3.7379682064056396,11.506499290466309,14.705716133117676,-0.5040898323059082,-0.5224885940551758,3.9671316146850586,2.9405517578125
ev_002536,4.9643096923828125,6.618940353393555,14.23203182220459,7.60132360458374,0.8165316581726074,1.7800629138946533,-2.6370139122009277,5.802408695220947,12.451969146728516,15.617362976074219
ev_002537,1.852477788925171,0.3293454349040985,16.54834747314453,2.2158658504486084,1.8543180227279663,12.884737968444824,-0.3633880615234375,-1.5249725580215454,3.663609504699707,1.7752494812011719
ev_002538,7.430782318115234,2.253535747528076,93.043701171875,5.384359836578369,1.5874298810958862,11.956300735473633,2.0464224815368652,0.6661058664321899,81.08740234375,83.7999267578125
ev_002539,20.016572952270508,0.9179703593254089,18.37700653076172,5.01657247543335,4.512476921081543,18.37700653076172,15.0,-3.5945065021514893,0.0,11.405494689941406
ev_002540,1.8680508136749268,5.208951473236084,1.143449068069458,1.8680508136749268,5.208951473236084,1.143449068069458,0.0,0.0,0.0,0.0
ev_002541,2.326341152191162,1.0300463438034058,14.242449760437012,13.09019660949707,3.924048900604248,2.7776830196380615,-10.76385498046875,-2.8940024375915527,11.464766502380371,-2.1930923461914062
ev_002542,13.197388648986816,1.6014670133590698,0.28371378779411316,13.197388648986816,1.6014670133590698,0.28371378779411316,0.0,0.0,0.0,0.0
ev_002543,3.1470589637756348,6.824343204498291,28.503437042236328,3.5104470252990723,8.349315643310547,24.009443283081055,-0.3633880615234375,-1.5249724388122559,4.493993759155273,2.605632781982422
ev_002544,16.699804306030273,3.8991854190826416,26.46086883544922,16.699804306030273,3.8991854190826416,26.46086883544922,0.0,0.0,0.0,0.0
ev_002545,5.381458759307861,5.388144493103027,15.313064575195312,5.381458759307861,6.990167140960693,15.313064575195312,0.0,-1.602022647857666,0.0,-1.6020221710205078
ev_002546,0.07518459856510162,2.5214076042175293,9.79301929473877,0.07518459856510162,2.5214076042175293,9.79301929473877,0.0,0.0,0.0,0.0
ev_002547,65.91556549072266,2.5222556591033936,4.210910797119141,65.91556549072266,2.5222556591033936,4.210910797119141,0.0,0.0,0.0,0.0
ev_002548,1.317491054534912,4.178516387939453,24.820039749145508,0.954098641872406,0.5840099453926086,9.820040702819824,0.3633924126625061,3.5945065021514893,14.999999046325684,18.957897186279297
ev_002549,1.2495514154434204,5.793917655944824,14.76581859588623,2.2713775634765625,1.1426562070846558,0.23418119549751282,-1.021826148033142,4.651261329650879,14.531637191772461,18.161073684692383
ev_002550,10.525101661682129,3.399944305419922,6.821202278137207,3.3174469470977783,0.20366999506950378,8.634416580200195,7.20765495300293,3.1962742805480957,-1.8132143020629883,8.590714454650879
ev_002551,2.703766345977783,11.467277526855469,16.48529624938965,2.703766345977783,11.467277526855469,16.48529624938965,0.0,0.0,0.0,0.0
ev_002552,5.586103439331055,0.3567277193069458,5.528951644897461,5.586103439331055,0.3567277193069458,5.528951644897461,0.0,0.0,0.0,0.0
ev_002553,5.539021968841553,2.2360951900482178,9.884003639221191,5.539021968841553,2.2360951900482178,9.884003639221191,0.0,0.0,0.0,0.0
ev_002554,5.444618225097656,2.875659704208374,7.282982349395752,5.444618225097656,2.875659704208374,7.282982349395752,0.0,0.0,0.0,0.0
ev_002555,0.05142905190587044,2.395099401473999,6.652659893035889,0.05142905190587044,2.395099401473999,6.652659893035889,0.0,0.0,0.0,0.0
ev_002556,8.357142448425293,7.796730995178223,7.547125339508057,4.120246410369873,10.906549453735352,7.452874660491943,4.23689603805542,-3.109818458557129,0.09425067901611328,1.2213268280029297
ev_002557,0.4671793580055237,7.355576515197754,3.693302869796753,0.4671793580055237,7.355576515197754,3.693302869796753,0.0,0.0,0.0,0.0
ev_002558,15.072941780090332,3.6769726276397705,4.135018348693848,9.808551788330078,3.6769726276397705,0.028412969782948494,5.264389991760254,0.0,4.106605529785156,9.370996475219727
ev_002559,11.194286346435547,0.5620657205581665,23.906389236450195,11.194286346435547,0.5620657205581665,7.159102916717529,0.0,0.0,16.747285842895508,16.74728775024414
ev_002560,44.91728210449219,6.407212257385254,82.23310852050781,30.769855499267578,1.0282598733901978,52.23311233520508,14.14742660522461,5.378952503204346,29.999996185302734,49.52637481689453
ev_002561,1.2989364862442017,4.302262306213379,26.117557525634766,1.1585373878479004,7.412080764770508,11.117557525634766,0.14039909839630127,-3.109818458557129,15.0,12.030580520629883
ev_002562,2.439652919769287,8.0669527053833,0.3540576994419098,0.7463247776031494,3.1144418716430664,9.096780776977539,1.6933281421661377,4.952510833740234,-8.74272346496582,-2.0968847274780273
ev_002563,7.828417778015137,0.9273406267166138,29.545257568359375,8.244956016540527,4.026754379272461,14.545258522033691,-0.4165382385253906,-3.0994138717651367,14.999999046325684,11.484048843383789
ev_002564,3.2240560054779053,7.659615993499756,13.731147766113281,3.640594005584717,2.7055206298828125,19.836688995361328,-0.4165380001068115,4.954095363616943,-6.105541229248047,-1.5679855346679688
ev_002565,6.4934401512146,1.594537615776062,4.968078136444092,6.4934401512146,1.594537615776062,4.968078136444092,0.0,0.0,0.0,0.0
ev_002566,3.95449161529541,3.121765613555908,31.881961822509766,4.999965667724609,5.584054946899414,15.684771537780762,-1.0454740524291992,-2.462289333343506,16.197189331054688,12.68942642211914
ev_002567,6.8200178146362305,1.1388893127441406,4.995460510253906,6.8200178146362305,1.1388893127441406,4.995460510253906,0.0,0.0,0.0,0.0
ev_002568,3.4675559997558594,10.069719314575195,34.7701530456543,6.653533458709717,1.1116743087768555,22.63517189025879,-3.1859774589538574,8.95804500579834,12.134981155395508,17.907047271728516
ev_002569,1.8318842649459839,0.9210167527198792,12.858025550842285,9.478048324584961,11.579922676086426,0.054730191826820374,-7.6461639404296875,-10.658905982971191,12.803295135498047,-5.501774787902832
ev_002570,4.183574676513672,7.218667030334473,9.877984046936035,7.630223751068115,0.9913681149482727,8.362540245056152,-3.4466490745544434,6.227298736572266,1.5154438018798828,4.29609489440918
ev_002571,1.5173641443252563,6.558254718780518,6.194118022918701,1.9339020252227783,11.34675121307373,5.250598907470703,-0.416537880897522,-4.788496494293213,0.943519115447998,-4.261514663696289
ev_002572,33.055641174316406,5.29578971862793,32.458885192871094,3.05564284324646,2.1396825313568115,2.4588863849639893,29.999998092651367,3.156107187271118,29.999998092651367,63.156105041503906
ev_002573,0.7380249500274658,0.6338810324668884,17.753074645996094,0.5976258516311646,0.6338810324668884,15.691987037658691,0.14039909839630127,0.0,2.0610876083374023,2.201486587524414
ev_002574,2.862170934677124,5.582973003387451,3.3564891815185547,0.7403445839881897,0.29727083444595337,14.884034156799316,2.121826410293579,5.285702228546143,-11.527544975280762,-4.120017051696777
ev_002575,0.15445376932621002,1.7380484342575073,0.9651127457618713,0.15445376932621002,1.7380484342575073,0.9651127457618713,0.0,0.0,0.0,0.0
ev_002576,3.5323636531829834,7.815206527709961,0.5114657282829285,20.058639526367188,0.9705866575241089,7.119274616241455,-16.526275634765625,6.8446197509765625,-6.607809066772461,-16.28946304321289
ev_002577,5.635542392730713,1.081081748008728,8.440879821777344,5.635542392730713,1.081081748008728,8.440879821777344,0.0,0.0,0.0,0.0
ev_002578,3.3638341426849365,3.382784605026245,21.435203552246094,4.216407775878906,10.947312355041504,5.442231178283691,-0.8525736331939697,-7.56452751159668,15.992972373962402,7.575870513916016
ev_002579,2.28698468208313,0.4217669665813446,25.06155014038086,2.7035224437713623,4.532328128814697,10.061551094055176,-0.4165377616882324,-4.110561370849609,14.999999046325684,10.472900390625
ev_002580,11.203311920166016,8.105618476867676,20.36127471923828,0.10662052035331726,2.5532875061035156,36.4633903503418,11.096691131591797,5.55233097076416,-16.102115631103516,0.546905517578125
ev_002581,5.015827178955078,1.2441192865371704,0.6663444638252258,4.875427722930908,1.3300460577011108,3.002074718475342,0.14039945602416992,-0.08592677116394043,-2.3357303142547607,-2.281257152557373
ev_002582,0.818497359752655,2.466121196746826,8.980027198791504,0.818497359752655,2.466121196746826,8.980027198791504,0.0,0.0,0.0,0.0
ev_002583,12.357940673828125,7.593312740325928,14.978489875793457,12.357940673828125,7.593312740325928,14.978489875793457,0.0,0.0,0.0,0.0
ev_002584,3.1717519760131836,3.3330044746398926,3.4705729484558105,2.823268175125122,3.3330044746398926,24.593740463256836,0.3484838008880615,0.0,-21.123167037963867,-20.77468490600586
ev_002585,12.392658233642578,4.58680534362793,31.66033363342285,12.809196472167969,0.3672899901866913,17.506128311157227,-0.4165382385253906,4.219515323638916,14.154205322265625,17.957183837890625
ev_002586,2.094014883041382,4.7057976722717285,2.0023443698883057,3.59195876121521,3.768584728240967,13.136128425598145,-1.4979438781738281,0.9372129440307617,-11.133784294128418,-11.694515228271484
ev_002587,0.3315260708332062,0.8814140558242798,15.370267868041992,1.3565077781677246,5.721541881561279,19.901918411254883,-1.0249817371368408,-4.840127944946289,-4.531650543212891,-10.396760940551758
ev_002588,29.201919555664062,2.9447097778320312,35.596397399902344,0.7980807423591614,4.490762710571289,5.5963969230651855,28.403839111328125,-1.5460529327392578,30.0,56.8577880859375
ev_002589,39.972511291503906,0.3169165849685669,0.7685666084289551,39.972511291503906,0.3169165849685669,0.7685666084289551,0.0,0.0,0.0,0.0
ev_002590,42.70343017578125,7.066266059875488,6.105810642242432,42.70343017578125,7.066266059875488,6.105810642242432,0.0,0.0,0.0,0.0
ev_002591,6.121726036071777,1.576140284538269,9.779203414916992,6.121726036071777,1.576140284538269,9.779203414916992,0.0,0.0,0.0,0.0
ev_002592,0.11283145099878311,0.6002378463745117,2.614288568496704,0.980309247970581,2.3135738372802734,9.983548164367676,-0.8674777746200562,-1.7133359909057617,-7.369259834289551,-9.9500732421875
ev_002593,5.151165008544922,6.620359420776367,2.8437187671661377,6.380223751068115,8.460887908935547,3.17557430267334,-1.2290587425231934,-1.8405284881591797,-0.33185553550720215,-3.401442527770996
ev_002594,8.65980052947998,1.6150082349777222,21.937774658203125,8.296407699584961,1.979498267173767,6.937773704528809,0.36339282989501953,-0.3644900321960449,15.000000953674316,14.998905181884766
ev_002595,6.105191707611084,8.467470169067383,28.849014282226562,6.105191707611084,8.467470169067383,28.849014282226562,0.0,0.0,0.0,0.0
ev_002596,11.858266830444336,5.388530731201172,23.35395622253418,6.08978796005249,5.388530731201172,26.788904190063477,5.768478870391846,0.0,-3.434947967529297,2.3335304260253906
ev_002597,1.5225917100906372,6.427918434143066,23.67325210571289,6.269753932952881,0.6767551302909851,4.566647052764893,-4.747162342071533,5.751163482666016,19.106605529785156,20.110607147216797
ev_002598,1.564004898071289,9.21141242980957,6.800321578979492,1.9124888181686401,2.385563373565674,15.897503852844238,-0.3484839200973511,6.8258490562438965,-9.097182273864746,-2.6198177337646484
ev_002599,1.2820223569869995,2.8980307579040527,14.928746223449707,1.4224213361740112,0.21178756654262543,15.5474271774292,-0.14039897918701172,2.6862432956695557,-0.6186809539794922,1.9271621704101562
ev_002600,3.050659656524658,10.512835502624512,19.474231719970703,3.050659656524658,6.1717424392700195,13.932778358459473,0.0,4.341093063354492,5.5414533615112305,9.882545471191406
ev_002601,0.875306248664856,5.224925994873047,3.4382946491241455,0.875306248664856,9.775074005126953,5.06048583984375,0.0,-4.550148010253906,-1.6221911907196045,-6.17233943939209
ev_002602,2.6159849166870117,5.273318767547607,7.502514362335205,2.6159849166870117,5.273318767547607,7.502514362335205,0.0,0.0,0.0,0.0
ev_002603,3.745419979095459,6.5844197273254395,8.871088981628418,3.8858189582824707,3.4746012687683105,23.8710880279541,-0.14039897918701172,3.109818458557129,-14.999999046325684,-12.030580520629883
ev_002604,4.61128568649292,0.9777700304985046,18.388412475585938,4.61128568649292,0.9777700304985046,18.388412475585938,0.0,0.0,0.0,0.0
ev_002605,7.748143672943115,8.453125,0.9399244785308838,6.748064994812012,1.748800277709961,29.060075759887695,1.0000786781311035,6.704324722290039,-28.12015151977539,-20.415748596191406
ev_002606,8.821893692016602,0.3044738173484802,7.297473907470703,9.325983047485352,0.8269616365432739,3.330343246459961,-0.50408935546875,-0.5224878191947937,3.967130661010742,2.940553665161133
ev_002607,3.0597164630889893,1.7510650157928467,6.047311782836914,3.0597164630889893,1.7510650157928467,6.047311782836914,0.0,0.0,0.0,0.0
ev_002608,11.375840187072754,2.9358201026916504,17.7329158782959,11.375840187072754,2.9358201026916504,17.7329158782959,0.0,0.0,0.0,0.0
ev_002609,0.4746983051300049,0.9267665147781372,13.81371021270752,0.4746983051300049,0.9267665147781372,13.81371021270752,0.0,0.0,0.0,0.0
ev_002610,8.62997055053711,5.98967981338501,21.784635543823242,4.9399027824401855,1.6485862731933594,10.891241073608398,3.690067768096924,4.34109354019165,10.893394470214844,18.9245548248291
ev_002611,6.53325080871582,0.1243399977684021,6.80694580078125,6.53325080871582,0.1243399977684021,6.80694580078125,0.0,0.0,0.0,0.0
ev_002612,4.729037761688232,2.155627965927124,8.08848762512207,4.854532718658447,2.155627965927124,4.990644931793213,-0.12549495697021484,0.0,3.0978426933288574,2.972348213195801
ev_002613,5.721463680267334,0.8818981647491455,10.13935661315918,3.173234701156616,0.09305926412343979,4.371461868286133,2.5482289791107178,0.7888389229774475,5.767894744873047,9.104961395263672
ev_002614,3.4433674812316895,1.7866401672363281,0.4125053882598877,3.4433674812316895,1.7866401672363281,0.4125053882598877,0.0,0.0,0.0,0.0
ev_002615,9.289485931396484,4.038381576538086,14.776161193847656,9.289485931396484,4.038381576538086,14.776161193847656,0.0,0.0,0.0,0.0
ev_002616,22.728836059570312,1.2841566801071167,16.170072555541992,22.728836059570312,1.2841566801071167,16.170072555541992,0.0,0.0,0.0,0.0
ev_002617,2.7326321601867676,0.8304620385169983,14.456178665161133,2.3692398071289062,2.7640445232391357,0.9315378069877625,0.36339235305786133,-1.9335825443267822,13.524641036987305,11.954449653625488
ev_002618,1.5742857456207275,4.264029026031494,23.732933044433594,1.5742857456207275,4.264029026031494,23.732933044433594,0.0,0.0,0.0,0.0
ev_002619,4.994291305541992,1.0494989156723022,10.136114120483398,6.49223518371582,1.0494989156723022,2.532780885696411,-1.4979438781738281,0.0,7.603333473205566,6.105389595031738
ev_002620,5.849376201629639,1.6982579231262207,15.489737510681152,5.849376201629639,1.6982579231262207,15.489737510681152,0.0,0.0,0.0,0.0
ev_002621,3.960496187210083,1.4521279335021973,26.95372200012207,3.960496187210083,1.4521279335021973,26.95372200012207,0.0,0.0,0.0,0.0
ev_002622,1.9903467893600464,1.4805331230163574,23.769058227539062,1.9903467893600464,1.4805331230163574,23.769058227539062,0.0,0.0,0.0,0.0
ev_002623,3.8655784130096436,1.5499521493911743,16.98880386352539,5.606092929840088,0.9946112036705017,5.866122722625732,-1.7405145168304443,0.5553409457206726,11.1226806640625,9.937507629394531
ev_002624,6.350473403930664,4.702031135559082,5.846745014190674,6.350473403930664,4.702031135559082,5.846745014190674,0.0,0.0,0.0,0.0
ev_002625,8.058494567871094,1.5558533668518066,28.51378059387207,6.0740275382995605,0.4916069507598877,20.883039474487305,1.9844670295715332,1.064246416091919,7.630741119384766,10.679454803466797
ev_002626,0.2973456382751465,8.571595191955566,15.084689140319824,0.2973456382751465,8.571595191955566,15.084689140319824,0.0,0.0,0.0,0.0
ev_002627,8.361733436584473,0.37768852710723877,2.0013222694396973,3.9857876300811768,0.37768852710723877,2.0013222694396973,4.375946044921875,0.0,0.0,4.375945091247559
ev_002628,6.626683712005615,4.698307991027832,27.9069881439209,6.626683712005615,4.698307991027832,27.9069881439209,0.0,0.0,0.0,0.0
ev_002629,6.262388229370117,1.846565842628479,13.921721458435059,6.262388229370117,1.846565842628479,13.921721458435059,0.0,0.0,0.0,0.0
ev_002630,1.0579099655151367,3.7119927406311035,6.570529937744141,1.0579099655151367,3.7119927406311035,6.570529937744141,0.0,0.0,0.0,0.0
ev_002631,4.385342597961426,1.747848391532898,12.110649108886719,0.950393795967102,2.270336151123047,2.864220142364502,3.4349489212036133,-0.5224877595901489,9.246429443359375,12.158889770507812
ev_002632,2.9268152713775635,1.7991268634796143,34.829689025878906,3.8695290088653564,1.310691475868225,4.829689025878906,-0.942713737487793,0.48843538761138916,30.0,29.545719146728516
ev_002633,4.5819549560546875,0.4190201461315155,3.949160099029541,4.5819549560546875,0.4190201461315155,3.949160099029541,0.0,0.0,0.0,0.0
ev_002634,2.7844715118408203,6.44951057434082,10.35960578918457,2.7844715118408203,6.44951057434082,10.35960578918457,0.0,0.0,0.0,0.0
ev_002635,1.169185757637024,7.886891841888428,7.752955436706543,0.518848180770874,6.004849433898926,3.2213056087493896,0.6503375768661499,1.882042407989502,4.531649589538574,7.064028739929199
ev_002636,0.154769167304039,0.7966265082359314,43.0686149597168,0.154769167304039,0.7966265082359314,43.0686149597168,0.0,0.0,0.0,0.0
ev_002637,5.9072651863098145,9.085088729858398,4.873422145843506,6.90061092376709,4.794005393981934,3.6253585815429688,-0.9933457374572754,4.291083335876465,1.248063564300537,4.545801162719727
ev_002638,1.527673602104187,7.288504600524902,25.927288055419922,0.6601957678794861,5.241044521331787,18.29654884338379,0.8674778342247009,2.0474600791931152,7.630739212036133,10.545677185058594
ev_002639,2.287407875061035,2.412846565246582,0.36432719230651855,1.7698456048965454,9.112711906433105,2.0349676609039307,0.5175622701644897,-6.699865341186523,-1.670640468597412,-7.852943420410156
ev_002640,4.179295063018799,2.7389068603515625,8.675389289855957,4.179295063018799,2.7389068603515625,8.675389289855957,0.0,0.0,0.0,0.0
ev_002641,1.8743480443954468,0.43339189887046814,20.965402603149414,1.8743480443954468,0.43339189887046814,20.965402603149414,0.0,0.0,0.0,0.0
ev_002642,10.7755126953125,4.337492942810059,17.839595794677734,2.5364534854888916,8.394096374511719,22.371244430541992,8.239059448242188,-4.05660343170166,-4.531648635864258,-0.3491935729980469
ev_002643,15.082868576049805,8.926924705505371,3.30285906791687,15.082868576049805,8.926924705505371,3.30285906791687,0.0,0.0,0.0,0.0
ev_002644,0.7280910611152649,4.159902095794678,20.966035842895508,4.418158531188965,0.18119171261787415,19.863922119140625,-3.6900675296783447,3.978710412979126,1.1021137237548828,1.390756607055664
ev_002645,8.52105712890625,1.9152355194091797,3.71826171875,11.930352210998535,6.25632905960083,2.135629892349243,-3.409295082092285,-4.34109354019165,1.5826318264007568,-6.167757034301758
ev_002646,14.575645446777344,7.233608245849609,5.929088115692139,0.428219199180603,0.20186395943164825,7.135225296020508,14.14742660522461,7.031744480133057,-1.2061371803283691,19.973033905029297
ev_002647,0.4577270448207855,3.4949612617492676,7.371312618255615,0.4577270448207855,3.4949612617492676,7.371312618255615,0.0,0.0,0.0,0.0
ev_002648,9.006089210510254,3.7285680770874023,37.65984344482422,5.630523204803467,2.2035956382751465,33.99623489379883,3.375566005706787,1.5249724388122559,3.6636085510253906,8.56414794921875
ev_002649,9.092942237854004,0.06901593506336212,8.371305465698242,6.900818347930908,0.09256818890571594,1.8700861930847168,2.1921238899230957,-0.02355225384235382,6.501219272613525,8.669791221618652
ev_002650,2.2117631435394287,2.8929665088653564,4.444644451141357,2.2117631435394287,2.8929665088653564,4.444644451141357,0.0,0.0,0.0,0.0
ev_002651,7.654165744781494,0.125835582613945,17.268964767456055,7.654165744781494,0.125835582613945,17.268964767456055,0.0,0.0,0.0,0.0
ev_002652,4.952354431152344,3.1215980052948,6.3587517738342285,4.826859474182129,0.7143490314483643,21.35875129699707,0.12549495697021484,2.4072489738464355,-15.0,-12.467254638671875
ev_002653,5.036073207855225,1.8941764831542969,1.061468243598938,4.672685146331787,0.3692038953304291,13.938531875610352,0.3633880615234375,1.5249725580215454,-12.877063751220703,-10.988702774047852
ev_002654,4.1128010749816895,0.3187674582004547,11.230791091918945,4.238296031951904,2.7260165214538574,8.13294792175293,-0.12549495697021484,-2.4072489738464355,3.0978431701660156,0.565098762512207
ev_002655,0.562540590763092,2.447772979736328,16.080867767333984,3.9974894523620605,2.9702608585357666,14.267654418945312,-3.4349489212036133,-0.5224878787994385,1.8132133483886719,-2.144224166870117
ev_002656,21.733001708984375,2.584390640258789,15.051362991333008,21.733001708984375,2.584390640258789,15.051362991333008,0.0,0.0,0.0,0.0
ev_002657,8.54177188873291,4.437037467956543,16.268840789794922,9.624884605407715,4.437037467956543,1.2688416242599487,-1.0831127166748047,0.0,14.999999046325684,13.916886329650879
ev_002658,4.332919120788574,1.8680334091186523,15.057753562927246,4.749456882476807,3.086061716079712,4.568114757537842,-0.4165377616882324,-1.2180283069610596,10.489639282226562,8.855072021484375
ev_002659,7.2249674797058105,7.288148403167725,8.237181663513184,2.0214614868164062,2.8553993701934814,10.095291137695312,5.203505992889404,4.432748794555664,-1.858109474182129,7.778145790100098
ev_002660,0.52391117811203,1.105947494506836,46.286781311035156,0.52391117811203,1.105947494506836,46.286781311035156,0.0,0.0,0.0,0.0
ev_002661,70.5853042602539,13.127026557922363,27.622295379638672,3.5621237754821777,5.691554546356201,32.37770462036133,67.02317810058594,7.435472011566162,-4.755409240722656,69.7032470703125
ev_002662,11.803903579711914,2.3415591716766357,33.20515441894531,2.8494467735290527,1.4083036184310913,18.205156326293945,8.954456329345703,0.9332555532455444,14.999998092651367,24.887710571289062
ev_002663,7.650257110595703,3.3338067531585693,35.994598388671875,6.497169494628906,4.101665496826172,100.42890167236328,1.1530876159667969,-0.7678587436676025,-64.4343032836914,-64.04907989501953
ev_002664,9.1485595703125,14.126455307006836,1.4708458185195923,2.3276474475860596,14.160318374633789,1.3295660018920898,6.8209123611450195,-0.033863067626953125,0.14127981662750244,6.9283294677734375
ev_002665,40.961891174316406,10.164534568786621,45.62646484375,10.96189022064209,3.460209608078003,15.62646484375,30.0,6.704324722290039,30.0,66.70433044433594
ev_002666,4.717134952545166,0.11029615998268127,12.12999153137207,3.485062599182129,5.957079887390137,2.870008707046509,1.232072353363037,-5.846783638000488,9.25998306274414,4.645271301269531
ev_002667,6.994011878967285,5.564095497131348,59.978736877441406,6.994011878967285,5.564095497131348,59.978736877441406,0.0,0.0,0.0,0.0
ev_002668,9.00060749053955,2.557262897491455,3.6270666122436523,9.00060749053955,2.557262897491455,3.6270666122436523,0.0,0.0,0.0,0.0
ev_002669,2.978809356689453,0.4681297242641449,15.08145809173584,2.978809356689453,0.4681297242641449,15.08145809173584,0.0,0.0,0.0,0.0
ev_002670,4.603593349456787,5.011964321136475,1.4153186082839966,4.478097915649414,5.011964321136475,1.68252432346344,0.12549543380737305,0.0,-0.26720571517944336,-0.14171123504638672
ev_002671,22.50740623474121,3.2190113067626953,16.1845760345459,7.507406234741211,0.6219543814659119,1.1845767498016357,15.0,2.5970568656921387,14.999999046325684,32.5970573425293
ev_002672,59.42371368408203,0.36952847242355347,64.38130187988281,4.800597667694092,2.4180233478546143,4.073740482330322,54.62311553955078,-2.048494815826416,60.307559967041016,112.88218688964844
ev_002673,1.276196837425232,3.543092966079712,25.810653686523438,4.711145877838135,4.06558084487915,9.817680358886719,-3.4349489212036133,-0.5224878787994385,15.992973327636719,12.035537719726562
ev_002674,8.891257286071777,4.274540901184082,1.3791370391845703,8.891257286071777,4.274540901184082,1.3791370391845703,0.0,0.0,0.0,0.0
ev_002675,5.942145347595215,5.00436544418335,9.20748519897461,6.082544326782227,1.8945468664169312,11.54321575164795,-0.14039897918701172,3.109818458557129,-2.33573055267334,0.6336879730224609
ev_002676,0.5114552974700928,0.9589215517044067,19.771347045898438,7.4900126457214355,4.957138538360596,16.24981689453125,-6.978557586669922,-3.9982171058654785,3.5215301513671875,-7.455244064331055
ev_002677,1.6816335916519165,6.400262355804443,14.20504093170166,2.534207344055176,1.0352098941802979,132.22872924804688,-0.8525737524032593,5.365052223205566,-118.02368927001953,-113.51119995117188
ev_002678,37.8720588684082,0.47732222080230713,4.703800201416016,37.8720588684082,0.47732222080230713,4.703800201416016,0.0,0.0,0.0,0.0
ev_002679,1.5293422937393188,1.0135196447372437,8.796995162963867,1.5293422937393188,1.0135196447372437,8.796995162963867,0.0,0.0,0.0,0.0
ev_002680,5.712045669555664,3.044109582901001,15.139009475708008,1.4956088066101074,2.718733310699463,16.95222282409668,4.216436862945557,0.3253762722015381,-1.8132133483886719,2.7285995483398438
ev_002681,2.0385899543762207,10.70540714263916,8.9205322265625,2.0534939765930176,5.188339710235596,14.354104995727539,-0.014904022216796875,5.5170674324035645,-5.433572769165039,0.06859016418457031
ev_002682,8.399447441101074,3.6152758598327637,34.037498474121094,5.607580184936523,0.8394335508346558,23.308914184570312,2.791867256164551,2.7758421897888184,10.728584289550781,16.296295166015625
ev_002683,12.990579605102539,9.978052139282227,10.942710876464844,12.850180625915527,13.087869644165039,4.057289123535156,0.14039897918701172,-3.1098175048828125,6.8854217529296875,3.916004180908203
ev_002684,20.733591079711914,0.579453706741333,0.22817961871623993,20.733591079711914,0.579453706741333,0.22817961871623993,0.0,0.0,0.0,0.0
ev_002685,4.662311553955078,1.379311203956604,1.8327211141586304,2.7266249656677246,1.6280933618545532,3.9208498001098633,1.9356865882873535,-0.24878215789794922,-2.0881285667419434,-0.40122413635253906
ev_002686,0.3013291656970978,0.8253576159477234,2.57698655128479,0.3013291656970978,0.8253576159477234,2.57698655128479,0.0,0.0,0.0,0.0
ev_002687,4.002373218536377,0.7013229131698608,28.42701530456543,4.002373218536377,0.7013229131698608,28.42701530456543,0.0,0.0,0.0,0.0
ev_002688,8.650740623474121,0.8590103387832642,14.647135734558105,9.154830932617188,1.381498098373413,10.680005073547363,-0.5040903091430664,-0.5224877595901489,3.967130661010742,2.9405517578125
ev_002689,1.3231463432312012,1.8497802019119263,5.702750205993652,3.2588329315185547,5.714747428894043,7.894874095916748,-1.9356865882873535,-3.8649673461914062,-2.1921238899230957,-7.992776870727539
ev_002690,40.318641662597656,7.8660383224487305,10.18033218383789,40.318641662597656,7.8660383224487305,10.18033218383789,0.0,0.0,0.0,0.0
ev_002691,13.719805717468262,2.7090930938720703,20.039609909057617,1.2801947593688965,4.726378917694092,5.039609909057617,12.439611434936523,-2.0172858238220215,15.0,25.422321319580078
ev_002692,3.055483102798462,3.5950851440429688,17.425636291503906,6.94061803817749,1.4501196146011353,2.035531520843506,-3.8851349353790283,2.144965648651123,15.390104293823242,13.649934768676758
ev_002693,0.170366570353508,0.6122398376464844,7.164098739624023,0.19302138686180115,0.5933224558830261,15.466641426086426,-0.022654816508293152,0.018917381763458252,-8.302542686462402,-8.306280136108398
ev_002694,1.3361878395080566,0.3227516710758209,27.802776336669922,1.3361878395080566,0.3227516710758209,27.802776336669922,0.0,0.0,0.0,0.0
ev_002695,0.5796726942062378,3.573315382003784,18.87430763244629,5.116735458374023,7.608078956604004,15.316523551940918,-4.537062644958496,-4.034763336181641,3.557784080505371,-5.014041900634766
ev_002696,3.070272207260132,0.41744518280029297,10.849968910217285,1.6237670183181763,4.011951923370361,10.849968910217285,1.4465051889419556,-3.5945067405700684,0.0,-2.148000717163086
ev_002697,5.193042755126953,1.247617244720459,11.778179168701172,2.7914888858795166,2.593348503112793,3.221820592880249,2.4015538692474365,-1.345731258392334,8.556358337402344,9.612181663513184
ev_002698,0.41606420278549194,2.6196129322052,3.0782737731933594,0.41606420278549194,2.6196129322052,3.0782737731933594,0.0,0.0,0.0,0.0
ev_002699,2.3513638973236084,6.203212738037109,6.802553176879883,2.3513638973236084,6.203212738037109,6.802553176879883,0.0,0.0,0.0,0.0
ev_002700,0.28799763321876526,6.334567070007324,11.86532211303711,0.2008853405714035,10.266788482666016,5.103870391845703,0.08711229264736176,-3.9322214126586914,6.761451721191406,2.916341781616211
ev_002701,0.9525017142295837,5.18142032623291,30.355867385864258,0.9525017142295837,5.18142032623291,30.355867385864258,0.0,0.0,0.0,0.0
ev_002702,3.2238340377807617,10.273670196533203,1.6166048049926758,4.813683986663818,3.605424165725708,6.882175922393799,-1.5898499488830566,6.668246269226074,-5.265571117401123,-0.18717575073242188
ev_002703,0.4493686854839325,5.927879333496094,32.0993766784668,2.7366089820861816,5.253514766693115,19.964393615722656,-2.2872402667999268,0.6743645668029785,12.13498306274414,10.522106170654297
ev_002704,0.5117657780647278,9.162162780761719,8.442000389099121,0.5117657780647278,9.162162780761719,8.442000389099121,0.0,0.0,0.0,0.0
ev_002705,7.68599796295166,3.7460429668426514,22.025745391845703,7.68599796295166,3.7460429668426514,22.025745391845703,0.0,0.0,0.0,0.0
ev_002706,0.556953489780426,1.1869524717330933,3.362445116043091,0.556953489780426,1.1869524717330933,3.362445116043091,0.0,0.0,0.0,0.0
ev_002707,11.300474166870117,4.574974060058594,39.9796257019043,11.425969123840332,2.167724847793579,33.72351837158203,-0.12549495697021484,2.4072492122650146,6.256107330322266,8.537860870361328
ev_002708,0.8370970487594604,6.574366569519043,28.78103256225586,10.083525657653809,4.516144752502441,19.634923934936523,-9.246428489685059,2.0582218170166016,9.146108627319336,1.9579010009765625
ev_002709,4.83824348449707,6.979074001312256,6.6653852462768555,6.975779056549072,4.202320098876953,4.419161796569824,-2.137535572052002,2.7767539024353027,2.2462234497070312,2.885443687438965
ev_002710,3.7517166137695312,0.05587382614612579,13.6930570602417,3.7517166137695312,0.05587382614612579,13.6930570602417,0.0,0.0,0.0,0.0
ev_002711,6.124608993530273,5.538130760192871,14.588193893432617,8.316732406616211,6.659036636352539,4.423264026641846,-2.1921234130859375,-1.120905876159668,10.16493034362793,6.851902008056641
ev_002712,0.6893832087516785,8.37075138092041,15.40369987487793,0.6893832087516785,8.37075138092041,15.40369987487793,0.0,0.0,0.0,0.0
ev_002713,11.607077598571777,5.928976058959961,23.796268463134766,11.243684768676758,2.3344695568084717,12.489657402038574,0.36339282989501953,3.5945065021514893,11.306611061096191,15.264509201049805
ev_002714,44.39608383178711,2.564505100250244,4.292450904846191,44.39608383178711,2.564505100250244,4.292450904846191,0.0,0.0,0.0,0.0
ev_002715,14.04616928100586,0.6971362829208374,20.4627628326416,2.382340669631958,2.617619276046753,8.408531188964844,11.66382884979248,-1.9204829931259155,12.054231643676758,21.797578811645508
ev_002716,8.265722274780273,1.3418982028961182,13.481342315673828,6.734277725219727,1.3418982028961182,13.481342315673828,1.5314445495605469,0.0,0.0,1.5314445495605469
ev_002717,5.666074752807617,3.7203574180603027,1.4523594379425049,6.029462814331055,3.7203574180603027,13.547640800476074,-0.3633880615234375,0.0,-12.095281600952148,-12.458670616149902
ev_002718,2.767110824584961,2.599914789199829,4.928094863891602,3.1304988861083984,1.0749422311782837,10.071905136108398,-0.3633880615234375,1.5249725580215454,-5.143810272216797,-3.9822254180908203
ev_002719,3.2214202880859375,4.968753337860107,4.594494819641113,3.2214202880859375,4.968753337860107,4.594494819641113,0.0,0.0,0.0,0.0
ev_002720,5.43442440032959,1.3984811305999756,0.36546701192855835,5.43442440032959,1.3984811305999756,0.36546701192855835,0.0,0.0,0.0,0.0
ev_002721,1.9137228727340698,3.3759286403656006,28.608644485473633,1.4096330404281616,2.853440761566162,24.64151382446289,0.5040898323059082,0.5224878787994385,3.967130661010742,4.993709564208984
ev_002722,2.821352958679199,2.573073148727417,2.511929512023926,2.821352958679199,2.573073148727417,2.511929512023926,0.0,0.0,0.0,0.0
ev_002723,4.254610061645508,6.772903919219971,4.529627323150635,3.2616374492645264,3.6702489852905273,15.258210182189941,0.9929726123809814,3.1026549339294434,-10.728582382202148,-6.632957458496094
ev_002724,2.862071990966797,6.842310428619385,40.742305755615234,3.80478572845459,3.732491970062256,10.74230670928955,-0.942713737487793,3.109818458557129,30.0,32.16709899902344
ev_002725,1.6487706899642944,3.117828845977783,67.08808135986328,1.6487706899642944,3.117828845977783,67.08808135986328,0.0,0.0,0.0,0.0
ev_002726,1.9010028839111328,2.9357638359069824,25.46567153930664,1.9010028839111328,2.9357638359069824,25.46567153930664,0.0,0.0,0.0,0.0
ev_002727,7.054243087768555,2.6153197288513184,15.896984100341797,2.637967586517334,1.4944136142730713,9.395764350891113,4.416275501251221,1.120906114578247,6.501219749450684,12.03840160369873
ev_002728,0.424809992313385,4.243859767913818,12.082399368286133,13.903533935546875,10.471158981323242,2.917600631713867,-13.478723526000977,-6.227299213409424,9.164798736572266,-10.54122543334961
ev_002729,2.032975435256958,1.7276484966278076,3.571765184402466,2.032975435256958,1.7276484966278076,3.571765184402466,0.0,0.0,0.0,0.0
ev_002730,9.453713417053223,10.800573348999023,1.9921358823776245,9.453713417053223,10.800573348999023,1.9921358823776245,0.0,0.0,0.0,0.0
ev_002731,5.434713363647461,3.757145881652832,24.48218536376953,4.930623531341553,3.2346580028533936,20.51505470275879,0.5040898323059082,0.5224878787994385,3.967130661010742,4.993709564208984
ev_002732,15.425970077514648,1.012729287147522,21.778278350830078,0.425970196723938,4.853694915771484,6.77827787399292,15.0,-3.840965747833252,15.0,26.15903663635254
ev_002733,1.3637144565582275,8.514020919799805,29.660120010375977,1.3637144565582275,8.514020919799805,29.660120010375977,0.0,0.0,0.0,0.0
ev_002734,2.676673173904419,7.644967079162598,5.825840473175049,2.676673173904419,7.644967079162598,5.825840473175049,0.0,0.0,0.0,0.0
ev_002735,3.26348876953125,9.4230375289917,14.079853057861328,3.26348876953125,9.4230375289917,14.079853057861328,0.0,0.0,0.0,0.0
ev_002736,5.1171722412109375,3.64559268951416,10.947149276733398,4.264598369598389,3.789879560470581,57.882835388183594,0.8525738716125488,-0.1442868709564209,-46.93568420410156,-46.22740173339844
ev_002737,10.945380210876465,1.9664658308029175,9.264001846313477,4.558709144592285,1.443977952003479,3.707326650619507,6.38667106628418,0.5224878787994385,5.556674957275391,12.465834617614746
ev_002738,3.749131917953491,8.77930736541748,51.98299789428711,1.4847981929779053,4.9383416175842285,6.982996463775635,2.264333724975586,3.840965747833252,45.0,51.10530090332031
ev_002739,9.270432472229004,1.9131336212158203,6.404541969299316,0.3759728968143463,3.040961503982544,6.404541969299316,8.89445972442627,-1.1278278827667236,0.0,7.766632080078125
ev_002740,8.753791809082031,1.6213701963424683,16.356868743896484,6.246208190917969,1.6213701963424683,16.356868743896484,2.5075836181640625,0.0,0.0,2.5075836181640625
ev_002741,6.253166675567627,2.4682929515838623,21.528409957885742,6.253166675567627,2.4682929515838623,21.528409957885742,0.0,0.0,0.0,0.0
ev_002742,4.419487476348877,0.9515665173530579,9.059782028198242,4.419487476348877,0.9515665173530579,9.059782028198242,0.0,0.0,0.0,0.0
ev_002743,2.858903646469116,6.98028564453125,25.325695037841797,0.9232170581817627,4.782501220703125,12.138909339904785,1.9356865882873535,2.197784423828125,13.186785697937012,17.32025909423828
ev_002744,43.592987060546875,9.224656105041504,45.7210693359375,28.592985153198242,7.362914085388184,30.7210693359375,15.000001907348633,1.8617420196533203,15.0,31.861740112304688
ev_002745,0.9526534080505371,1.7513859272003174,0.29814520478248596,0.9526534080505371,1.7513859272003174,0.29814520478248596,0.0,0.0,0.0,0.0
ev_002746,26.805519104003906,2.494800329208374,32.808963775634766,11.80551815032959,2.494800329208374,17.8089656829834,15.000000953674316,0.0,14.999998092651367,30.0
ev_002747,33.27822494506836,4.907514572143555,33.072837829589844,18.27822494506836,1.3130080699920654,18.072837829589844,15.0,3.5945065021514893,15.0,33.594505310058594
ev_002748,12.305618286132812,4.563554286956787,28.276586532592773,0.9913588762283325,4.563554286956787,13.276586532592773,11.31425952911377,0.0,15.0,26.314260482788086
ev_002749,4.0227861404418945,2.000128746032715,16.083492279052734,0.5878373384475708,2.522616386413574,14.270277976989746,3.4349489212036133,-0.5224876403808594,1.8132143020629883,4.725675582885742
ev_002750,0.7042830586433411,5.967297077178955,0.5850210785865784,0.3408906161785126,2.372790575027466,14.414978981018066,0.3633924424648285,3.5945065021514893,-13.829957962036133,-9.872058868408203
ev_002751,0.034260209649801254,3.2217020988464355,36.06036376953125,0.034260209649801254,3.2217020988464355,36.06036376953125,0.0,0.0,0.0,0.0
ev_002752,6.004608631134033,4.32739782333374,23.349559783935547,5.641220569610596,2.8024253845214844,19.685949325561523,0.3633880615234375,1.5249724388122559,3.6636104583740234,5.551969528198242
ev_002753,0.48981907963752747,0.4409441649913788,6.268757343292236,0.5912466049194336,0.24053320288658142,1.3345757722854614,-0.10142752528190613,0.20041096210479736,4.9341816902160645,5.033164978027344
ev_002754,10.157665252685547,8.4282865524292,15.94084644317627,1.1522672176361084,2.2306199073791504,14.838732719421387,9.00539779663086,6.197666645050049,1.1021137237548828,16.305177688598633
ev_002755,0.25455817580223083,1.1228971481323242,3.310061454772949,0.25455817580223083,0.9245632290840149,13.43792724609375,0.0,0.19833391904830933,-10.1278657913208,-9.92953109741211
ev_002756,5.1999311447143555,6.309213161468506,13.780302047729492,2.7960221767425537,9.419032096862793,13.780302047729492,2.4039089679718018,-3.109818935394287,0.0,-0.7059116363525391
ev_002757,6.996888637542725,8.039346694946289,7.893614292144775,3.291321039199829,11.149165153503418,7.106385707855225,3.7055675983428955,-3.109818458557129,0.7872285842895508,1.3829784393310547
ev_002758,3.310166597366333,3.0895936489105225,4.073845863342285,3.310166597366333,3.0895936489105225,4.073845863342285,0.0,0.0,0.0,0.0
ev_002759,26.143754959106445,4.885562896728516,37.321678161621094,3.8562448024749756,2.5499095916748047,7.678320407867432,22.28750991821289,2.335653305053711,29.64335823059082,54.26652526855469
ev_002760,3.783978223800659,8.360356330871582,12.713300704956055,3.924377202987671,5.250537872314453,15.049031257629395,-0.14039897918701172,3.109818458557129,-2.33573055267334,0.6336898803710938
ev_002761,7.8458638191223145,1.6793079376220703,12.866644859313965,8.262401580810547,3.274787187576294,2.436211347579956,-0.4165377616882324,-1.5954792499542236,10.43043327331543,8.418415069580078
ev_002762,6.441085338592529,2.082392930984497,5.773727893829346,6.441085338592529,2.082392930984497,5.773727893829346,0.0,0.0,0.0,0.0
ev_002763,4.855112075805664,0.7487197518348694,5.4574456214904785,4.855112075805664,0.7487197518348694,5.4574456214904785,0.0,0.0,0.0,0.0
ev_002764,2.9746875762939453,5.728341579437256,17.159570693969727,2.611299753189087,4.203369140625,13.495960235595703,0.3633878231048584,1.5249724388122559,3.6636104583740234,5.551971435546875
ev_002765,7.6514668464660645,1.744478464126587,23.322769165039062,5.459342956542969,2.865384340286255,16.821550369262695,2.1921238899230957,-1.120905876159668,6.501218795776367,7.572437286376953
ev_002766,5.238950252532959,6.584427833557129,4.22901725769043,8.76807689666748,3.2628655433654785,6.499566078186035,-3.5291266441345215,3.3215622901916504,-2.2705488204956055,-2.4781150817871094
ev_002767,4.134628772735596,2.335674524307251,17.20014762878418,4.119724750518799,0.8987667560577393,22.63372039794922,0.014904022216796875,1.4369077682495117,-5.433572769165039,-3.981760025024414
ev_002768,15.021531105041504,6.892640113830566,12.460904121398926,14.349874496459961,13.119938850402832,2.5390963554382324,0.671656608581543,-6.227298736572266,9.921808242797852,4.3661651611328125
ev_002769,8.222953796386719,2.040672779083252,0.14391689002513885,4.963831424713135,1.0447856187820435,6.64513635635376,3.259122371673584,0.9958871603012085,-6.501219272613525,-2.2462100982666016
ev_002770,0.08279678970575333,5.116860389709473,2.484102249145508,4.362335205078125,0.4002072215080261,17.673391342163086,-4.279538631439209,4.716653347015381,-15.189289093017578,-14.752174377441406
ev_002771,2.3306984901428223,7.497882843017578,13.833775520324707,2.3306984901428223,7.497882843017578,13.833775520324707,0.0,0.0,0.0,0.0
ev_002772,8.42386531829834,6.737606048583984,22.408203125,4.1524481773376465,5.178876876831055,9.221416473388672,4.271417140960693,1.5587291717529297,13.186786651611328,19.01693344116211
ev_002773,2.1079659461975098,6.050580978393555,8.724940299987793,1.255392074584961,1.384891390800476,10.660626411437988,0.8525738716125488,4.665689468383789,-1.9356861114501953,3.582577705383301
ev_002774,1.986952543258667,2.865093469619751,5.574852466583252,1.986952543258667,2.865093469619751,5.574852466583252,0.0,0.0,0.0,0.0
ev_002775,70.10813903808594,7.07708740234375,16.39272689819336,1.9799721240997314,0.3583846390247345,29.457040786743164,68.12816619873047,6.718702793121338,-13.064313888549805,61.782562255859375
ev_002776,4.982700347900391,1.3547216653823853,4.164800643920898,4.982700347900391,1.3547216653823853,4.164800643920898,0.0,0.0,0.0,0.0
ev_002777,44.792381286621094,7.123012065887451,30.325674057006836,14.792381286621094,7.123012065887451,15.325674057006836,30.0,0.0,15.0,45.0
ev_002778,5.799022197723389,8.822041511535645,21.06797218322754,5.799022197723389,8.822041511535645,21.06797218322754,0.0,0.0,0.0,0.0
ev_002779,7.2250847816467285,2.1149837970733643,14.028772354125977,7.2250847816467285,2.1149837970733643,14.028772354125977,0.0,0.0,0.0,0.0
ev_002780,2.1581168174743652,5.5359578132629395,4.981442928314209,5.388373374938965,1.2219724655151367,5.153994083404541,-3.2302565574645996,4.313985347747803,-0.17255115509033203,0.9111785888671875
ev_002781,3.2063608169555664,0.6774744391441345,0.716182291507721,3.2063608169555664,0.6774744391441345,0.716182291507721,0.0,0.0,0.0,0.0
ev_002782,6.257184982299805,0.2712498605251312,11.755871772766113,6.761274814605713,0.2512379586696625,7.788741111755371,-0.5040898323059082,0.02001190185546875,3.967130661010742,3.483051300048828
ev_002783,8.596063613891602,0.6841459274291992,20.056861877441406,8.596063613891602,0.6841459274291992,20.056861877441406,0.0,0.0,0.0,0.0
ev_002784,3.554957866668701,2.984747886657715,4.936796188354492,10.29265022277832,11.894166946411133,3.8346824645996094,-6.737692356109619,-8.909419059753418,1.1021137237548828,-14.544998168945312
ev_002785,3.158781051635742,8.99055290222168,14.131296157836914,3.158781051635742,11.397802352905273,14.131296157836914,0.0,-2.4072494506835938,0.0,-2.4072494506835938
ev_002786,0.3964255154132843,6.326047420501709,6.812612056732178,0.2709304988384247,3.9187984466552734,9.910454750061035,0.12549501657485962,2.4072489738464355,-3.0978426933288574,-0.5650978088378906
ev_002787,2.0499393939971924,4.938196182250977,23.666126251220703,2.0499393939971924,4.938196182250977,23.666126251220703,0.0,0.0,0.0,0.0
ev_002788,5.820737838745117,3.9930062294006348,41.89794158935547,5.80583381652832,1.5240612030029297,18.291282653808594,0.014904022216796875,2.468945026397705,23.606658935546875,26.09050750732422
ev_002789,0.5706624984741211,0.9966198801994324,0.23873992264270782,0.5706624984741211,0.9966198801994324,0.23873992264270782,0.0,0.0,0.0,0.0
ev_002790,2.5316836833953857,5.551046848297119,19.274431228637695,2.5316836833953857,5.551046848297119,19.274431228637695,0.0,0.0,0.0,0.0
ev_002791,18.740718841552734,1.2713701725006104,19.489770889282227,18.740718841552734,1.2713701725006104,19.489770889282227,0.0,0.0,0.0,0.0
ev_002792,9.372404098510742,3.166853189468384,0.5249984264373779,7.278531074523926,1.9424670934677124,1.8408623933792114,2.0938730239868164,1.2243860960006714,-1.3158639669418335,2.0023956298828125
ev_002793,9.917837142944336,2.3550877571105957,21.678524017333984,9.777438163757324,0.7547306418418884,14.967562675476074,0.14039897918701172,1.6003570556640625,6.71096134185791,8.451715469360352
ev_002794,1.2569184303283691,6.115687847137451,37.6465950012207,1.2569184303283691,6.115687847137451,37.6465950012207,0.0,0.0,0.0,0.0
ev_002795,1.5069496631622314,8.028085708618164,13.773994445800781,1.5069496631622314,8.028085708618164,10.212547302246094,0.0,0.0,3.5614471435546875,3.5614471435546875
ev_002796,1.9338065385818481,2.5835583209991455,18.945402145385742,1.9338065385818481,2.5835583209991455,18.945402145385742,0.0,0.0,0.0,0.0
ev_002797,1.445813775062561,5.257236480712891,12.126376152038574,0.9566324353218079,1.4162708520889282,8.671429634094238,0.4891813397407532,3.840965747833252,3.454946517944336,7.785093307495117
ev_002798,1.1779826879501343,10.899360656738281,11.358410835266113,6.309412956237793,0.3540704548358917,3.6415886878967285,-5.131430149078369,10.545289993286133,7.716822147369385,13.130680084228516
ev_002799,0.6975417137145996,3.0748822689056396,23.76799964904785,1.7806545495986938,3.0748822689056396,8.768000602722168,-1.0831128358840942,0.0,14.999999046325684,13.916887283325195
ev_002800,2.8958842754364014,2.9534802436828613,51.01884460449219,2.8958842754364014,2.9534802436828613,51.01884460449219,0.0,0.0,0.0,0.0
ev_002801,8.472808837890625,2.156697988510132,15.122614860534668,8.472808837890625,2.156697988510132,15.122614860534668,0.0,0.0,0.0,0.0
ev_002802,4.31692361831665,2.023777961730957,24.411182403564453,3.900385856628418,2.9303174018859863,11.033819198608398,0.4165377616882324,-0.9065394401550293,13.377363204956055,12.887361526489258
ev_002803,0.9078810214996338,2.129621982574463,9.43209457397461,0.9078810214996338,2.129621982574463,9.43209457397461,0.0,0.0,0.0,0.0
ev_002804,1.7960536479949951,4.412050724029541,9.953937530517578,1.3071706295013428,0.47982925176620483,18.42104721069336,0.48888301849365234,3.9322214126586914,-8.467109680175781,-4.04600715637207
ev_002805,7.568805694580078,6.8030500411987305,29.112932205200195,7.709205150604248,3.6932315826416016,24.170705795288086,-0.14039945602416992,3.109818458557129,4.942226409912109,7.911643981933594
ev_002806,7.226993083953857,5.909551620483398,20.909067153930664,6.920433044433594,1.5259208679199219,22.84475326538086,0.30656003952026367,4.383630752563477,-1.9356861114501953,2.754505157470703
ev_002807,3.1199727058410645,6.8377461433410645,6.455027103424072,3.1199727058410645,6.8377461433410645,6.455027103424072,0.0,0.0,0.0,0.0
ev_002808,14.154096603393555,1.4607664346694946,22.79364776611328,14.154096603393555,1.4607664346694946,22.79364776611328,0.0,0.0,0.0,0.0
ev_002809,0.5769029259681702,1.6894910335540771,36.44506072998047,0.5769029259681702,1.6894910335540771,36.44506072998047,0.0,0.0,0.0,0.0
ev_002810,9.245552062988281,1.7765752077102661,13.042058944702148,5.138946533203125,7.481386184692383,14.03503131866455,4.106605529785156,-5.704811096191406,-0.9929723739624023,-2.5911788940429688
ev_002811,2.5151846408843994,5.729718208312988,5.947481632232666,2.5151846408843994,5.729718208312988,5.947481632232666,0.0,0.0,0.0,0.0
ev_002812,1.3480503559112549,4.079039096832275,30.337099075317383,1.2076513767242432,0.9692209362983704,20.21113395690918,0.14039897918701172,3.10981822013855,10.125965118408203,13.376184463500977
ev_002813,0.4915781617164612,1.4818931818008423,5.2602739334106445,0.9956679940223694,0.9594053626060486,9.739726066589355,-0.5040898323059082,0.5224878191947937,-4.479452133178711,-4.461053848266602
ev_002814,8.268342971801758,6.6906585693359375,0.3031761646270752,8.544872283935547,5.083399295806885,0.7923575043678284,-0.27652931213378906,1.6072592735290527,-0.4891813397407532,0.8415489196777344
ev_002815,0.19221140444278717,2.8985307216644287,24.789350509643555,1.2753242254257202,2.8985307216644287,9.789351463317871,-1.0831128358840942,0.0,14.999999046325684,13.916886329650879
ev_002816,0.23466531932353973,2.3026211261749268,18.939620971679688,0.23466531932353973,2.3026211261749268,18.939620971679688,0.0,0.0,0.0,0.0
ev_002817,9.44141674041748,2.7178497314453125,5.869426250457764,9.44141674041748,2.7178497314453125,5.869426250457764,0.0,0.0,0.0,0.0
ev_002818,58.448631286621094,3.536588668823242,5.144012451171875,58.448631286621094,3.536588668823242,5.144012451171875,0.0,0.0,0.0,0.0
ev_002819,4.999077796936035,5.697446346282959,3.355466842651367,5.139476776123047,2.587628126144409,3.4606688022613525,-0.14039897918701172,3.10981822013855,-0.10520195960998535,2.8642168045043945
ev_002820,5.135956764221191,0.31660646200180054,3.2750627994537354,5.135956764221191,0.31660646200180054,3.2750627994537354,0.0,0.0,0.0,0.0
ev_002821,4.1677045822143555,0.1336025595664978,0.19300271570682526,4.1677045822143555,0.1336025595664978,0.19300271570682526,0.0,0.0,0.0,0.0
ev_002822,1.732892632484436,6.747054100036621,7.430650234222412,1.732892632484436,6.747054100036621,7.430650234222412,0.0,0.0,0.0,0.0
ev_002823,7.877469062805176,6.133229732513428,9.604653358459473,7.877469062805176,6.133229732513428,9.604653358459473,0.0,0.0,0.0,0.0
ev_002824,4.308836936950684,4.9037322998046875,9.831523895263672,4.449235916137695,1.7939138412475586,12.167254447937012,-0.14039897918701172,3.109818458557129,-2.33573055267334,0.6336898803710938
ev_002825,2.7475576400756836,7.615056991577148,2.1478540897369385,2.7475576400756836,7.615056991577148,2.1478540897369385,0.0,0.0,0.0,0.0
ev_002826,15.945535659790039,2.2874064445495605,28.592090606689453,11.734086990356445,4.315494060516357,20.09330940246582,4.211448669433594,-2.028087615966797,8.498781204223633,10.682144165039062
ev_002827,46.2027702331543,6.637293815612793,41.73445510864258,31.202770233154297,3.0427873134613037,26.73445701599121,15.0,3.5945065021514893,14.999998092651367,33.594512939453125
ev_002828,3.691270112991333,0.8178002238273621,0.48509201407432556,6.830203056335449,0.8212423920631409,7.685669898986816,-3.138932943344116,-0.0034421682357788086,-7.200577735900879,-10.342952728271484
ev_002829,5.772031784057617,3.282318592071533,4.8839850425720215,5.772031784057617,3.282318592071533,4.8839850425720215,0.0,0.0,0.0,0.0
ev_002830,4.488680362701416,0.31805849075317383,10.142582893371582,4.488680362701416,0.31805849075317383,10.142582893371582,0.0,0.0,0.0,0.0
ev_002831,22.416593551635742,8.043144226074219,4.190140724182129,6.072840213775635,0.6076720952987671,14.277826309204102,16.343753814697266,7.435472011566162,-10.087685585021973,13.691539764404297
ev_002832,3.2313759326934814,1.5613958835601807,8.103435516357422,3.2313759326934814,1.5613958835601807,8.103435516357422,0.0,0.0,0.0,0.0
ev_002833,0.9213711619377136,0.02429952844977379,11.075072288513184,0.9213711619377136,0.02429952844977379,11.075072288513184,0.0,0.0,0.0,0.0
ev_002834,1.4639825820922852,0.7059314846992493,19.303726196289062,1.8273749351501465,2.8885750770568848,4.303727149963379,-0.36339235305786133,-2.1826436519622803,14.999999046325684,12.453963279724121
ev_002835,52.775917053222656,6.552599906921387,28.511978149414062,52.775917053222656,6.552599906921387,28.511978149414062,0.0,0.0,0.0,0.0
ev_002836,16.581363677978516,2.2937636375427246,23.451797485351562,1.581364393234253,6.134729385375977,8.451797485351562,14.999999046325684,-3.840965747833252,15.0,26.159034729003906
ev_002837,0.5402757525444031,3.716628313064575,2.007145404815674,2.6457018852233887,4.90172004699707,14.142127990722656,-2.105426073074341,-1.1850917339324951,-12.13498306274414,-15.425500869750977
ev_002838,5.378016471862793,4.642733573913574,86.20996856689453,5.378016471862793,4.642733573913574,86.20996856689453,0.0,0.0,0.0,0.0
ev_002839,1.501547932624817,4.384922981262207,33.364322662353516,0.6905757784843445,5.505828857421875,26.86310386657715,0.8109721541404724,-1.120905876159668,6.501218795776367,6.1912841796875
ev_002840,6.2292585372924805,1.9312766790390015,2.0573041439056396,6.2292585372924805,1.9312766790390015,2.0573041439056396,0.0,0.0,0.0,0.0
ev_002841,7.027725696563721,7.07651424407959,9.708192825317383,5.780150890350342,0.8287216424942017,18.206974029541016,1.247574806213379,6.247792720794678,-8.498781204223633,-1.0034122467041016
ev_002842,4.8340373039245605,3.2932803630828857,0.00040996578172780573,4.8340373039245605,3.2932803630828857,0.00040996578172780573,0.0,0.0,0.0,0.0
ev_002843,7.864294528961182,5.171138286590576,20.85470962524414,7.639795303344727,1.436905860900879,5.854710102081299,0.22449922561645508,3.7342324256896973,15.0,18.95873260498047
ev_002844,3.463042736053467,8.149972915649414,4.172208786010742,49.456016540527344,1.9884936809539795,6.556374549865723,-45.99297332763672,6.1614789962768555,-2.3841657638549805,-42.215660095214844
ev_002845,0.8954713940620422,2.744286060333252,0.6542762517929077,5.228189468383789,6.165132999420166,1.7563899755477905,-4.3327178955078125,-3.420846939086914,-1.1021137237548828,-8.85567855834961
ev_002846,1.6443926095962524,1.3113559484481812,133.8480682373047,1.6443926095962524,1.3113559484481812,133.8480682373047,0.0,0.0,0.0,0.0
ev_002847,5.24893856048584,9.904675483703613,36.312808990478516,6.101512432098389,2.3401477336883545,21.437408447265625,-0.8525738716125488,7.56452751159668,14.87540054321289,21.58735466003418
ev_002848,1.435312032699585,1.0824570655822754,9.852031707763672,1.435312032699585,1.0824570655822754,9.852031707763672,0.0,0.0,0.0,0.0
ev_002849,8.86996078491211,0.9415324330329895,12.700157165527344,8.86996078491211,0.9415324330329895,12.700157165527344,0.0,0.0,0.0,0.0
ev_002850,4.3469061851501465,1.3187721967697144,8.729228019714355,4.3469061851501465,1.3187721967697144,8.729228019714355,0.0,0.0,0.0,0.0
ev_002851,1.2002789974212646,5.584467887878418,18.876867294311523,1.340678095817566,2.474649429321289,33.876869201660156,-0.14039909839630127,3.109818458557129,-15.000001907348633,-12.030582427978516
ev_002852,2.3448469638824463,0.21646930277347565,11.830638885498047,2.3448469638824463,0.21646930277347565,11.830638885498047,0.0,0.0,0.0,0.0
ev_002853,2.7055795192718506,3.0790133476257324,14.684786796569824,2.7055795192718506,3.0790133476257324,14.684786796569824,0.0,0.0,0.0,0.0
ev_002854,5.44146728515625,0.9646335244178772,8.95772647857666,5.44146728515625,0.9646335244178772,8.95772647857666,0.0,0.0,0.0,0.0
ev_002855,3.694065570831299,6.207310676574707,0.9136300683021545,1.7583791017532349,0.7234790325164795,6.667201042175293,1.935686469078064,5.483831405639648,-5.753571033477783,1.6659479141235352
ev_002856,2.5618841648101807,10.954323768615723,5.433294773101807,0.02049090713262558,3.9122836589813232,5.433294773101807,2.541393280029297,7.04203987121582,0.0,9.583433151245117
ev_002857,4.951168060302734,1.1764339208602905,5.720134258270264,4.951168060302734,1.1764339208602905,5.720134258270264,0.0,0.0,0.0,0.0
ev_002858,7.3061347007751465,7.257017612457275,19.134273529052734,7.3061347007751465,7.257017612457275,19.134273529052734,0.0,0.0,0.0,0.0
ev_002859,16.853330612182617,1.33896803855896,20.36960792541504,16.181673049926758,7.566267013549805,5.369608402252197,0.6716575622558594,-6.227298736572266,15.0,9.444356918334961
ev_002860,1.0901031494140625,2.803823471069336,10.617402076721191,1.0901031494140625,2.803823471069336,10.617402076721191,0.0,0.0,0.0,0.0
ev_002861,0.5732299089431763,2.998967170715332,31.136117935180664,0.9897677898406982,1.9551279544830322,16.136117935180664,-0.416537880897522,1.0438392162322998,15.0,15.627300262451172
ev_002862,0.4053815007209778,0.12372342497110367,18.2263240814209,45.94147872924805,3.7172422409057617,86.28449249267578,-45.53609848022461,-3.5935187339782715,-68.05816650390625,-117.18777465820312
ev_002863,5.845570087432861,1.867877721786499,9.907329559326172,5.971065044403076,0.5393713116645813,6.809486389160156,-0.12549495697021484,1.3285064697265625,3.0978431701660156,4.300853729248047
ev_002864,15.512859344482422,2.591216802597046,17.055458068847656,0.5128597617149353,1.2497488260269165,2.0554583072662354,15.0,1.3414679765701294,15.0,31.341466903686523
ev_002865,0.2603284418582916,1.901876449584961,5.3166279792785645,0.2603284418582916,1.901876449584961,5.3166279792785645,0.0,0.0,0.0,0.0
ev_002866,0.5014386177062988,1.9970412254333496,12.882369995117188,0.012257292866706848,1.8439244031906128,2.117629051208496,0.4891813397407532,0.15311682224273682,10.764740943908691,11.407039642333984
ev_002867,1.106053113937378,2.3389647006988525,23.4263973236084,1.106053113937378,2.3389647006988525,23.4263973236084,0.0,0.0,0.0,0.0
ev_002868,4.23030424118042,5.725003242492676,24.203189849853516,4.719485282897949,3.6775429248809814,18.44961929321289,-0.4891810417175293,2.0474603176116943,5.753570556640625,7.311849594116211
ev_002869,8.538450241088867,0.33896344900131226,15.83690357208252,9.042540550231934,0.18352435529232025,11.869772911071777,-0.5040903091430664,0.155439093708992,3.967130661010742,3.618480682373047
ev_002870,0.04835519194602966,1.4067063331604004,28.67384147644043,0.04835519194602966,1.4067063331604004,28.67384147644043,0.0,0.0,0.0,0.0
ev_002871,3.7438979148864746,0.611147940158844,6.4933624267578125,3.7438979148864746,0.611147940158844,6.4933624267578125,0.0,0.0,0.0,0.0
ev_002872,1.3392598628997803,5.130241870880127,12.784759521484375,1.3392598628997803,5.130241870880127,12.784759521484375,0.0,0.0,0.0,0.0
ev_002873,7.45875883102417,0.5933480858802795,17.451475143432617,7.45875883102417,0.5933480858802795,17.451475143432617,0.0,0.0,0.0,0.0
ev_002874,1.3113248348236084,1.0809091329574585,4.69777250289917,2.3787426948547363,0.27102506160736084,3.595658540725708,-1.067417860031128,0.8098840713500977,1.102113962173462,0.8445801734924316
ev_002875,0.09715978056192398,1.7881208658218384,5.532674789428711,0.09715978056192398,1.7881208658218384,5.532674789428711,0.0,0.0,0.0,0.0
ev_002876,0.3829403817653656,0.09897793084383011,0.22749975323677063,0.3829403817653656,0.09897793084383011,0.22749975323677063,0.0,0.0,0.0,0.0
ev_002877,4.744715690612793,1.8084746599197388,8.118135452270508,0.6271703839302063,1.4117131233215332,15.721468925476074,4.117545127868652,0.39676153659820557,-7.603333473205566,-3.0890274047851562
ev_002878,6.871032238006592,0.20281587541103363,9.205309867858887,6.871032238006592,0.20281587541103363,9.205309867858887,0.0,0.0,0.0,0.0
ev_002879,4.984557151794434,1.0664793252944946,18.324203491210938,4.844158172607422,2.0433390140533447,33.32420349121094,0.14039897918701172,-0.9768596887588501,-15.0,-15.83646011352539
ev_002880,1.2990080118179321,0.1345730572938919,3.3959994316101074,1.2990080118179321,0.1345730572938919,3.3959994316101074,0.0,0.0,0.0,0.0
ev_002881,15.09361743927002,5.5162529945373535,22.12452507019043,15.51015567779541,10.470348358154297,7.12452507019043,-0.4165382385253906,-4.954095363616943,15.0,9.629371643066406
ev_002882,1.041907548904419,3.994445562362671,15.671961784362793,1.041907548904419,3.994445562362671,8.238747596740723,0.0,0.0,7.43321418762207,7.43321418762207
ev_002883,8.042830467224121,4.187115669250488,0.3310129642486572,3.771191358566284,6.994278430938721,9.3379545211792,4.271638870239258,-2.8071627616882324,-9.006941795349121,-7.5424652099609375
ev_002884,5.079312801361084,2.680204153060913,9.795090675354004,5.079312801361084,2.680204153060913,9.795090675354004,0.0,0.0,0.0,0.0
ev_002885,9.214400291442871,8.071855545043945,24.707063674926758,5.925998687744141,4.962036609649658,22.3713321685791,3.2884016036987305,3.109818935394287,2.3357315063476562,8.73394775390625
ev_002886,1.089526653289795,1.7095482349395752,96.87623596191406,1.089526653289795,1.7095482349395752,96.87623596191406,0.0,0.0,0.0,0.0
ev_002887,3.5044009685516357,8.435005187988281,0.10157568752765656,4.950906276702881,4.840498447418213,0.10157568752765656,-1.4465053081512451,3.5945067405700684,0.0,2.1480016708374023
ev_002888,2.171956777572632,1.5304161310195923,30.83872413635254,2.171956777572632,1.5304161310195923,13.032537460327148,0.0,0.0,17.80618667602539,17.806184768676758
ev_002889,4.3296122550964355,0.7433972954750061,23.216543197631836,4.3296122550964355,0.7433972954750061,23.216543197631836,0.0,0.0,0.0,0.0
ev_002890,1.6567519903182983,1.5893030166625977,19.631053924560547,6.921141624450684,1.5893030166625977,15.524447441101074,-5.264389514923096,0.0,4.106606483459473,-1.1577835083007812
ev_002891,8.74083423614502,1.4688094854354858,0.8566192984580994,6.876233100891113,0.396007776260376,1.4791109561920166,1.8646011352539062,1.0728017091751099,-0.6224916577339172,2.314910888671875
ev_002892,9.600147247314453,4.2386474609375,16.60869026184082,9.600147247314453,4.2386474609375,16.60869026184082,0.0,0.0,0.0,0.0
ev_002893,5.800022602081299,0.34340900182724,1.8554506301879883,9.19997787475586,0.34340900182724,1.8554506301879883,-3.3999552726745605,0.0,0.0,-3.3999547958374023
ev_002894,0.8224239945411682,0.10181679576635361,5.2707109451293945,0.8224239945411682,0.10181679576635361,5.2707109451293945,0.0,0.0,0.0,0.0
ev_002895,5.541657447814941,7.26259708404541,0.403950035572052,5.541657447814941,7.26259708404541,0.403950035572052,0.0,0.0,0.0,0.0
ev_002896,1.838283658027649,3.8558547496795654,55.67828369140625,1.838283658027649,3.8558547496795654,55.67828369140625,0.0,0.0,0.0,0.0
ev_002897,1.3729268312454224,2.4944522380828857,13.506707191467285,0.505449116230011,1.728776454925537,5.875966548919678,0.8674777150154114,0.7656757831573486,7.630740642547607,9.263894081115723
ev_002898,0.7161749005317688,6.21259880065918,30.213455200195312,0.7161749005317688,6.21259880065918,30.213455200195312,0.0,0.0,0.0,0.0
ev_002899,2.7774813175201416,4.9758830070495605,26.432790756225586,2.7774813175201416,4.9758830070495605,26.432790756225586,0.0,0.0,0.0,0.0
ev_002900,29.891456604003906,1.1373647451400757,1.9030442237854004,29.891456604003906,1.1373647451400757,1.9030442237854004,0.0,0.0,0.0,0.0
ev_002901,10.761549949645996,4.097916603088379,37.584747314453125,6.4305739402771,5.218822479248047,31.083526611328125,4.3309760093688965,-1.120905876159668,6.501220703125,9.711288452148438
ev_002902,9.14104175567627,9.51637077331543,26.448429107666016,5.733462810516357,7.109121799468994,23.3505859375,3.407578945159912,2.4072489738464355,3.0978431701660156,8.912673950195312
ev_002903,4.155714988708496,11.432706832885742,1.7133747339248657,0.9697371125221252,0.2513125538825989,10.421607971191406,3.1859779357910156,11.181394577026367,-8.708232879638672,5.6591386795043945
ev_002904,0.2274700403213501,0.6040337085723877,8.060961723327637,0.2274700403213501,0.6040337085723877,8.060961723327637,0.0,0.0,0.0,0.0
ev_002905,5.549278259277344,0.6894835233688354,17.255992889404297,5.423783302307129,0.6894835233688354,23.47258949279785,0.12549495697021484,0.0,-6.216596603393555,-6.091102600097656
ev_002906,3.18306565284729,2.3719351291656494,1.9757192134857178,3.18306565284729,2.3719351291656494,1.9757192134857178,0.0,0.0,0.0,0.0
ev_002907,3.774820566177368,6.5500006675720215,11.239145278930664,3.774820566177368,6.5500006675720215,11.239145278930664,0.0,0.0,0.0,0.0
ev_002908,6.290266036987305,6.976988315582275,6.232794284820557,4.075244903564453,8.079866409301758,0.9115310907363892,2.2150211334228516,-1.1028780937194824,5.321263313293457,6.433404922485352
ev_002909,3.6429758071899414,0.5846064686775208,2.8895699977874756,5.377931594848633,0.5846064686775208,18.151050567626953,-1.7349557876586914,0.0,-15.261480331420898,-16.996437072753906
ev_002910,5.024233341217041,9.240057945251465,23.887311935424805,5.149728298187256,6.832808494567871,20.78946876525879,-0.12549495697021484,2.4072494506835938,3.0978431701660156,5.379600524902344
ev_002911,3.5299997329711914,7.083958625793457,16.965282440185547,2.6774258613586426,0.35151350498199463,18.900970458984375,0.8525738716125488,6.732445240020752,-1.9356880187988281,5.649332046508789
ev_002912,13.700401306152344,5.529870986938477,7.899587631225586,6.568741321563721,1.6889050006866455,6.611230850219727,7.131659984588623,3.840965986251831,1.2883567810058594,12.260982513427734
ev_002913,5.464987277984619,10.384000778198242,1.210623860359192,7.342888832092285,3.4950928688049316,4.7090163230896,-1.877901554107666,6.8889079093933105,-3.4983925819396973,1.512613296508789
ev_002914,8.447892189025879,1.4412254095077515,19.966062545776367,9.531004905700684,1.4412254095077515,4.966062545776367,-1.0831127166748047,0.0,15.0,13.916886329650879
ev_002915,12.462501525878906,2.708510637283325,30.554101943969727,2.5374982357025146,2.708510637283325,30.554101943969727,9.925003051757812,0.0,0.0,9.925003051757812
ev_002916,5.176265716552734,1.854607343673706,8.439019203186035,5.176265716552734,1.854607343673706,8.439019203186035,0.0,0.0,0.0,0.0
ev_002917,5.558691024780273,5.809628009796143,17.7426815032959,6.230347633361816,3.485560894012451,17.7426815032959,-0.671656608581543,2.3240671157836914,0.0,1.6524105072021484
ev_002918,12.07374095916748,0.8462021350860596,5.864912986755371,0.7341351509094238,8.248866081237793,20.864913940429688,11.339605331420898,-7.4026641845703125,-15.000000953674316,-11.063060760498047
ev_002919,3.268169641494751,2.6716299057006836,20.668325424194336,58.20447540283203,7.330138206481934,9.939742088317871,-54.93630599975586,-4.65850830078125,10.728583335876465,-48.866233825683594
ev_002920,2.533602714538574,0.2916345000267029,8.747292518615723,3.5719377994537354,4.662460803985596,8.747292518615723,-1.0383350849151611,-4.370826244354248,0.0,-5.409161567687988
ev_002921,1.2643054723739624,1.0871554613113403,12.381892204284668,1.2643054723739624,1.0871554613113403,12.381892204284668,0.0,0.0,0.0,0.0
ev_002922,0.6655606031417847,2.1718974113464355,1.8945235013961792,0.6655606031417847,2.1718974113464355,1.8945235013961792,0.0,0.0,0.0,0.0
ev_002923,1.3696300983428955,1.2427176237106323,9.424077033996582,1.3696300983428955,1.2427176237106323,9.424077033996582,0.0,0.0,0.0,0.0
ev_002924,6.022622585296631,2.728757858276367,10.993864059448242,6.022622585296631,2.728757858276367,10.993864059448242,0.0,0.0,0.0,0.0
ev_002925,0.6955298185348511,1.0181268453598022,4.574225902557373,0.6955298185348511,1.0181268453598022,4.574225902557373,0.0,0.0,0.0,0.0
ev_002926,0.10390914231538773,3.5724172592163086,5.241230010986328,0.10390914231538773,3.5724172592163086,5.241230010986328,0.0,0.0,0.0,0.0
ev_002927,1.771317720413208,1.2019813060760498,96.11454010009766,1.771317720413208,1.2019813060760498,96.11454010009766,0.0,0.0,0.0,0.0
ev_002928,5.53171968460083,1.627848505973816,5.257318019866943,7.276156425476074,1.8738168478012085,7.243869304656982,-1.7444367408752441,-0.24596834182739258,-1.986551284790039,-3.976956367492676
ev_002929,3.1519501209259033,6.391631603240967,4.738454341888428,3.98712158203125,3.9843828678131104,7.836297035217285,-0.8351714611053467,2.4072487354278564,-3.0978426933288574,-1.5257654190063477
ev_002930,12.438529968261719,14.046320915222168,4.895598411560059,11.981639862060547,14.568808555603027,11.097373962402344,0.4568901062011719,-0.5224876403808594,-6.201775550842285,-6.267372131347656
ev_002931,5.380667686462402,4.057311058044434,25.1906795501709,4.709011077880859,2.169987678527832,10.190679550170898,0.671656608581543,1.8873233795166016,15.0,17.558979034423828
ev_002932,5.096463203430176,4.995033264160156,17.48245620727539,5.600553035736084,4.618173122406006,13.515324592590332,-0.5040898323059082,0.3768601417541504,3.9671316146850586,3.8399009704589844
ev_002933,0.38703837990760803,1.6707295179367065,15.074851036071777,0.38703837990760803,1.6707295179367065,15.074851036071777,0.0,0.0,0.0,0.0
ev_002934,9.077630996704102,3.279379367828369,29.461875915527344,6.885507583618164,2.158473253250122,20.315767288208008,2.1921234130859375,1.120906114578247,9.146108627319336,12.459136962890625
ev_002935,2.561824321746826,2.8623898029327393,4.933652400970459,2.561824321746826,2.8623898029327393,4.933652400970459,0.0,0.0,0.0,0.0
ev_002936,3.9077908992767334,1.294495701789856,6.925868988037109,3.9077908992767334,1.294495701789856,6.925868988037109,0.0,0.0,0.0,0.0
ev_002937,5.613009929656982,0.1843649446964264,29.359024047851562,5.613009929656982,0.1843649446964264,29.359024047851562,0.0,0.0,0.0,0.0
ev_002938,0.7118796110153198,9.261341094970703,6.90334939956665,0.7118796110153198,4.603873252868652,6.90334939956665,0.0,4.657467842102051,0.0,4.657466888427734
ev_002939,2.0258381366729736,1.4731043577194214,8.701241493225098,2.0258381366729736,1.4731043577194214,8.701241493225098,0.0,0.0,0.0,0.0
ev_002940,5.502133369445801,4.069258213043213,34.474609375,5.918671131134033,0.8848370909690857,19.474611282348633,-0.4165377616882324,3.1844210624694824,14.999998092651367,17.767881393432617
ev_002941,0.9789958596229553,2.0552175045013428,1.6632333993911743,0.9789958596229553,2.0552175045013428,1.6632333993911743,0.0,0.0,0.0,0.0
ev_002942,8.840807914733887,0.8291298151016235,28.30950927734375,8.840807914733887,0.8291298151016235,10.50332260131836,0.0,0.0,17.80618667602539,17.80618667602539
ev_002943,0.2592000365257263,6.859767436981201,30.851530075073242,5.192743301391602,8.336435317993164,16.953643798828125,-4.9335432052612305,-1.476667881011963,13.897886276245117,7.487674713134766
ev_002944,1.4381250143051147,1.19191575050354,14.294852256774902,2.4961860179901123,2.716888189315796,0.7051476240158081,-1.0580610036849976,-1.5249724388122559,13.589704513549805,11.006669998168945
ev_002945,4.230872631072998,0.5008373856544495,19.562496185302734,3.8674802780151367,3.0936691761016846,4.562495231628418,0.36339235305786133,-2.59283185005188,15.000000953674316,12.770562171936035
ev_002946,1.1089175939559937,2.69707989692688,18.67650604248047,1.1089175939559937,2.69707989692688,18.67650604248047,0.0,0.0,0.0,0.0
ev_002947,16.102556228637695,0.9873592853546143,23.839479446411133,16.102556228637695,0.9873592853546143,23.839479446411133,0.0,0.0,0.0,0.0
ev_002948,11.037453651428223,3.198591709136963,31.538171768188477,11.453991889953613,1.7555034160614014,16.538171768188477,-0.4165382385253906,1.4430882930755615,15.0,16.026548385620117
ev_002949,13.768235206604004,0.05200880765914917,34.82706069946289,1.7358547449111938,0.47047901153564453,23.520118713378906,12.032380104064941,-0.41847020387649536,11.306941986083984,22.920852661132812
ev_002950,7.863475799560547,6.231150150299072,15.36898136138916,1.7579350471496582,11.185245513916016,15.36898136138916,6.105540752410889,-4.954095363616943,0.0,1.1514472961425781
ev_002951,1.7080295085906982,0.12034986168146133,4.492684841156006,1.8484286069869995,2.8700613975524902,6.828415393829346,-0.14039909839630127,-2.749711513519287,-2.33573055267334,-5.225841522216797
ev_002952,12.315881729125977,0.33916065096855164,0.6272701025009155,12.315881729125977,0.33916065096855164,0.6272701025009155,0.0,0.0,0.0,0.0
ev_002953,12.548478126525879,3.6774213314056396,23.923330307006836,12.965015411376953,8.631516456604004,8.923330307006836,-0.4165372848510742,-4.954094886779785,15.0,9.629369735717773
ev_002954,1.0024075508117676,3.4735922813415527,15.550544738769531,1.0024075508117676,3.4735922813415527,15.550544738769531,0.0,0.0,0.0,0.0
ev_002955,9.405826568603516,11.080331802368164,19.02216911315918,2.480541229248047,0.920810878276825,19.02216911315918,6.925285339355469,10.159521102905273,0.0,17.084806442260742
ev_002956,0.6635972857475281,1.8938006162643433,27.6624755859375,0.6635972857475281,1.8938006162643433,27.6624755859375,0.0,0.0,0.0,0.0
ev_002957,4.909985065460205,6.584386825561523,40.14725875854492,4.769586086273193,3.4745683670043945,25.14725685119629,0.14039897918701172,3.109818458557129,15.000001907348633,18.250221252441406
ev_002958,0.9222362637519836,2.8217389583587646,30.013673782348633,10.387696266174316,7.837167263031006,16.00664710998535,-9.465459823608398,-5.01542854309082,14.007026672363281,-0.4738616943359375
ev_002959,0.9316814541816711,3.5184807777404785,1.5380234718322754,0.9316814541816711,3.5184807777404785,1.5380234718322754,0.0,0.0,0.0,0.0
ev_002960,2.0902256965637207,4.291215419769287,25.16210174560547,1.344723105430603,4.8137030601501465,12.354226112365723,0.7455025911331177,-0.5224876403808594,12.807875633239746,13.030889511108398
ev_002961,15.954533576965332,3.1675021648406982,48.31350326538086,15.939629554748535,2.349565267562866,18.31350326538086,0.014904022216796875,0.817936897277832,30.0,30.832839965820312
ev_002962,10.46849250793457,3.8429532051086426,33.040340423583984,10.46849250793457,3.8429532051086426,33.040340423583984,0.0,0.0,0.0,0.0
ev_002963,2.0372023582458496,2.0596837997436523,25.77003288269043,10.770673751831055,0.93877774477005,17.271251678466797,-8.733470916748047,1.120906114578247,8.498781204223633,0.8862152099609375
ev_002964,78.22338104248047,7.369664192199707,2.6246116161346436,2.989147186279297,0.06580786406993866,14.289624214172363,75.23423767089844,7.303856372833252,-11.66501235961914,70.87307739257812
ev_002965,9.873833656311035,2.4488909244537354,32.27750778198242,8.81623363494873,2.092982769012451,21.384113311767578,1.0576000213623047,0.3559081554412842,10.893394470214844,12.306903839111328
ev_002966,56.22484588623047,2.8098037242889404,3.7866954803466797,56.22484588623047,2.8098037242889404,3.7866954803466797,0.0,0.0,0.0,0.0
ev_002967,0.886422336101532,7.675780296325684,160.62533569335938,0.886422336101532,7.675780296325684,160.62533569335938,0.0,0.0,0.0,0.0
ev_002968,1.310224175453186,7.157304286956787,3.9082870483398438,61.40217971801758,3.387986183166504,6.820296287536621,-60.091957092285156,3.769318103790283,-2.9120092391967773,-59.234649658203125
ev_002969,11.06541633605957,10.783502578735352,0.7826700210571289,3.4304938316345215,10.79456615447998,3.1844606399536133,7.634922504425049,-0.011063575744628906,-2.4017906188964844,5.222068786621094
ev_002970,0.5320384502410889,6.105068683624268,7.175550937652588,0.5320384502410889,6.105068683624268,7.175550937652588,0.0,0.0,0.0,0.0
ev_002971,7.7325334548950195,1.5530035495758057,21.955589294433594,7.060876846313477,4.674295425415039,6.9555888175964355,0.671656608581543,-3.1212918758392334,15.0,12.550365447998047
ev_002972,3.699921131134033,1.7821778059005737,11.759340286254883,7.610011577606201,2.8591954708099365,10.6572265625,-3.910090446472168,-1.0770176649093628,1.1021137237548828,-3.8849945068359375
ev_002973,3.49932861328125,3.451706647872925,2.2338314056396484,3.49932861328125,3.451706647872925,2.2338314056396484,0.0,0.0,0.0,0.0
ev_002974,5.853166580200195,0.33397814631462097,16.522274017333984,8.045289993286133,1.4548841714859009,8.023492813110352,-2.1921234130859375,-1.1209059953689575,8.498781204223633,5.185752868652344
ev_002975,4.758484840393066,6.608275413513184,16.75508689880371,3.765511989593506,3.9370150566101074,36.518070220947266,0.9929728507995605,2.671260356903076,-19.762983322143555,-16.0987491607666
ev_002976,3.2241921424865723,0.36337149143218994,9.596742630004883,3.2241921424865723,0.36337149143218994,9.596742630004883,0.0,0.0,0.0,0.0
ev_002977,2.192417621612549,0.18624897301197052,8.80162239074707,2.192417621612549,0.18624897301197052,8.80162239074707,0.0,0.0,0.0,0.0
ev_002978,15.952877044677734,4.103332042694092,24.96412467956543,15.812478065490723,7.213150501251221,9.964125633239746,0.14039897918701172,-3.109818458557129,14.999999046325684,12.03057861328125
ev_002979,7.778547286987305,0.4897896945476532,10.775961875915527,4.088479995727539,8.419629096984863,9.673848152160645,3.6900672912597656,-7.929839611053467,1.1021137237548828,-3.1376571655273438
ev_002980,4.137760639190674,0.2012564241886139,3.209831953048706,4.137760639190674,0.2012564241886139,3.209831953048706,0.0,0.0,0.0,0.0
ev_002981,3.8486385345458984,1.9071458578109741,2.250786066055298,3.8486385345458984,1.9071458578109741,2.250786066055298,0.0,0.0,0.0,0.0
ev_002982,8.907873153686523,1.6821132898330688,17.1789493560791,8.907873153686523,1.6821132898330688,17.1789493560791,0.0,0.0,0.0,0.0
ev_002983,12.820865631103516,5.428623199462891,27.804006576538086,12.457473754882812,1.8341169357299805,12.80400562286377,0.3633918762207031,3.59450626373291,15.000000953674316,18.957901000976562
ev_002984,9.748730659484863,0.6074095964431763,7.768599033355713,2.210780382156372,15.604657173156738,0.43193569779396057,7.53795051574707,-14.997247695922852,7.336663246154785,-0.1226348876953125
ev_002985,5.868055820465088,2.941225051879883,3.1901113986968994,5.868055820465088,2.941225051879883,3.1901113986968994,0.0,0.0,0.0,0.0
ev_002986,0.5568146109580994,3.5150904655456543,19.735973358154297,11.86674690246582,14.173996925354004,5.728946685791016,-11.309932708740234,-10.658906936645508,14.007026672363281,-7.961812973022461
ev_002987,7.49929141998291,0.8667032122612,10.173948287963867,1.4278799295425415,0.8667032122612,2.570615768432617,6.071411609649658,0.0,7.60333251953125,13.674744606018066
ev_002988,10.450920104980469,5.5323166847229,14.2382173538208,10.450920104980469,5.5323166847229,14.2382173538208,0.0,0.0,0.0,0.0
ev_002989,39.16729736328125,1.4246281385421753,49.96204376220703,39.16729736328125,1.4246281385421753,49.96204376220703,0.0,0.0,0.0,0.0
ev_002990,6.712704658508301,6.286345481872559,7.377500534057617,6.712704658508301,6.286345481872559,7.377500534057617,0.0,0.0,0.0,0.0
ev_002991,0.48747193813323975,1.6954894065856934,9.423251152038574,2.6985058784484863,9.485904693603516,2.7463481426239014,-2.211033821105957,-7.790415287017822,6.676902770996094,-3.3245458602905273
ev_002992,1.223678708076477,7.674239158630371,1.9903271198272705,2.091156482696533,10.612259864807129,3.8206803798675537,-0.8674777746200562,-2.938020706176758,-1.8303532600402832,-5.635852813720703
ev_002993,43.8895149230957,0.9381422996520996,26.079797744750977,43.8895149230957,0.9381422996520996,26.079797744750977,0.0,0.0,0.0,0.0
ev_002994,4.004934310913086,4.35117244720459,8.348624229431152,83.54252624511719,3.306849479675293,19.077207565307617,-79.53759002685547,1.0443229675292969,-10.728583335876465,-89.22184753417969
ev_002995,0.4707583785057068,3.584963798522949,33.019535064697266,2.9641904830932617,3.0624759197235107,17.026561737060547,-2.49343204498291,0.5224878787994385,15.992973327636719,14.022027969360352
ev_002996,8.390073776245117,0.3792259097099304,7.175420761108398,8.390073776245117,0.3792259097099304,7.175420761108398,0.0,0.0,0.0,0.0
ev_002997,0.1609439104795456,4.0829081535339355,6.110391616821289,0.1609439104795456,4.0829081535339355,6.110391616821289,0.0,0.0,0.0,0.0
ev_002998,4.506863594055176,11.422735214233398,2.612504005432129,4.506863594055176,11.422735214233398,2.612504005432129,0.0,0.0,0.0,0.0
ev_002999,5.12376070022583,2.000915288925171,1.0638710260391235,5.12376070022583,2.000915288925171,1.0638710260391235,0.0,0.0,0.0,0.0
ev_003000,10.712552070617676,5.010875701904297,10.744612693786621,11.705525398254395,9.465584754943848,9.751640319824219,-0.9929733276367188,-4.454709053039551,0.9929723739624023,-4.454710006713867
ev_003001,17.84124183654785,1.4036962985992432,27.657121658325195,6.276191234588623,1.926184058189392,11.664149284362793,11.56505012512207,-0.5224877595901489,15.992972373962402,27.035537719726562
ev_003002,1.268972635269165,3.9913339614868164,1.8746613264083862,1.268972635269165,3.9913339614868164,1.8746613264083862,0.0,0.0,0.0,0.0
ev_003003,5.6051554679870605,4.730444431304932,126.294921875,5.6051554679870605,4.730444431304932,126.294921875,0.0,0.0,0.0,0.0
ev_003004,1.6564393043518066,2.4429502487182617,25.66063690185547,1.6564393043518066,2.4429502487182617,25.66063690185547,0.0,0.0,0.0,0.0
ev_003005,10.023199081420898,0.28814011812210083,9.56054401397705,1.2867329120635986,0.5115298628807068,10.662657737731934,8.736466407775879,-0.22338974475860596,-1.1021137237548828,7.41096305847168
ev_003006,6.898044109344482,1.4600635766983032,3.0651602745056152,6.898044109344482,1.4600635766983032,3.0651602745056152,0.0,0.0,0.0,0.0
ev_003007,9.920950889587402,6.6227827072143555,32.59992599487305,9.906046867370605,1.105715036392212,20.254600524902344,0.014904022216796875,5.517067909240723,12.345325469970703,17.877300262451172
ev_003008,3.718992233276367,2.2624404430389404,10.198028564453125,3.718992233276367,2.2624404430389404,10.198028564453125,0.0,0.0,0.0,0.0
ev_003009,3.3714821338653564,5.8846116065979,26.0737361907959,3.2459869384765625,3.4773623943328857,22.975893020629883,0.12549519538879395,2.4072492122650146,3.0978431701660156,5.630588531494141
ev_003010,4.849382400512695,4.40899133682251,24.889123916625977,9.157645225524902,0.04571802541613579,14.160540580749512,-4.308262825012207,4.3632731437683105,10.728583335876465,10.78359603881836
ev_003011,1.9670488834381104,6.211698055267334,2.928504467010498,1.9670488834381104,6.211698055267334,2.928504467010498,0.0,0.0,0.0,0.0
ev_003012,0.2081722468137741,8.772673606872559,108.04463958740234,0.644401490688324,0.2091713547706604,1.1089497804641724,-0.43622922897338867,8.563502311706543,106.9356918334961,115.06295776367188
ev_003013,7.515211582183838,0.7138349413871765,8.058947563171387,7.515211582183838,0.7138349413871765,8.058947563171387,0.0,0.0,0.0,0.0
ev_003014,1.346159815788269,9.33344841003418,21.45098114013672,0.8572768568992615,5.40122652053833,14.689528465270996,0.48888295888900757,3.9322218894958496,6.761452674865723,11.18255615234375
ev_003015,3.981388807296753,3.4256513118743896,96.94303131103516,3.981388807296753,3.4256513118743896,96.94303131103516,0.0,0.0,0.0,0.0
ev_003016,5.972099781036377,2.491452693939209,1.8288013935089111,5.972099781036377,2.491452693939209,1.8288013935089111,0.0,0.0,0.0,0.0
ev_003017,64.30206298828125,0.5534555912017822,89.10052490234375,64.30206298828125,0.5534555912017822,89.10052490234375,0.0,0.0,0.0,0.0
ev_003018,3.544147491455078,0.9121688604354858,25.60887336730957,3.544147491455078,0.9121688604354858,25.60887336730957,0.0,0.0,0.0,0.0
ev_003019,0.096033975481987,0.27406805753707886,10.481541633605957,0.096033975481987,0.27406805753707886,10.481541633605957,0.0,0.0,0.0,0.0
ev_003020,3.322794198989868,3.985208749771118,7.490238189697266,1.82485032081604,0.7650209665298462,15.093571662902832,1.4979438781738281,3.2201876640319824,-7.603333473205566,-2.885202407836914
ev_003021,5.677845001220703,0.5540593266487122,12.24890422821045,5.314456939697266,0.9709132313728333,2.751095771789551,0.3633880615234375,-0.4168539047241211,9.497808456420898,9.444341659545898
ev_003022,4.655623435974121,1.1097831726074219,14.133041381835938,0.6087660193443298,1.1097831726074219,10.026435852050781,4.0468573570251465,0.0,4.106605529785156,8.153463363647461
ev_003023,7.602465629577637,4.012500286102295,6.271149635314941,7.602465629577637,4.012500286102295,6.271149635314941,0.0,0.0,0.0,0.0
ev_003024,10.92949390411377,3.194157361984253,23.145689010620117,10.92949390411377,3.194157361984253,23.145689010620117,0.0,0.0,0.0,0.0
ev_003025,1.56807541847229,8.410321235656738,0.9794043898582458,1.56807541847229,8.410321235656738,0.9794043898582458,0.0,0.0,0.0,0.0
ev_003026,7.7464728355407715,6.454866886138916,27.409629821777344,9.244416236877441,3.2346792221069336,19.806297302246094,-1.49794340133667,3.2201876640319824,7.60333251953125,9.325576782226562
ev_003027,12.01927661895752,5.0244035720825195,37.981056213378906,12.382664680480957,6.549376487731934,32.08488845825195,-0.3633880615234375,-1.524972915649414,5.896167755126953,4.007804870605469
ev_003028,5.001787185668945,3.606826066970825,2.149174213409424,0.9453146457672119,3.2862496376037598,1.817956566810608,4.0564727783203125,0.32057642936706543,0.3312176465988159,4.708266735076904
ev_003029,0.5484192967414856,1.8480199575424194,10.476716995239258,0.18503132462501526,1.8480199575424194,6.813107967376709,0.36338797211647034,0.0,3.663609027862549,4.0269975662231445
ev_003030,13.047041893005371,5.318487644195557,15.290261268615723,13.047041893005371,5.318487644195557,15.290261268615723,0.0,0.0,0.0,0.0
ev_003031,1.721529483795166,3.622041702270508,20.98957633972168,1.721529483795166,3.622041702270508,20.98957633972168,0.0,0.0,0.0,0.0
ev_003032,6.299919128417969,3.4148075580596924,5.510712146759033,6.299919128417969,3.4148075580596924,5.510712146759033,0.0,0.0,0.0,0.0
ev_003033,3.3653736114501953,1.3836678266525269,26.980785369873047,0.3246939480304718,2.957425832748413,16.087390899658203,3.040679693222046,-1.5737580060958862,10.893394470214844,12.36031723022461
ev_003034,1.1552648544311523,2.4462027549743652,0.049770768731832504,1.1552648544311523,2.4462027549743652,0.049770768731832504,0.0,0.0,0.0,0.0
ev_003035,3.823660373687744,0.09078535437583923,19.63922691345215,3.823660373687744,0.09078535437583923,19.63922691345215,0.0,0.0,0.0,0.0
ev_003036,45.75283432006836,4.13755464553833,10.309511184692383,45.75283432006836,4.13755464553833,10.309511184692383,0.0,0.0,0.0,0.0
ev_003037,2.534348249435425,4.078216552734375,5.126193523406982,2.1709601879119873,4.078216552734375,1.4625842571258545,0.3633880615234375,0.0,3.663609266281128,4.026996612548828
ev_003038,2.7200489044189453,0.059099458158016205,9.640765190124512,2.7200489044189453,0.059099458158016205,9.640765190124512,0.0,0.0,0.0,0.0
ev_003039,0.9644526839256287,4.37843132019043,5.13981294631958,8.771157264709473,4.37843132019043,1.0332075357437134,-7.806704521179199,0.0,4.106605529785156,-3.7000999450683594
ev_003040,2.6064670085906982,4.49393367767334,18.838180541992188,1.1085232496261597,1.2737457752227783,11.234848022460938,1.4979437589645386,3.2201879024505615,7.60333251953125,12.321464538574219
ev_003041,3.648292303085327,4.555207252502441,20.289628982543945,4.641264915466309,4.224465847015381,9.56104564666748,-0.9929726123809814,0.33074140548706055,10.728583335876465,10.066352844238281
ev_003042,1.6626981496810913,3.0389301776885986,2.7763869762420654,1.6626981496810913,3.0389301776885986,2.7763869762420654,0.0,0.0,0.0,0.0
ev_003043,7.11079216003418,0.5036827921867371,14.468707084655762,8.39329719543457,4.6106276512146,0.5312932729721069,-1.2825050354003906,-4.106945037841797,13.937414169311523,8.54796314239502
ev_003044,1.249132513999939,2.501696825027466,7.18987512588501,1.249132513999939,2.501696825027466,7.18987512588501,0.0,0.0,0.0,0.0
ev_003045,8.841649055480957,0.9207847118377686,12.458452224731445,12.319598197937012,2.800690174102783,24.512683868408203,-3.4779491424560547,-1.8799054622650146,-12.054231643676758,-17.412086486816406
ev_003046,3.1341631412506104,1.2679779529571533,91.97919464111328,3.1341631412506104,1.2679779529571533,91.97919464111328,0.0,0.0,0.0,0.0
ev_003047,6.081094741821289,2.2262003421783447,22.540149688720703,6.081094741821289,2.2262003421783447,22.540149688720703,0.0,0.0,0.0,0.0
ev_003048,3.605903148651123,2.166904926300049,2.2345902919769287,3.605903148651123,2.166904926300049,2.2345902919769287,0.0,0.0,0.0,0.0
ev_003049,7.837111949920654,6.404055118560791,24.9322566986084,7.666977882385254,1.3571889400482178,9.932256698608398,0.1701340675354004,5.046866416931152,15.0,20.216999053955078
ev_003050,26.952808380126953,7.289126396179199,30.17128562927246,11.952808380126953,3.69461989402771,15.171284675598145,15.0,3.5945065021514893,15.000000953674316,33.59450912475586
ev_003051,67.4498291015625,7.718292236328125,15.82575511932373,67.4498291015625,7.718292236328125,15.82575511932373,0.0,0.0,0.0,0.0
ev_003052,8.80147647857666,5.727085113525391,43.01498031616211,8.786572456359863,0.21001777052879333,20.68860626220703,0.014904022216796875,5.5170674324035645,22.326374053955078,27.85834503173828
ev_003053,7.40869665145874,1.824716567993164,8.41681957244873,7.40869665145874,1.824716567993164,8.41681957244873,0.0,0.0,0.0,0.0
ev_003054,5.196591377258301,2.0137903690338135,9.211421012878418,5.071095943450928,2.0137903690338135,6.113577842712402,0.12549543380737305,0.0,3.0978431701660156,3.2233381271362305
ev_003055,1.8683335781097412,5.26734733581543,21.29652976989746,13.13166618347168,5.26734733581543,21.29652976989746,-11.26333236694336,0.0,0.0,-11.263330459594727
ev_003056,2.0698819160461426,2.8776204586029053,0.5575604438781738,2.0698819160461426,2.8776204586029053,0.5575604438781738,0.0,0.0,0.0,0.0
ev_003057,5.997494220733643,4.651369571685791,13.879069328308105,5.997494220733643,4.651369571685791,13.879069328308105,0.0,0.0,0.0,0.0
ev_003058,3.4936883449554443,8.140928268432617,2.1505696773529053,3.4936883449554443,8.140928268432617,2.1505696773529053,0.0,0.0,0.0,0.0
ev_003059,23.484540939331055,3.502368211746216,29.559051513671875,4.121622085571289,7.343333721160889,14.559051513671875,19.362918853759766,-3.840965509414673,15.0,30.52195167541504
ev_003060,3.8171024322509766,8.774019241333008,11.50698471069336,3.6916074752807617,6.366770267486572,14.604827880859375,0.12549495697021484,2.4072489738464355,-3.0978431701660156,-0.5650997161865234
ev_003061,4.863701820373535,8.777031898498535,32.29622268676758,8.04967975616455,2.4043619632720947,20.161237716674805,-3.1859779357910156,6.3726701736450195,12.134984970092773,15.321678161621094
ev_003062,5.894433498382568,2.232034921646118,12.725579261779785,5.754034519195557,5.341853141784668,0.3266849219799042,0.14039897918701172,-3.10981822013855,12.398894309997559,9.429473876953125
ev_003063,0.7874890565872192,0.5615253448486328,5.933114051818848,0.6619940996170044,0.5615253448486328,9.030956268310547,0.12549495697021484,0.0,-3.097842216491699,-2.9723472595214844
ev_003064,0.4579559862613678,8.829227447509766,4.184706211090088,0.4579559862613678,8.829227447509766,4.184706211090088,0.0,0.0,0.0,0.0
ev_003065,53.522212982177734,9.763267517089844,14.488125801086426,53.522212982177734,9.763267517089844,14.488125801086426,0.0,0.0,0.0,0.0
ev_003066,9.035515785217285,6.064360618591309,20.89942169189453,9.035515785217285,6.064360618591309,20.89942169189453,0.0,0.0,0.0,0.0
ev_003067,0.4789484441280365,4.658366680145264,7.589212417602539,0.4789484441280365,4.658366680145264,7.589212417602539,0.0,0.0,0.0,0.0
ev_003068,4.743466854095459,3.5759835243225098,37.583763122558594,5.247556686401367,4.098471641540527,33.61663055419922,-0.5040898323059082,-0.5224881172180176,3.967132568359375,2.9405555725097656
ev_003069,8.553430557250977,0.3798763155937195,0.23472538590431213,8.553430557250977,0.3798763155937195,0.23472538590431213,0.0,0.0,0.0,0.0
ev_003070,3.436436653137207,1.055605411529541,0.2774498760700226,69.28242492675781,5.609522819519043,12.786863327026367,-65.84598541259766,-4.553917407989502,-12.509413719177246,-82.90931701660156
ev_003071,6.353217124938965,1.7678245306015015,12.449442863464355,4.377970218658447,2.07314133644104,2.5505568981170654,1.9752469062805176,-0.3053168058395386,9.898885726928711,11.568815231323242
ev_003072,0.6057493090629578,1.5088396072387695,23.81759262084961,0.6057493090629578,1.5088396072387695,23.81759262084961,0.0,0.0,0.0,0.0
ev_003073,5.502654552459717,1.5612220764160156,1.4095951318740845,4.00044584274292,1.5612220764160156,4.6959452629089355,1.5022087097167969,0.0,-3.2863502502441406,-1.7841415405273438
ev_003074,42.949440002441406,5.201248645782471,49.497440338134766,6.482654571533203,0.7646476626396179,49.497440338134766,36.4667854309082,4.436601161956787,0.0,40.90338897705078
ev_003075,4.317914962768555,2.0878078937530518,27.26652717590332,4.822004795074463,1.5653201341629028,23.299396514892578,-0.5040898323059082,0.5224877595901489,3.967130661010742,3.9855270385742188
ev_003076,18.19537353515625,3.804351806640625,15.040761947631836,3.195373058319092,0.03661396726965904,0.04076175391674042,15.0,3.767737865447998,15.0,33.76774215698242
ev_003077,19.49873924255371,1.5411535501480103,0.7524198293685913,19.49873924255371,1.5411535501480103,0.7524198293685913,0.0,0.0,0.0,0.0
ev_003078,1.630636215209961,1.7413413524627686,2.885317802429199,1.630636215209961,1.7413413524627686,2.885317802429199,0.0,0.0,0.0,0.0
ev_003079,3.255648374557495,4.973901271820068,0.5233169794082642,3.255648374557495,4.973901271820068,0.5233169794082642,0.0,0.0,0.0,0.0
ev_003080,3.277310371398926,4.212090969085693,4.688272476196289,3.277310371398926,4.212090969085693,4.688272476196289,0.0,0.0,0.0,0.0
ev_003081,6.1215291023254395,0.4160116910934448,1.140706181526184,6.1215291023254395,0.4160116910934448,1.140706181526184,0.0,0.0,0.0,0.0
ev_003082,10.426642417907715,6.094179153442383,24.765748977661133,10.55213737487793,8.501428604125977,12.203288078308105,-0.12549495697021484,-2.4072494506835938,12.562460899353027,10.029712677001953
ev_003083,7.187784671783447,7.818448543548584,18.82056999206543,7.187784671783447,7.818448543548584,18.82056999206543,0.0,0.0,0.0,0.0
ev_003084,6.979552745819092,6.5233378410339355,120.28265380859375,6.979552745819092,6.5233378410339355,120.28265380859375,0.0,0.0,0.0,0.0
ev_003085,0.3520528972148895,0.5311318635940552,16.959077835083008,1.5836336612701416,3.3772220611572266,3.772292137145996,-1.2315807342529297,-2.846090316772461,13.186785697937012,9.109114646911621
ev_003086,2.431864023208618,0.818641722202301,10.301552772521973,2.431864023208618,0.818641722202301,10.301552772521973,0.0,0.0,0.0,0.0
ev_003087,0.130178302526474,8.136423110961914,29.050273895263672,0.5467160940170288,3.18232798576355,20.995290756225586,-0.4165377914905548,4.954094886779785,8.054983139038086,12.592540740966797
ev_003088,8.268046379089355,5.76408052444458,23.749250411987305,7.763956546783447,5.2415924072265625,7.583676815032959,0.5040898323059082,0.5224881172180176,16.165573120117188,17.192153930664062
ev_003089,8.647400856018066,2.096264123916626,5.042649745941162,2.6625313758850098,4.803800106048584,3.9405357837677,5.984869480133057,-2.707535982131958,1.102113962173462,4.379446983337402
ev_003090,18.50430679321289,1.8082923889160156,9.019853591918945,18.50430679321289,1.8082923889160156,9.019853591918945,0.0,0.0,0.0,0.0
ev_003091,1.3123780488967896,0.22203516960144043,10.031942367553711,1.3123780488967896,0.22203516960144043,10.031942367553711,0.0,0.0,0.0,0.0
ev_003092,2.9446966648101807,0.5629349946975708,8.409692764282227,2.9446966648101807,0.5629349946975708,8.409692764282227,0.0,0.0,0.0,0.0
ev_003093,10.398770332336426,3.568711519241333,23.44865608215332,4.630290508270264,0.9891802668571472,13.210484504699707,5.768479824066162,2.579531192779541,10.238171577453613,18.586181640625
ev_003094,39.7342529296875,2.4419093132019043,2.4686996936798096,39.7342529296875,2.4419093132019043,2.4686996936798096,0.0,0.0,0.0,0.0
ev_003095,2.4011683464050293,1.1497628688812256,18.310596466064453,2.4011683464050293,1.1497628688812256,18.310596466064453,0.0,0.0,0.0,0.0
ev_003096,12.642929077148438,4.6884074211120605,17.92047119140625,2.3570709228515625,2.7470650672912598,2.9204702377319336,10.285858154296875,1.9413423538208008,15.000000953674316,27.227201461791992
ev_003097,5.552844047546387,4.522940635681152,40.79255676269531,5.916232109069824,2.9979681968688965,37.12894821166992,-0.3633880615234375,1.5249724388122559,3.6636085510253906,4.825191497802734
ev_003098,6.726048946380615,9.242283821105957,9.017448425292969,7.089437007904053,9.382085800170898,5.3538384437561035,-0.3633880615234375,-0.1398019790649414,3.6636099815368652,3.160419464111328
ev_003099,10.928778648376465,13.77609920501709,8.347386360168457,2.3831875324249268,0.35324713587760925,8.347386360168457,8.545591354370117,13.422852516174316,0.0,21.96844482421875
ev_003100,0.09826938807964325,7.506246566772461,17.0794677734375,0.042129676789045334,4.39642858505249,19.415197372436523,0.056139711290597916,3.1098179817199707,-2.3357295989990234,0.8302268981933594
ev_003101,6.955249786376953,3.811168909072876,36.441551208496094,7.459339618682861,4.3336567878723145,32.47441864013672,-0.5040898323059082,-0.5224878787994385,3.967132568359375,2.9405555725097656
ev_003102,6.03047513961792,11.01144027709961,10.446682929992676,4.771303176879883,7.170474529266357,4.553317070007324,1.259171962738037,3.840965747833252,5.893365859985352,10.99350357055664
ev_003103,0.06556085497140884,7.184737205505371,0.8524998426437378,0.5696507096290588,6.708597183227539,3.114630937576294,-0.5040898323059082,0.47614002227783203,-2.2621312141418457,-2.290081024169922
ev_003104,10.588427543640137,5.9870781898498535,27.83478355407715,7.889522075653076,0.6688051819801331,13.55785846710205,2.6989054679870605,5.318273067474365,14.276925086975098,22.294103622436523
ev_003105,4.351481914520264,2.546670913696289,4.046047687530518,3.9880893230438232,0.10713499784469604,1.7982367277145386,0.36339259147644043,2.4395358562469482,2.2478108406066895,5.050739288330078
ev_003106,6.492314338684082,7.448207855224609,2.8643136024475098,6.492314338684082,7.448207855224609,2.8643136024475098,0.0,0.0,0.0,0.0
ev_003107,1.6732139587402344,0.70201176404953,2.919621706008911,3.685847043991089,1.7052372694015503,6.017464637756348,-2.0126330852508545,-1.003225564956665,-3.0978429317474365,-6.113700866699219
ev_003108,1.984398603439331,2.3346593379974365,6.1785383224487305,1.984398603439331,2.3346593379974365,6.1785383224487305,0.0,0.0,0.0,0.0
ev_003109,13.731666564941406,5.098282814025879,12.221807479858398,13.731666564941406,5.098282814025879,12.221807479858398,0.0,0.0,0.0,0.0
ev_003110,11.57302474975586,4.28342342376709,18.69138526916504,11.57302474975586,4.28342342376709,18.69138526916504,0.0,0.0,0.0,0.0
ev_003111,12.387777328491211,5.850731372833252,16.647193908691406,12.387777328491211,5.850731372833252,16.647193908691406,0.0,0.0,0.0,0.0
ev_003112,0.043265171349048615,2.337162494659424,1.7945729494094849,0.043265171349048615,2.337162494659424,1.7945729494094849,0.0,0.0,0.0,0.0
ev_003113,7.704529762268066,6.071631908416748,25.69520378112793,7.844928741455078,2.9618136882781982,22.49335479736328,-0.14039897918701172,3.10981822013855,3.2018489837646484,6.171268463134766
ev_003114,5.103018283843994,4.789758682250977,11.111435890197754,5.103018283843994,4.789758682250977,11.111435890197754,0.0,0.0,0.0,0.0
ev_003115,1.0292528867721558,0.23487816751003265,5.214748382568359,1.0292528867721558,0.23487816751003265,5.214748382568359,0.0,0.0,0.0,0.0
ev_003116,1.2932655811309814,1.4913605451583862,2.8868510723114014,1.2932655811309814,1.4913605451583862,2.8868510723114014,0.0,0.0,0.0,0.0
ev_003117,5.362034320831299,8.295814514160156,13.03982162475586,5.362034320831299,8.295814514160156,13.03982162475586,0.0,0.0,0.0,0.0
ev_003118,2.4743518829345703,3.1516661643981934,24.25804328918457,2.4743518829345703,3.1516661643981934,24.25804328918457,0.0,0.0,0.0,0.0
ev_003119,6.728963375091553,1.8360549211502075,7.867368698120117,6.728963375091553,1.8360549211502075,7.867368698120117,0.0,0.0,0.0,0.0
ev_003120,75.98741149902344,0.5691913366317749,2.394536256790161,14.012585639953613,0.5691913366317749,13.375471115112305,61.97482681274414,0.0,-10.980935096740723,50.993892669677734
ev_003121,2.947131633758545,3.3896265029907227,27.863962173461914,2.947131633758545,3.3896265029907227,27.863962173461914,0.0,0.0,0.0,0.0
ev_003122,5.417319297790527,0.05870908871293068,19.49677085876465,6.500432014465332,0.05870908871293068,4.496770858764648,-1.0831127166748047,0.0,15.0,13.916887283325195
ev_003123,3.3383710384368896,4.22782039642334,9.770638465881348,3.197972059249878,1.11800217628479,12.106369018554688,0.14039897918701172,3.10981822013855,-2.33573055267334,0.9144859313964844
ev_003124,1.037144422531128,4.649065017700195,15.827898979187012,1.037144422531128,5.0629682540893555,15.827898979187012,0.0,-0.41390323638916016,0.0,-0.41390419006347656
ev_003125,10.970452308654785,1.773130178451538,36.77512741088867,3.525458335876465,1.2506422996520996,32.80799865722656,7.44499397277832,0.5224878787994385,3.9671287536621094,11.934612274169922
ev_003126,0.588996171951294,5.7183837890625,1.7608321905136108,1.504151463508606,4.657547950744629,6.737948417663574,-0.915155291557312,1.060835838317871,-4.977116107940674,-4.8314361572265625
ev_003127,6.855846881866455,4.962217807769775,1.176235556602478,7.344729423522949,1.0299962759017944,7.937687873840332,-0.48888254165649414,3.9322214126586914,-6.7614521980285645,-3.318112373352051
ev_003128,11.303425788879395,11.363930702209473,3.7700655460357666,11.303425788879395,11.363930702209473,3.7700655460357666,0.0,0.0,0.0,0.0
ev_003129,1.0411702394485474,1.1519248485565186,8.144034385681152,1.0411702394485474,1.1519248485565186,8.144034385681152,0.0,0.0,0.0,0.0
ev_003130,1.7207825183868408,1.5302797555923462,5.835488319396973,4.990228176116943,2.0642268657684326,20.835487365722656,-3.2694456577301025,-0.5339471101760864,-14.999999046325684,-18.803390502929688
ev_003131,5.344545364379883,4.755020618438721,14.475071907043457,5.344545364379883,4.755020618438721,14.475071907043457,0.0,0.0,0.0,0.0
ev_003132,1.009444236755371,7.555537700653076,27.836044311523438,4.1954216957092285,3.625856399536133,15.701061248779297,-3.1859774589538574,3.9296813011169434,12.13498306274414,12.878684997558594
ev_003133,2.5318822860717773,1.8307816982269287,9.436907768249512,2.027792453765869,1.8307816982269287,5.469776630401611,0.5040898323059082,0.0,3.9671311378479004,4.471220970153809
ev_003134,17.004276275634766,0.2925146222114563,23.83675193786621,17.004276275634766,0.2925146222114563,23.83675193786621,0.0,0.0,0.0,0.0
ev_003135,2.195890426635742,0.7081783413887024,5.955353260040283,2.195890426635742,0.7081783413887024,5.955353260040283,0.0,0.0,0.0,0.0
ev_003136,3.9918365478515625,3.2338712215423584,12.53720760345459,4.117331504821777,0.8266221880912781,15.635050773620605,-0.12549495697021484,2.4072489738464355,-3.0978431701660156,-0.8160877227783203
ev_003137,5.262031078338623,4.987112045288086,23.9246883392334,5.262031078338623,4.987112045288086,23.9246883392334,0.0,0.0,0.0,0.0
ev_003138,3.370028495788574,7.150294303894043,7.226278781890869,0.9013885259628296,2.250903844833374,7.773721218109131,2.468639850616455,4.89939022064209,-0.5474424362182617,6.820587158203125
ev_003139,2.6253457069396973,2.2096407413482666,10.007732391357422,1.0647218227386475,2.131453037261963,8.734004974365234,1.5606238842010498,0.07818770408630371,1.2737274169921875,2.912539482116699
ev_003140,9.42232608795166,1.5074058771133423,4.665585517883301,9.42232608795166,1.5074058771133423,4.665585517883301,0.0,0.0,0.0,0.0
ev_003141,1.7724357843399048,3.1026155948638916,30.996627807617188,1.7724357843399048,3.1026155948638916,30.996627807617188,0.0,0.0,0.0,0.0
ev_003142,1.7961171865463257,0.24954742193222046,18.106672286987305,1.7961171865463257,0.24954742193222046,18.106672286987305,0.0,0.0,0.0,0.0
ev_003143,3.193392276763916,7.291961669921875,30.360475540161133,3.697482109069824,6.769473552703857,26.39334487915039,-0.5040898323059082,0.5224881172180176,3.967130661010742,3.9855308532714844
ev_003144,2.6859593391418457,7.474069595336914,26.009206771850586,2.6859593391418457,7.474069595336914,16.134122848510742,0.0,0.0,9.875083923339844,9.875083923339844
ev_003145,0.8609046936035156,1.7502992153167725,32.70145797729492,1.2242971658706665,1.8442072868347168,34.1479606628418,-0.3633924722671509,-0.09390807151794434,-1.446502685546875,-1.9038047790527344
ev_003146,1.934706687927246,1.636797547340393,28.75360870361328,1.934706687927246,1.636797547340393,28.75360870361328,0.0,0.0,0.0,0.0
ev_003147,5.160634517669678,5.515681743621826,25.656124114990234,8.971887588500977,3.468221426010132,14.6713228225708,-3.811253070831299,2.0474603176116943,10.984801292419434,9.22100830078125
ev_003148,19.821434020996094,2.003837823867798,104.23178100585938,3.365339994430542,1.8371278047561646,0.7682188153266907,16.45609474182129,0.1667100191116333,103.46356201171875,120.08636474609375
ev_003149,0.9448338150978088,0.15847542881965637,10.504251480102539,0.9448338150978088,0.15847542881965637,10.504251480102539,0.0,0.0,0.0,0.0
ev_003150,1.0539203882217407,0.746231734752655,141.2636260986328,1.0539203882217407,0.746231734752655,141.2636260986328,0.0,0.0,0.0,0.0
ev_003151,0.7049185037612915,7.494391918182373,124.02351379394531,0.7049185037612915,7.494391918182373,124.02351379394531,0.0,0.0,0.0,0.0
ev_003152,3.4530694484710693,2.9653470516204834,8.843262672424316,3.4530694484710693,2.9653470516204834,8.843262672424316,0.0,0.0,0.0,0.0
ev_003153,4.579642295837402,3.435743808746338,4.907632350921631,4.579642295837402,3.435743808746338,4.907632350921631,0.0,0.0,0.0,0.0
ev_003154,6.6142578125,6.524201393127441,0.6210578680038452,6.9776458740234375,4.9992289543151855,4.284667491912842,-0.3633880615234375,1.5249724388122559,-3.663609504699707,-2.5020265579223633
ev_003155,43.82939147949219,1.5633983612060547,24.9047908782959,43.82939147949219,1.5633983612060547,24.9047908782959,0.0,0.0,0.0,0.0
ev_003156,3.982377767562866,1.1398028135299683,8.952213287353516,3.982377767562866,1.1398028135299683,8.952213287353516,0.0,0.0,0.0,0.0
ev_003157,0.5409143567085266,1.1753966808319092,13.185384750366211,1.5338871479034424,1.09144127368927,23.91396713256836,-0.9929727911949158,0.08395540714263916,-10.728582382202148,-11.63759994506836
ev_003158,10.794164657592773,11.896073341369629,9.704080581665039,6.999233722686768,8.38871955871582,1.3287886381149292,3.794930934906006,3.5073537826538086,8.37529182434082,15.677576065063477
ev_003159,13.136314392089844,3.2533376216888428,23.8902645111084,1.571263074874878,3.775825262069702,7.897291660308838,11.565051078796387,-0.5224876403808594,15.992973327636719,27.035533905029297
ev_003160,15.14311408996582,4.82271671295166,14.963363647460938,14.471457481384277,11.050015449523926,0.03663639724254608,0.671656608581543,-6.227298736572266,14.926727294921875,9.371086120605469
ev_003161,57.293678283691406,7.431567668914795,107.79027557373047,32.70431137084961,0.003904496319591999,0.006535688415169716,24.589366912841797,7.427663326263428,107.78373718261719,139.80076599121094
ev_003162,2.339625120162964,1.8762266635894775,12.528961181640625,0.35154038667678833,1.9647390842437744,2.471038341522217,1.9880847930908203,-0.08851242065429688,10.05792236328125,11.957494735717773
ev_003163,0.7634820938110352,0.36022084951400757,0.3618394732475281,0.7634820938110352,0.36022084951400757,0.3618394732475281,0.0,0.0,0.0,0.0
ev_003164,28.77241325378418,4.516611576080322,8.00673770904541,28.77241325378418,4.516611576080322,8.00673770904541,0.0,0.0,0.0,0.0
ev_003165,1.6044272184371948,5.157037734985352,7.063169956207275,1.2410348653793335,1.5625313520431519,5.834942817687988,0.36339235305786133,3.59450626373291,1.228227138519287,5.186125755310059
ev_003166,6.174111366271973,8.999216079711914,28.411054611206055,7.167083740234375,4.544506549835205,17.682472229003906,-0.9929723739624023,4.454709529876709,10.728582382202148,14.190319061279297
ev_003167,1.648966670036316,7.524178981781006,5.627875328063965,1.648966670036316,7.524178981781006,5.627875328063965,0.0,0.0,0.0,0.0
ev_003168,56.5730094909668,0.889017641544342,12.276355743408203,56.5730094909668,0.889017641544342,12.276355743408203,0.0,0.0,0.0,0.0
ev_003169,1.034420132637024,0.059071965515613556,2.0242388248443604,1.1599152088165283,1.0585896968841553,1.0736041069030762,-0.1254950761795044,-0.9995177388191223,0.9506347179412842,-0.1743779182434082
ev_003170,0.3904162347316742,12.040953636169434,32.60136795043945,0.3904162347316742,12.040953636169434,32.60136795043945,0.0,0.0,0.0,0.0
ev_003171,10.314373016357422,6.1710591316223145,16.76588249206543,0.5790219902992249,0.46624812483787537,15.772910118103027,9.735350608825684,5.704811096191406,0.9929723739624023,16.43313217163086
ev_003172,4.567403316497803,8.308314323425293,11.370716094970703,1.9850283861160278,1.266273856163025,11.370716094970703,2.5823750495910645,7.0420403480529785,0.0,9.624414443969727
ev_003173,0.3552588224411011,0.8852350115776062,7.9246392250061035,10.954673767089844,5.013963222503662,4.177307605743408,-10.599414825439453,-4.12872838973999,3.7473316192626953,-10.980812072753906
ev_003174,7.098946571350098,1.9740294218063354,22.20679473876953,2.0418810844421387,1.9740294218063354,7.206794261932373,5.057065486907959,0.0,15.0,20.057064056396484
ev_003175,3.3239192962646484,1.9431391954421997,21.98214340209961,2.456441640853882,0.10432121157646179,14.351402282714844,0.8674776554107666,1.8388179540634155,7.630741119384766,10.337038040161133
ev_003176,27.33454132080078,3.4558334350585938,35.35321044921875,2.6654579639434814,3.9796388149261475,5.35321044921875,24.669082641601562,-0.5238053798675537,30.0,54.14527893066406
ev_003177,0.42007994651794434,2.125180721282959,0.2108287513256073,0.42007994651794434,2.125180721282959,0.2108287513256073,0.0,0.0,0.0,0.0
ev_003178,52.45154571533203,11.571786880493164,14.638517379760742,7.940725326538086,3.581125497817993,0.12769828736782074,44.51081848144531,7.99066162109375,14.510819435119629,67.01229858398438
ev_003179,2.810471534729004,2.7920117378234863,17.5013484954834,2.810471534729004,2.7920117378234863,17.5013484954834,0.0,0.0,0.0,0.0
ev_003180,4.7915520668029785,2.0529379844665527,30.204099655151367,4.7915520668029785,2.0529379844665527,30.204099655151367,0.0,0.0,0.0,0.0
ev_003181,5.333512306213379,1.989207148551941,27.9688777923584,5.333512306213379,1.989207148551941,27.9688777923584,0.0,0.0,0.0,0.0
ev_003182,5.2875075340271,2.254504919052124,8.431981086730957,5.427906513214111,0.8553133606910706,6.096250534057617,-0.14039897918701172,1.3991916179656982,2.33573055267334,3.594522476196289
ev_003183,16.775665283203125,10.736249923706055,0.8813419342041016,7.35007905960083,16.6015682220459,9.79525375366211,9.425586700439453,-5.865318298339844,-8.913911819458008,-5.353645324707031
ev_003184,4.293497562408447,5.650491714477539,49.9732551574707,4.293497562408447,5.650491714477539,49.9732551574707,0.0,0.0,0.0,0.0
ev_003185,2.590773105621338,8.376424789428711,17.370473861694336,9.223249435424805,2.80496883392334,3.1284430027008057,-6.632476329803467,5.571455955505371,14.24203109741211,13.181010246276855
ev_003186,1.6693469285964966,1.1514545679092407,28.08295249938965,1.6693469285964966,1.1514545679092407,28.08295249938965,0.0,0.0,0.0,0.0
ev_003187,1.6374410390853882,0.9003952741622925,4.176855087280273,1.6374410390853882,0.9003952741622925,4.176855087280273,0.0,0.0,0.0,0.0
ev_003188,76.81744384765625,7.17583703994751,33.43116760253906,76.81744384765625,7.17583703994751,33.43116760253906,0.0,0.0,0.0,0.0
ev_003189,58.80432891845703,3.3315131664276123,4.582792282104492,58.80432891845703,3.3315131664276123,4.582792282104492,0.0,0.0,0.0,0.0
ev_003190,1.4519890546798706,5.777374744415283,27.66189956665039,59.40058517456055,1.658097505569458,45.151039123535156,-57.9485969543457,4.119277000427246,-17.489139556884766,-71.31845092773438
ev_003191,11.336159706115723,2.401503086090088,16.83660888671875,11.336159706115723,2.401503086090088,16.83660888671875,0.0,0.0,0.0,0.0
ev_003192,5.891071319580078,0.8312514424324036,10.786972045898438,7.389015197753906,0.8312514424324036,3.1836392879486084,-1.4979438781738281,0.0,7.60333251953125,6.105388641357422
ev_003193,5.605874538421631,6.576528072357178,8.707489967346191,5.605874538421631,6.576528072357178,8.707489967346191,0.0,0.0,0.0,0.0
ev_003194,0.9211775660514832,4.505574703216553,2.4263968467712402,0.9211775660514832,5.819569110870361,0.795982837677002,0.0,-1.3139944076538086,1.6304140090942383,0.3164196014404297
ev_003195,3.1017565727233887,3.0170865058898926,16.291227340698242,2.6852188110351562,7.971181869506836,1.2912278175354004,0.4165377616882324,-4.954095363616943,15.0,10.462442398071289
ev_003196,2.8833580017089844,2.660893440246582,2.4322712421417236,2.8833580017089844,2.660893440246582,2.4322712421417236,0.0,0.0,0.0,0.0
ev_003197,3.9737186431884766,2.7320120334625244,31.790849685668945,3.9737186431884766,2.7320120334625244,31.790849685668945,0.0,0.0,0.0,0.0
ev_003198,4.699160099029541,3.2409844398498535,24.893741607666016,4.699160099029541,3.2409844398498535,24.893741607666016,0.0,0.0,0.0,0.0
ev_003199,10.280450820922852,1.2427736520767212,13.323494911193848,10.280450820922852,1.2427736520767212,13.323494911193848,0.0,0.0,0.0,0.0
ev_003200,3.4971659183502197,1.6459673643112183,12.903178215026855,3.4971659183502197,1.6459673643112183,12.903178215026855,0.0,0.0,0.0,0.0
ev_003201,15.14529800415039,9.369175910949707,35.04593276977539,15.14529800415039,9.369175910949707,35.04593276977539,0.0,0.0,0.0,0.0
ev_003202,2.232586145401001,0.7443408966064453,6.663074493408203,2.232586145401001,0.7443408966064453,6.663074493408203,0.0,0.0,0.0,0.0
ev_003203,54.17814254760742,5.6541852951049805,66.6329116821289,34.96928405761719,1.7812867164611816,36.63290786743164,19.208858489990234,3.872898578643799,30.000003814697266,53.081756591796875
ev_003204,1.3826394081115723,3.2446634769439697,4.073670387268066,1.3826394081115723,3.2446634769439697,4.073670387268066,0.0,0.0,0.0,0.0
ev_003205,11.909337997436523,5.496705532073975,6.9204182624816895,16.625932693481445,4.74769926071167,7.409599304199219,-4.716594696044922,0.7490062713623047,-0.4891810417175293,-4.456769943237305
ev_003206,3.7965924739837646,0.8563745617866516,9.743694305419922,3.7965924739837646,0.8563745617866516,9.743694305419922,0.0,0.0,0.0,0.0
ev_003207,4.323073387145996,0.39281558990478516,23.506032943725586,0.21646827459335327,9.688004493713379,17.7375545501709,4.106605052947998,-9.295188903808594,5.7684783935546875,0.57989501953125
ev_003208,1.81439208984375,7.351866245269775,14.9089937210083,3.786025047302246,0.0836060494184494,0.09100605547428131,-1.971632957458496,7.2682600021362305,14.817987442016602,20.11461639404297
ev_003209,1.5503448247909546,6.905061721801758,6.561751842498779,1.5503448247909546,6.905061721801758,6.561751842498779,0.0,0.0,0.0,0.0
ev_003210,1.1337144374847412,1.960176944732666,7.77870512008667,1.1337144374847412,1.960176944732666,7.77870512008667,0.0,0.0,0.0,0.0
ev_003211,7.474941730499268,1.0278619527816772,9.873482704162598,6.323519706726074,1.0278619527816772,9.873482704162598,1.1514220237731934,0.0,0.0,1.1514205932617188
ev_003212,2.5650556087493896,2.817415952682495,19.636255264282227,1.9720070362091064,13.998809814453125,19.636255264282227,0.5930485725402832,-11.18139362335205,0.0,-10.58834457397461
ev_003213,2.480868101119995,2.2859995365142822,15.027022361755371,2.480868101119995,2.2859995365142822,15.027022361755371,0.0,0.0,0.0,0.0
ev_003214,2.8443472385406494,1.1431559324264526,8.946542739868164,2.8443472385406494,1.1431559324264526,8.946542739868164,0.0,0.0,0.0,0.0
ev_003215,4.474133014678955,0.21761064231395721,0.9656609892845154,71.3784408569336,4.703509330749512,14.029973983764648,-66.90430450439453,-4.485898494720459,-13.064312934875488,-84.45452117919922
ev_003216,9.496248245239258,2.147744655609131,4.474650859832764,9.496248245239258,2.147744655609131,4.474650859832764,0.0,0.0,0.0,0.0
ev_003217,3.4546048641204834,0.6568142771720886,3.936941146850586,3.3142058849334717,0.6568142771720886,1.6012108325958252,0.14039897918701172,0.0,2.3357303142547607,2.4761295318603516
ev_003218,0.31122976541519165,0.9778452515602112,7.056374549865723,0.31122976541519165,0.9778452515602112,7.056374549865723,0.0,0.0,0.0,0.0
ev_003219,7.833110332489014,5.590150833129883,2.852004051208496,4.974765777587891,6.334743976593018,12.147995948791504,2.858344554901123,-0.7445931434631348,-9.295991897583008,-7.182239532470703
ev_003220,1.8587614297866821,1.6238075494766235,19.970359802246094,1.8587614297866821,1.6238075494766235,19.970359802246094,0.0,0.0,0.0,0.0
ev_003221,8.984274864196777,2.1581850051879883,20.446958541870117,6.015725135803223,5.277287483215332,5.446959018707275,2.9685497283935547,-3.1191024780273438,15.0,14.849447250366211
ev_003222,38.84247970581055,5.943765163421631,43.72410202026367,38.84247970581055,5.943765163421631,43.72410202026367,0.0,0.0,0.0,0.0
ev_003223,5.082081317901611,1.4854995012283325,11.26433277130127,5.082081317901611,1.4854995012283325,11.26433277130127,0.0,0.0,0.0,0.0
ev_003224,0.10460086911916733,2.3008148670196533,34.21179962158203,0.03579820320010185,0.8090035319328308,19.21179962158203,0.06880266964435577,1.4918112754821777,15.0,16.56061363220215
ev_003225,5.4710869789123535,10.980347633361816,0.11295988410711288,8.031850814819336,7.048126220703125,10.492687225341797,-2.5607638359069824,3.9322214126586914,-10.379727363586426,-9.008268356323242
ev_003226,79.1041259765625,1.4768023490905762,5.821211814880371,79.1041259765625,1.4768023490905762,84.17878723144531,0.0,0.0,-78.35757446289062,-78.3575668334961
ev_003227,9.372589111328125,2.8190391063690186,25.205467224121094,9.876679420471191,3.341526746749878,21.23833656311035,-0.5040903091430664,-0.5224876403808594,3.967130661010742,2.9405517578125
ev_003228,7.9462199211120605,11.550973892211914,15.930216789245605,1.9583724737167358,0.36957988142967224,3.795233726501465,5.987847328186035,11.18139362335205,12.13498306274414,29.304224014282227
ev_003229,5.921976566314697,4.364833354949951,7.312691688537598,5.921976566314697,4.364833354949951,7.312691688537598,0.0,0.0,0.0,0.0
ev_003230,2.9458813667297363,5.727046489715576,15.789151191711426,2.9458813667297363,5.727046489715576,15.789151191711426,0.0,0.0,0.0,0.0
ev_003231,1.7985323667526245,1.2543822526931763,22.682579040527344,1.7985323667526245,1.2543822526931763,22.682579040527344,0.0,0.0,0.0,0.0
ev_003232,15.928466796875,5.065356731414795,12.154681205749512,15.256810188293457,11.292655944824219,2.845318555831909,0.671656608581543,-6.227299213409424,9.309362411499023,3.75372314453125
ev_003233,4.440706729888916,2.8274576663970947,8.89880084991455,4.058073997497559,6.112119674682617,26.090925216674805,0.3826327323913574,-3.2846620082855225,-17.192123413085938,-20.094154357910156
ev_003234,5.568320274353027,1.6847681999206543,2.6397953033447266,5.568320274353027,1.6847681999206543,2.6397953033447266,0.0,0.0,0.0,0.0
ev_003235,3.1340105533599854,6.885861873626709,20.813343048095703,9.434672355651855,6.885861873626709,20.813343048095703,-6.300662040710449,0.0,0.0,-6.300661087036133
ev_003236,2.8757729530334473,2.542221784591675,2.915367603302002,2.8757729530334473,2.542221784591675,2.915367603302002,0.0,0.0,0.0,0.0
ev_003237,82.59659576416016,3.1534852981567383,4.881389141082764,82.59659576416016,3.1534852981567383,4.881389141082764,0.0,0.0,0.0,0.0
ev_003238,7.10068941116333,5.308640956878662,34.531219482421875,7.10068941116333,5.308640956878662,34.531219482421875,0.0,0.0,0.0,0.0
ev_003239,4.035813808441162,1.8952466249465942,18.251710891723633,4.035813808441162,1.8952466249465942,18.251710891723633,0.0,0.0,0.0,0.0
ev_003240,4.4251909255981445,2.7973439693450928,10.547112464904785,4.4251909255981445,2.7973439693450928,10.547112464904785,0.0,0.0,0.0,0.0
ev_003241,1.9286887645721436,11.442407608032227,2.217139482498169,1.9286887645721436,11.442407608032227,2.217139482498169,0.0,0.0,0.0,0.0
ev_003242,0.7297464609146118,3.8802876472473145,28.5699405670166,19.51942253112793,3.8802876472473145,88.56993865966797,-18.789676666259766,0.0,-60.0,-78.7896728515625
ev_003243,2.5270864963531494,0.866406261920929,6.704903602600098,2.890474319458008,0.6585662364959717,3.5286800861358643,-0.3633878231048584,0.20784002542495728,3.1762235164642334,3.0206756591796875
ev_003244,60.16818618774414,4.856724262237549,83.2278823852539,0.16818435490131378,1.105963110923767,96.29219818115234,60.0,3.750761032104492,-13.064315795898438,50.68644714355469
ev_003245,4.7724199295043945,5.7448530197143555,5.417675018310547,4.7724199295043945,5.7448530197143555,5.417675018310547,0.0,0.0,0.0,0.0
ev_003246,0.6398560404777527,0.04861799627542496,5.804009437561035,0.6398560404777527,0.04861799627542496,9.195990562438965,0.0,0.0,-3.3919811248779297,-3.3919806480407715
ev_003247,1.676656723022461,2.139920234680176,6.515834331512451,1.676656723022461,2.139920234680176,6.515834331512451,0.0,0.0,0.0,0.0
ev_003248,6.922733306884766,7.197165012359619,3.6225290298461914,6.907829284667969,1.6800973415374756,9.056102752685547,0.014904022216796875,5.517067909240723,-5.4335737228393555,0.09839820861816406
ev_003249,20.01190948486328,1.2652215957641602,17.809017181396484,5.011908531188965,2.575744152069092,2.8090176582336426,15.000000953674316,-1.3105225563049316,15.0,28.689476013183594
ev_003250,7.715743064880371,1.2910706996917725,27.258304595947266,3.8493080139160156,0.7685829401016235,11.265331268310547,3.8664350509643555,0.5224877595901489,15.992973327636719,20.381895065307617
ev_003251,5.222511291503906,1.537773609161377,18.021833419799805,10.99099063873291,2.654468059539795,7.128439426422119,-5.768479347229004,-1.116694450378418,10.893394470214844,4.008220672607422
ev_003252,9.129831314086914,1.8048663139343262,29.540857315063477,8.062292098999023,2.9257724285125732,23.03963851928711,1.0675392150878906,-1.120906114578247,6.501218795776367,6.447853088378906
ev_003253,2.603409767150879,2.5837628841400146,23.630773544311523,2.603409767150879,2.5837628841400146,23.630773544311523,0.0,0.0,0.0,0.0
ev_003254,2.7242462635040283,1.5621544122695923,17.048730850219727,2.0525898933410645,7.789453506469727,2.0487310886383057,0.6716563701629639,-6.227299213409424,15.0,9.444358825683594
ev_003255,2.6954171657562256,1.8113303184509277,2.7701547145843506,2.6954171657562256,1.8113303184509277,2.7701547145843506,0.0,0.0,0.0,0.0
ev_003256,2.9277353286743164,4.4596099853515625,25.530620574951172,2.9277353286743164,4.4596099853515625,25.530620574951172,0.0,0.0,0.0,0.0
ev_003257,0.8631551861763,6.052970886230469,36.583988189697266,0.8631551861763,6.052970886230469,36.583988189697266,0.0,0.0,0.0,0.0
ev_003258,0.32590535283088684,1.4996733665466309,1.4440885782241821,0.32590535283088684,1.4996733665466309,1.4440885782241821,0.0,0.0,0.0,0.0
ev_003259,0.20872390270233154,2.4827523231506348,21.67017936706543,0.20872390270233154,2.4827523231506348,21.67017936706543,0.0,0.0,0.0,0.0
ev_003260,7.415800094604492,1.388030767440796,23.5758056640625,7.415800094604492,1.388030767440796,23.5758056640625,0.0,0.0,0.0,0.0
ev_003261,6.941110610961914,1.3508421182632446,19.99773597717285,6.941110610961914,1.3508421182632446,19.99773597717285,0.0,0.0,0.0,0.0
ev_003262,0.0586405023932457,4.436575412750244,15.127753257751465,0.3047519326210022,0.8420690894126892,16.57425880432129,-0.2461114227771759,3.59450626373291,-1.4465055465698242,1.9018878936767578
ev_003263,9.021489143371582,5.474444389343262,2.2508459091186523,9.021489143371582,5.474444389343262,2.2508459091186523,0.0,0.0,0.0,0.0
ev_003264,2.2087442874908447,3.03236985206604,24.52499008178711,1.2692052125930786,2.2859034538269043,12.470758438110352,0.9395390748977661,0.7464663982391357,12.054231643676758,13.740236282348633
ev_003265,1.1097326278686523,5.861783027648926,11.08296012878418,1.1097326278686523,5.861783027648926,11.08296012878418,0.0,0.0,0.0,0.0
ev_003266,0.29394015669822693,9.337581634521484,26.305192947387695,0.08435632288455963,0.2260078340768814,8.543524742126465,0.2095838338136673,9.111574172973633,17.761669158935547,27.08282470703125
ev_003267,1.8867597579956055,6.361634731292725,105.39311981201172,1.8867597579956055,6.361634731292725,105.39311981201172,0.0,0.0,0.0,0.0
ev_003268,3.4643070697784424,0.894636869430542,23.310388565063477,3.4643070697784424,0.894636869430542,23.310388565063477,0.0,0.0,0.0,0.0
ev_003269,6.780660152435303,3.094883441925049,100.82455444335938,6.780660152435303,3.094883441925049,100.82455444335938,0.0,0.0,0.0,0.0
ev_003270,3.0494585037231445,9.08383560180664,41.0853157043457,2.1968846321105957,1.6483629941940308,16.326257705688477,0.8525738716125488,7.43547248840332,24.759057998657227,33.04710388183594
ev_003271,1.528995156288147,6.839366436004639,17.123023986816406,1.528995156288147,6.839366436004639,17.123023986816406,0.0,0.0,0.0,0.0
ev_003272,1.8496663570404053,1.473636269569397,1.4015003442764282,11.462299346923828,16.473636627197266,5.933150291442871,-9.612632751464844,-15.0,-4.531650066375732,-29.144283294677734
ev_003273,3.185905694961548,0.871265172958374,21.206369400024414,2.102792739868164,0.871265172958374,6.206369400024414,1.0831129550933838,0.0,15.0,16.083112716674805
ev_003274,6.520455360412598,4.6181488037109375,10.751985549926758,6.520455360412598,4.6181488037109375,10.751985549926758,0.0,0.0,0.0,0.0
ev_003275,3.0111238956451416,0.7937615513801575,22.661518096923828,3.0111238956451416,3.9336776733398438,22.661518096923828,0.0,-3.139916181564331,0.0,-3.1399154663085938
ev_003276,4.679477214813232,8.097976684570312,22.80518913269043,5.056132793426514,8.097976684570312,17.036710739135742,-0.37665557861328125,0.0,5.7684783935546875,5.391820907592773
ev_003277,0.9973087310791016,2.985429525375366,37.74592208862305,0.9973087310791016,2.985429525375366,37.74592208862305,0.0,0.0,0.0,0.0
ev_003278,7.394360065460205,0.3679139316082001,3.7069284915924072,7.394360065460205,0.3679139316082001,3.7069284915924072,0.0,0.0,0.0,0.0
ev_003279,2.230790615081787,7.115607738494873,25.635677337646484,2.230790615081787,7.115607738494873,25.635677337646484,0.0,0.0,0.0,0.0
ev_003280,0.5228267908096313,6.4808783531188965,6.540203094482422,0.648321807384491,8.888127326965332,4.427530765533447,-0.12549501657485962,-2.4072489738464355,2.1126723289489746,-0.4200716018676758
ev_003281,0.3345901072025299,2.0065958499908447,19.95438003540039,1.832533836364746,5.226783752441406,8.538195610046387,-1.4979437589645386,-3.2201879024505615,11.416184425354004,6.698053359985352
ev_003282,81.29049682617188,2.917084217071533,77.95849609375,66.90861511230469,0.923881471157074,21.95915412902832,14.381881713867188,1.9932026863098145,55.99934387207031,72.37442779541016
ev_003283,3.2038676738739014,6.067401885986328,34.55500411987305,3.6927506923675537,2.1351802349090576,27.79355239868164,-0.48888301849365234,3.9322216510772705,6.761451721191406,10.204792022705078
ev_003284,6.543198585510254,2.9024603366851807,15.470009803771973,6.543198585510254,2.9024603366851807,15.470009803771973,0.0,0.0,0.0,0.0
ev_003285,2.3506100177764893,3.1422853469848633,29.653995513916016,2.3506100177764893,3.1422853469848633,29.653995513916016,0.0,0.0,0.0,0.0
ev_003286,41.18889236450195,7.107685089111328,34.27961730957031,41.18889236450195,7.107685089111328,34.27961730957031,0.0,0.0,0.0,0.0
ev_003287,11.848933219909668,0.4162335693836212,17.73420524597168,6.080453872680664,6.781799793243408,12.469815254211426,5.768479347229004,-6.365566253662109,5.264389991760254,4.667303085327148
ev_003288,2.492017984390259,0.719576895236969,16.5803165435791,2.6175129413604736,0.719576895236969,24.14826774597168,-0.12549495697021484,0.0,-7.567951202392578,-7.693445205688477
ev_003289,43.204689025878906,1.1044535636901855,61.9996223449707,43.204689025878906,1.1044535636901855,61.9996223449707,0.0,0.0,0.0,0.0
ev_003290,6.622178077697754,5.265534400939941,43.62352752685547,6.622178077697754,5.265534400939941,43.62352752685547,0.0,0.0,0.0,0.0
ev_003291,6.115377426147461,0.9223454594612122,17.95041275024414,6.115377426147461,0.9223454594612122,17.95041275024414,0.0,0.0,0.0,0.0
ev_003292,3.3146424293518066,2.779381513595581,13.824899673461914,3.3146424293518066,2.779381513595581,13.824899673461914,0.0,0.0,0.0,0.0
ev_003293,6.922995090484619,4.736729621887207,15.403495788574219,0.2846589982509613,0.9680812954902649,6.157066345214844,6.638336181640625,3.768648386001587,9.246429443359375,19.653413772583008
ev_003294,4.558622360229492,2.618088722229004,6.512787342071533,4.558622360229492,2.618088722229004,6.512787342071533,0.0,0.0,0.0,0.0
ev_003295,2.1679837703704834,0.6787728071212769,15.171478271484375,2.1679837703704834,0.6787728071212769,15.171478271484375,0.0,0.0,0.0,0.0
ev_003296,9.748579025268555,6.434356212615967,24.03223991394043,10.111967086791992,7.959329128265381,20.36863136291504,-0.3633880615234375,-1.524972915649414,3.6636085510253906,1.7752494812011719
ev_003297,6.333627223968506,1.0537750720977783,3.401829719543457,6.333627223968506,1.0537750720977783,3.401829719543457,0.0,0.0,0.0,0.0
ev_003298,9.694326400756836,1.6430171728134155,5.592355728149414,9.694326400756836,1.6430171728134155,5.592355728149414,0.0,0.0,0.0,0.0
ev_003299,8.852365493774414,0.8481267094612122,32.08740997314453,8.711966514587402,3.9579451084136963,17.08740997314453,0.14039897918701172,-3.109818458557129,15.0,12.030582427978516
ev_003300,0.9435359239578247,5.278682708740234,38.64527893066406,0.8031368851661682,2.1688644886016846,23.645278930664062,0.1403990387916565,3.10981822013855,15.0,18.250215530395508
ev_003301,10.039538383483887,6.175114631652832,7.294151306152344,10.039538383483887,6.175114631652832,7.294151306152344,0.0,0.0,0.0,0.0
ev_003302,6.286810874938965,1.6991280317306519,3.713114023208618,6.286810874938965,1.6991280317306519,3.713114023208618,0.0,0.0,0.0,0.0
ev_003303,6.030934810638428,5.542839527130127,22.06622314453125,9.465883255004883,6.0653276443481445,6.073249816894531,-3.434948444366455,-0.5224881172180176,15.992973327636719,12.035537719726562
ev_003304,3.179126262664795,9.454902648925781,2.3087775707244873,4.1720991134643555,5.50233268737793,8.419805526733398,-0.9929728507995605,3.9525699615478516,-6.111027717590332,-3.151431083679199
ev_003305,5.075927734375,1.574623942375183,2.1869757175445557,4.571837902069092,3.0451128482818604,8.845893859863281,0.5040898323059082,-1.4704889059066772,-6.658918380737305,-7.625317573547363
ev_003306,0.16155840456485748,4.727624416351318,2.515655517578125,4.153575897216797,5.478652000427246,3.99517560005188,-3.9920175075531006,-0.7510275840759277,-1.4795200824737549,-6.222564697265625
ev_003307,1.1796821355819702,6.041506290435791,6.496107578277588,1.1796821355819702,6.041506290435791,6.496107578277588,0.0,0.0,0.0,0.0
ev_003308,3.1931753158569336,1.7685809135437012,6.782600402832031,1.7926088571548462,8.77670955657959,0.6102046370506287,1.4005664587020874,-7.008128643035889,6.172395706176758,0.5648326873779297
ev_003309,2.086984157562256,1.6916967630386353,13.535820007324219,7.85546350479126,5.871847152709961,2.642425775527954,-5.768479347229004,-4.180150508880615,10.893394470214844,0.9447650909423828
ev_003310,11.875618934631348,1.9813721179962158,16.58540916442871,11.875618934631348,1.9813721179962158,16.58540916442871,0.0,0.0,0.0,0.0
ev_003311,38.71795654296875,0.7083070278167725,6.315760135650635,38.71795654296875,0.7083070278167725,6.315760135650635,0.0,0.0,0.0,0.0
ev_003312,0.6750236749649048,8.331461906433105,3.4206578731536865,8.372031211853027,8.46038818359375,4.183113098144531,-7.697007656097412,-0.12892627716064453,-0.7624552249908447,-8.58838939666748
ev_003313,6.598971843719482,1.8998992443084717,1.114137887954712,6.208904266357422,0.7789932489395142,13.885862350463867,0.39006757736206055,1.1209059953689575,-12.771724700927734,-11.260751724243164
ev_003314,1.755807638168335,0.41189247369766235,8.916173934936523,0.4363161027431488,0.7090135216712952,0.2676551043987274,1.3194915056228638,-0.2971210479736328,8.648518562316895,9.670888900756836
ev_003315,1.8094964027404785,4.379962921142578,63.58622741699219,1.8094964027404785,4.379962921142578,63.58622741699219,0.0,0.0,0.0,0.0
ev_003316,6.126603126525879,1.0195763111114502,1.3226410150527954,5.763215065002441,1.0195763111114502,2.340968370437622,0.3633880615234375,0.0,-1.0183273553848267,-0.6549386978149414
ev_003317,51.480709075927734,4.505603790283203,72.58673095703125,4.8383588790893555,2.929868459701538,18.192121505737305,46.64234924316406,1.575735330581665,54.39460754394531,102.6126937866211
ev_003318,20.33262825012207,1.3377116918563843,17.614044189453125,4.579433441162109,2.503253936767578,2.6140432357788086,15.753194808959961,-1.1655422449111938,15.000000953674316,29.58765411376953
ev_003319,7.112002372741699,7.11866569519043,27.57872200012207,6.895025253295898,2.6639564037323,16.85013771057129,0.21697711944580078,4.454709053039551,10.728584289550781,15.400272369384766
ev_003320,3.2900009155273438,0.18489861488342285,21.502422332763672,3.2900009155273438,0.18489861488342285,21.502422332763672,0.0,0.0,0.0,0.0
ev_003321,3.6466832160949707,0.3178865313529968,24.087566375732422,3.6466832160949707,0.3178865313529968,24.087566375732422,0.0,0.0,0.0,0.0
ev_003322,2.2154717445373535,1.2302736043930054,0.273369163274765,1.7265887260437012,1.2302736043930054,7.034821510314941,0.48888301849365234,0.0,-6.7614521980285645,-6.27256965637207
ev_003323,0.30700790882110596,4.141990661621094,4.816886901855469,0.30700790882110596,4.141990661621094,4.816886901855469,0.0,0.0,0.0,0.0
ev_003324,8.758041381835938,3.3325116634368896,34.72271728515625,8.883536338806152,0.9252626299858093,30.878034591674805,-0.12549495697021484,2.4072489738464355,3.8446826934814453,6.126438140869141
ev_003325,13.52425479888916,1.1369808912277222,35.3306770324707,13.02016544342041,0.6144930720329285,22.182636260986328,0.50408935546875,0.5224878191947937,13.148040771484375,14.174617767333984
ev_003326,1.7974342107772827,3.961787223815918,5.957367420196533,1.7974342107772827,3.961787223815918,5.957367420196533,0.0,0.0,0.0,0.0
ev_003327,10.0619535446167,2.256248950958252,4.116878509521484,10.0619535446167,2.256248950958252,4.116878509521484,0.0,0.0,0.0,0.0
ev_003328,33.42652893066406,0.4488133490085602,0.6351880431175232,33.42652893066406,0.4488133490085602,0.6351880431175232,0.0,0.0,0.0,0.0
ev_003329,3.3846383094787598,0.10208269953727722,12.615904808044434,3.5250372886657715,3.0077357292175293,10.28017520904541,-0.14039897918701172,-2.9056529998779297,2.3357295989990234,-0.7103214263916016
ev_003330,9.911349296569824,2.765138626098633,14.54643726348877,9.911349296569824,2.765138626098633,14.54643726348877,0.0,0.0,0.0,0.0
ev_003331,1.5186365842819214,8.140361785888672,17.386831283569336,5.6890177726745605,2.4355506896972656,8.140402793884277,-4.17038106918335,5.704811096191406,9.246428489685059,10.78085708618164
ev_003332,2.524787187576294,0.25236776471138,35.25410461425781,2.0206973552703857,0.2701200544834137,20.25410270690918,0.5040898323059082,-0.01775228977203369,15.000001907348633,15.486337661743164
ev_003333,3.7345807552337646,4.707371234893799,6.537065505981445,5.232524394989014,1.4871832132339478,1.066267490386963,-1.497943639755249,3.2201881408691406,5.470798015594482,7.193042278289795
ev_003334,1.1779415607452393,0.9921141862869263,7.274803638458252,1.1779415607452393,0.9921141862869263,7.274803638458252,0.0,0.0,0.0,0.0
ev_003335,0.893568217754364,0.40050557255744934,2.9279470443725586,0.5301802754402161,1.1244670152664185,12.072052955627441,0.36338794231414795,-0.7239614725112915,-9.144105911254883,-9.504678726196289
ev_003336,12.849231719970703,2.1723225116729736,19.782047271728516,12.849231719970703,2.1723225116729736,19.782047271728516,0.0,0.0,0.0,0.0
ev_003337,9.356575965881348,6.21640682220459,3.220900297164917,4.775945663452148,4.776487350463867,4.409840106964111,4.580630302429199,1.4399194717407227,-1.1889398097991943,4.831609725952148
ev_003338,79.38912963867188,2.0407819747924805,11.263484001159668,79.38912963867188,2.0407819747924805,11.263484001159668,0.0,0.0,0.0,0.0
ev_003339,6.77925443649292,2.0205960273742676,26.20520782470703,7.716655731201172,1.4981082677841187,11.205206871032715,-0.937401294708252,0.5224877595901489,15.000000953674316,14.585086822509766
ev_003340,4.122594833374023,4.8527374267578125,2.9903221130371094,4.122594833374023,4.8527374267578125,2.9903221130371094,0.0,0.0,0.0,0.0
ev_003341,3.7482995986938477,0.7331315875053406,24.869468688964844,3.7482995986938477,0.7331315875053406,24.869468688964844,0.0,0.0,0.0,0.0
ev_003342,8.589710235595703,9.165909767150879,1.5281575918197632,2.913147211074829,11.214262962341309,3.7097179889678955,5.676563262939453,-2.0483531951904297,-2.181560516357422,1.4466495513916016
ev_003343,3.2453556060791016,1.4554775953292847,48.27003479003906,3.2453556060791016,1.4554775953292847,48.27003479003906,0.0,0.0,0.0,0.0
ev_003344,3.102273941040039,3.62302303314209,10.80787467956543,4.0952467918396,3.62302303314209,0.07929132133722305,-0.9929728507995605,0.0,10.728583335876465,9.735610961914062
ev_003345,1.8597540855407715,7.149404048919678,127.50223541259766,2.712327718734741,0.2860683500766754,3.656914710998535,-0.8525736331939697,6.863335609436035,123.84532165527344,129.85609436035156
ev_003346,0.8256784081459045,5.0873847007751465,10.829432487487793,1.9277921915054321,15.746291160583496,20.07586097717285,-1.1021137237548828,-10.658906936645508,-9.246428489685059,-21.007450103759766
ev_003347,7.0944905281066895,4.681021213531494,29.302719116210938,7.0944905281066895,4.681021213531494,29.302719116210938,0.0,0.0,0.0,0.0
ev_003348,12.665815353393555,4.97830867767334,21.92124366760254,6.024251937866211,0.6372151374816895,11.027848243713379,6.641563415527344,4.34109354019165,10.89339542388916,21.876052856445312
ev_003349,2.5446815490722656,5.875768184661865,30.28120994567871,2.5446815490722656,5.875768184661865,30.28120994567871,0.0,0.0,0.0,0.0
ev_003350,3.369659423828125,4.470697402954102,11.040572166442871,10.91485595703125,8.065203666687012,3.9594273567199707,-7.545196533203125,-3.59450626373291,7.0811448097229,-4.058559417724609
ev_003351,4.690845012664795,2.2068920135498047,29.472265243530273,6.188788890838623,1.0132957696914673,20.769620895385742,-1.4979438781738281,1.1935962438583374,8.702644348144531,8.398296356201172
ev_003352,2.8773353099823,1.6380952596664429,1.6749054193496704,2.8773353099823,1.6380952596664429,1.6749054193496704,0.0,0.0,0.0,0.0
ev_003353,1.5554101467132568,4.006211757659912,25.03191566467285,1.5554101467132568,4.006211757659912,25.03191566467285,0.0,0.0,0.0,0.0
ev_003354,5.33488655090332,3.6559369564056396,17.177234649658203,4.971498489379883,2.1309642791748047,20.840843200683594,0.3633880615234375,1.524972677230835,-3.6636085510253906,-1.775247573852539
ev_003355,1.3095687627792358,0.11538812518119812,23.443777084350586,1.3095687627792358,0.11538812518119812,23.443777084350586,0.0,0.0,0.0,0.0
ev_003356,3.103886842727661,2.306316614151001,1.947000503540039,2.7404987812042236,0.7813439965248108,5.610610008239746,0.3633880615234375,1.524972677230835,-3.663609504699707,-1.7752490043640137
ev_003357,11.791107177734375,0.645206868648529,4.599662780761719,0.48117461800575256,3.6958868503570557,0.812721312046051,11.309932708740234,-3.050679922103882,3.7869415283203125,12.046194076538086
ev_003358,3.4007580280303955,0.7694389820098877,11.873167037963867,3.4007580280303955,0.7694389820098877,11.873167037963867,0.0,0.0,0.0,0.0
ev_003359,5.360126495361328,3.1125078201293945,23.03879737854004,5.360126495361328,3.1125078201293945,23.03879737854004,0.0,0.0,0.0,0.0
ev_003360,7.255416393280029,1.8637669086456299,26.577693939208984,7.255416393280029,1.8637669086456299,26.577693939208984,0.0,0.0,0.0,0.0
ev_003361,7.086458206176758,1.6501688957214355,28.8132381439209,7.086458206176758,1.6501688957214355,28.8132381439209,0.0,0.0,0.0,0.0
ev_003362,1.2612978219985962,2.9755613803863525,24.84198760986328,1.2612978219985962,2.9755613803863525,24.84198760986328,0.0,0.0,0.0,0.0
ev_003363,2.3126275539398193,2.0238521099090576,6.297586441040039,2.3126275539398193,2.0238521099090576,6.297586441040039,0.0,0.0,0.0,0.0
ev_003364,27.315471649169922,4.383981704711914,61.104637145996094,2.6845290660858154,0.36660608649253845,61.104637145996094,24.630943298339844,4.017375469207764,0.0,28.64832305908203
ev_003365,5.066824913024902,6.513047218322754,3.7068395614624023,6.513329982757568,2.9185407161712646,3.7068395614624023,-1.446505069732666,3.5945065021514893,0.0,2.1480016708374023
ev_003366,5.9135236740112305,7.840469837188721,37.523841857910156,6.766097545623779,0.27594202756881714,21.530866622924805,-0.8525738716125488,7.564527988433838,15.992975234985352,22.70492935180664
ev_003367,0.823473334312439,0.4083026945590973,0.8809924721717834,0.823473334312439,0.4083026945590973,0.8809924721717834,0.0,0.0,0.0,0.0
ev_003368,3.617335557937622,5.3386359214782715,8.210785865783691,3.4769363403320312,2.2288177013397217,10.546516418457031,0.14039921760559082,3.10981822013855,-2.33573055267334,0.9144878387451172
ev_003369,50.14542007446289,9.104159355163574,79.61116790771484,50.14542007446289,1.4411307573318481,2.0890705585479736,0.0,7.663028717041016,77.5220947265625,85.18512725830078
ev_003370,53.32640075683594,0.4413873553276062,0.4969460666179657,53.32640075683594,0.4413873553276062,0.4969460666179657,0.0,0.0,0.0,0.0
ev_003371,17.585609436035156,4.252244472503662,6.23546838760376,2.585608959197998,4.252244472503662,6.23546838760376,15.0,0.0,0.0,15.0
ev_003372,0.36419081687927246,3.2830746173858643,27.884998321533203,0.36419081687927246,3.2830746173858643,27.884998321533203,0.0,0.0,0.0,0.0
ev_003373,3.1230928897857666,7.744204998016357,11.888740539550781,6.558041572570801,8.266693115234375,4.104232311248779,-3.434948682785034,-0.5224881172180176,7.784508228302002,3.8270721435546875
ev_003374,9.24574089050293,4.616566181182861,44.608489990234375,6.243440628051758,0.7756003737449646,32.55874252319336,3.002300262451172,3.840965747833252,12.049747467041016,18.89301300048828
ev_003375,7.954285144805908,1.2861998081207275,12.497666358947754,4.264217376708984,3.930624485015869,11.395552635192871,3.690067768096924,-2.6444246768951416,1.1021137237548828,2.1477584838867188
ev_003376,9.456741333007812,7.233924865722656,9.850926399230957,4.690684795379639,0.201547309756279,26.78661346435547,4.766056537628174,7.03237771987915,-16.935688018798828,-5.1372528076171875
ev_003377,0.9754930734634399,2.7915074825286865,6.117863655090332,0.8350940346717834,0.31831094622612,8.453594207763672,0.1403990387916565,2.473196506500244,-2.33573055267334,0.2778654098510742
ev_003378,12.41952896118164,1.507988452911377,0.11373479664325714,12.41952896118164,1.507988452911377,0.11373479664325714,0.0,0.0,0.0,0.0
ev_003379,8.682954788208008,7.5977091789245605,41.566368103027344,8.542555809020996,4.487890720367432,26.566368103027344,0.14039897918701172,3.109818458557129,15.0,18.250213623046875
ev_003380,8.629934310913086,0.12616689503192902,9.939099311828613,5.865976333618164,0.12616689503192902,5.971968173980713,2.763957977294922,0.0,3.9671311378479004,6.731090545654297
ev_003381,3.6659700870513916,2.44504714012146,31.01634407043457,11.750567436218262,2.5090482234954834,16.01634407043457,-8.08459758758545,-0.06400108337402344,15.0,6.851402282714844
ev_003382,3.7976114749908447,6.516907215118408,24.94965362548828,2.2996678352355957,3.296719551086426,17.34632110595703,1.497943639755249,3.2201876640319824,7.60333251953125,12.321462631225586
ev_003383,16.47025489807129,1.8436628580093384,17.15577507019043,0.6588283777236938,1.9973028898239136,2.1557750701904297,15.811426162719727,-0.1536400318145752,15.0,30.657785415649414
ev_003384,1.7092680931091309,1.771172285079956,1.869244933128357,1.7092680931091309,1.771172285079956,1.869244933128357,0.0,0.0,0.0,0.0
ev_003385,29.292919158935547,4.367156505584717,4.203396320343018,29.292919158935547,4.367156505584717,4.203396320343018,0.0,0.0,0.0,0.0
ev_003386,5.320555210113525,0.7909241318702698,5.518647193908691,10.584944725036621,15.790924072265625,11.294567108154297,-5.264389514923096,-15.0,-5.7759199142456055,-26.04030990600586
ev_003387,3.1222829818725586,1.5591927766799927,21.86025619506836,3.1222829818725586,1.5591927766799927,21.86025619506836,0.0,0.0,0.0,0.0
ev_003388,4.7054290771484375,0.5037696957588196,17.921646118164062,4.7054290771484375,0.5037696957588196,17.921646118164062,0.0,0.0,0.0,0.0
ev_003389,34.395755767822266,7.055595397949219,30.55748748779297,4.395756244659424,0.3798770308494568,0.5574875473976135,30.0,6.675718307495117,30.0,66.67571258544922
ev_003390,29.3684024810791,3.6990230083465576,24.590486526489258,7.571896553039551,0.1045164167881012,20.409513473510742,21.796504974365234,3.5945065021514893,4.180973052978516,29.57198715209961
ev_003391,7.68562126159668,3.7450404167175293,14.890398025512695,7.143421649932861,0.09592533856630325,0.10960211604833603,0.5421996116638184,3.6491150856018066,14.78079605102539,18.972110748291016
ev_003392,8.366188049316406,3.5491878986358643,22.20949935913086,8.366188049316406,3.5491878986358643,22.20949935913086,0.0,0.0,0.0,0.0
ev_003393,25.186635971069336,6.481808185577393,22.256635665893555,25.186635971069336,6.481808185577393,22.256635665893555,0.0,0.0,0.0,0.0
ev_003394,1.5269153118133545,6.112556457519531,4.357302188873291,0.08040998876094818,2.518049955368042,4.357302188873291,1.4465053081512451,3.5945065021514893,0.0,5.041012763977051
ev_003395,10.608895301818848,6.902071952819824,9.259605407714844,1.2051266431808472,4.279322147369385,5.736800193786621,9.403768539428711,2.6227498054504395,3.5228052139282227,15.549324035644531
ev_003396,1.0265110731124878,0.5751647353172302,24.706878662109375,1.8629791736602783,4.507386207580566,9.706877708435059,-0.8364681005477905,-3.9322214126586914,15.000000953674316,10.23130989074707
ev_003397,3.011523962020874,7.620495319366455,4.60947322845459,4.504115581512451,9.156388282775879,0.8170139193534851,-1.4925916194915771,-1.5358929634094238,3.79245924949646,0.7639751434326172
ev_003398,36.611759185791016,2.7997539043426514,49.814125061035156,36.611759185791016,2.7997539043426514,49.814125061035156,0.0,0.0,0.0,0.0
ev_003399,5.772873878479004,0.34622400999069214,23.763174057006836,2.3379249572753906,0.8687118291854858,7.770200729370117,3.4349489212036133,-0.5224878191947937,15.992973327636719,18.905433654785156
ev_003400,2.508848190307617,3.360443115234375,6.122262001037598,2.508848190307617,3.360443115234375,6.122262001037598,0.0,0.0,0.0,0.0
ev_003401,8.2023286819458,7.629499435424805,14.656730651855469,9.054902076721191,15.194026947021484,1.3362421989440918,-0.8525733947753906,-7.56452751159668,13.320487976074219,4.903388977050781
ev_003402,4.082046031951904,8.036120414733887,5.581186294555664,0.9946002960205078,4.926302433013916,3.967613935470581,3.0874457359313965,3.1098179817199707,1.613572359085083,7.810835838317871
ev_003403,21.597471237182617,0.6361254453659058,34.4088020324707,5.604499340057373,5.090835094451904,17.5955867767334,15.992971420288086,-4.454709529876709,16.813215255737305,28.351478576660156
ev_003404,7.3196120262146,5.749802589416504,27.885732650756836,7.6803879737854,5.749802589416504,27.885732650756836,-0.3607759475708008,0.0,0.0,-0.36077880859375
ev_003405,85.43344116210938,0.3080446720123291,3.917771339416504,85.43344116210938,0.3080446720123291,79.49931335449219,0.0,0.0,-75.58154296875,-75.58154296875
ev_003406,1.02982497215271,1.2665451765060425,12.01215934753418,1.1553199291229248,1.140703797340393,9.543400764465332,-0.12549495697021484,0.12584137916564941,2.4687585830688477,2.469104766845703
ev_003407,1.0625847578048706,2.4700562953948975,6.121082782745361,1.0625847578048706,2.4700562953948975,6.121082782745361,0.0,0.0,0.0,0.0
ev_003408,0.9277188181877136,2.4751808643341064,5.427342891693115,10.200602531433105,0.7507612705230713,11.92856216430664,-9.272883415222168,1.7244195938110352,-6.501219272613525,-14.0496826171875
ev_003409,15.147209167480469,1.7437434196472168,17.420886993408203,15.147209167480469,1.7437434196472168,17.420886993408203,0.0,0.0,0.0,0.0
ev_003410,7.396719455718994,5.9034552574157715,11.447403907775879,7.396719455718994,5.9034552574157715,11.447403907775879,0.0,0.0,0.0,0.0
ev_003411,3.096208333969116,3.6605637073516846,0.3583691418170929,3.096208333969116,11.337172508239746,0.3583691418170929,0.0,-7.676609039306641,0.0,-7.676608562469482
ev_003412,6.25996208190918,0.8382161259651184,16.016342163085938,6.547914028167725,1.3074641227722168,24.51512336730957,-0.2879519462585449,-0.4692479968070984,-8.498781204223633,-9.2559814453125
ev_003413,4.371587753295898,0.3987494111061096,19.468324661254883,4.008194923400879,3.1957571506500244,4.468325614929199,0.36339282989501953,-2.7970077991485596,14.999999046325684,12.566385269165039
ev_003414,3.307992696762085,5.6923136711120605,9.633516311645508,0.30539023876190186,4.8919501304626465,5.36648416519165,3.0026025772094727,0.8003635406494141,4.267032146453857,8.069998741149902
ev_003415,2.167938470840454,6.6465373039245605,5.479953289031982,2.167938470840454,6.6465373039245605,5.479953289031982,0.0,0.0,0.0,0.0
ev_003416,3.7136623859405518,1.727736234664917,4.854472637176514,0.9006069898605347,0.6795128583908081,1.7566297054290771,2.8130555152893066,1.0482233762741089,3.0978429317474365,6.959122180938721
ev_003417,10.857373237609863,12.770671844482422,13.307069778442383,14.292322158813477,13.293159484863281,2.6859030723571777,-3.4349489212036133,-0.5224876403808594,10.621166229248047,6.663726806640625
ev_003418,2.5370092391967773,0.6862677335739136,31.445207595825195,5.3811187744140625,0.6862677335739136,2.925668478012085,-2.844109535217285,0.0,28.51953887939453,25.67542839050293
ev_003419,10.734027862548828,2.2006850242614746,0.30254337191581726,10.734027862548828,2.2006850242614746,0.30254337191581726,0.0,0.0,0.0,0.0
ev_003420,4.006799221038818,8.058151245117188,34.875099182128906,4.14719820022583,4.948332786560059,26.521228790283203,-0.14039897918701172,3.109818458557129,8.353870391845703,11.323287963867188
ev_003421,11.902322769165039,1.9375156164169312,11.359025955200195,11.902322769165039,1.9375156164169312,11.359025955200195,0.0,0.0,0.0,0.0
ev_003422,3.8559818267822266,1.6099655628204346,0.9264211654663086,3.8559818267822266,1.6099655628204346,0.9264211654663086,0.0,0.0,0.0,0.0
ev_003423,10.740022659301758,6.659988880157471,43.074180603027344,2.762033462524414,4.923271179199219,34.207767486572266,7.977989196777344,1.736717700958252,8.866413116455078,18.58111572265625
ev_003424,8.320356369018555,5.870887279510498,1.4200705289840698,8.320356369018555,5.870887279510498,1.4200705289840698,0.0,0.0,0.0,0.0
ev_003425,4.354551315307617,12.129178047180176,20.433027267456055,7.540529251098633,0.9477840065956116,8.29804515838623,-3.1859779357910156,11.18139362335205,12.134982109069824,20.13039779663086
ev_003426,3.5821146965026855,0.4399896264076233,11.126150131225586,3.5821146965026855,0.4399896264076233,11.126150131225586,0.0,0.0,0.0,0.0
ev_003427,5.935464859008789,7.303464412689209,4.467517375946045,5.935464859008789,7.303464412689209,4.467517375946045,0.0,0.0,0.0,0.0
ev_003428,8.824761390686035,0.10414892435073853,9.07290267944336,5.671148777008057,0.10414892435073853,5.105772018432617,3.1536126136779785,0.0,3.967130661010742,7.1207427978515625
ev_003429,1.7277288436889648,1.5220534801483154,3.412665605545044,0.20795772969722748,3.5559065341949463,9.166236877441406,1.5197710990905762,-2.033853054046631,-5.753571510314941,-6.267653465270996
ev_003430,5.367412567138672,3.0273754596710205,20.19285011291504,7.440463542938232,10.85171890258789,28.691631317138672,-2.0730509757995605,-7.824343681335449,-8.498781204223633,-18.396175384521484
ev_003431,5.003018856048584,7.884814739227295,0.7616411447525024,5.003018856048584,7.884814739227295,0.7616411447525024,0.0,0.0,0.0,0.0
ev_003432,1.6015846729278564,5.120473861694336,18.38318634033203,1.4611856937408447,2.010655403137207,20.718917846679688,0.14039897918701172,3.109818458557129,-2.3357315063476562,0.9144840240478516
ev_003433,5.941473484039307,0.5733721256256104,32.99407196044922,5.941473484039307,0.5733721256256104,32.99407196044922,0.0,0.0,0.0,0.0
ev_003434,5.636548042297363,1.917907953262329,10.609092712402344,5.636548042297363,1.917907953262329,10.609092712402344,0.0,0.0,0.0,0.0
ev_003435,16.810955047607422,3.4113316535949707,15.674728393554688,73.18904876708984,0.4296339452266693,39.54867935180664,-56.37809371948242,2.9816977977752686,-23.873950958251953,-77.27033996582031
ev_003436,8.164691925048828,0.5562511682510376,8.036331176757812,2.270458698272705,4.397216796875,6.963669300079346,5.894233226776123,-3.840965747833252,1.0726618766784668,3.125929832458496
ev_003437,7.168527126312256,4.279592514038086,3.585289478302002,18.061922073364258,9.984403610229492,4.5782623291015625,-10.893394470214844,-5.704811096191406,-0.9929728507995605,-17.59117889404297
ev_003438,4.534595966339111,0.3125382661819458,5.990856170654297,4.897984027862549,0.3125382661819458,2.327246904373169,-0.3633880615234375,0.0,3.663609266281128,3.300220489501953
ev_003439,45.50598907470703,9.055826187133789,18.319313049316406,45.50598907470703,9.055826187133789,18.319313049316406,0.0,0.0,0.0,0.0
ev_003440,2.0233898162841797,2.029782295227051,11.362875938415527,2.0233898162841797,2.029782295227051,11.362875938415527,0.0,0.0,0.0,0.0
ev_003441,16.185091018676758,1.4155468940734863,5.592101097106934,12.750142097473145,0.8930591344833374,3.7788867950439453,3.4349489212036133,0.5224877595901489,1.8132143020629883,5.770648956298828
ev_003442,1.2592418193817139,5.390149116516113,0.2995361387729645,1.2592418193817139,5.390149116516113,0.2995361387729645,0.0,0.0,0.0,0.0
ev_003443,1.1901543140411377,0.37734106183052063,3.835642099380493,1.1901543140411377,0.37734106183052063,3.835642099380493,0.0,0.0,0.0,0.0
ev_003444,2.2088980674743652,1.8769123554229736,44.25932693481445,2.2088980674743652,1.8769123554229736,44.25932693481445,0.0,0.0,0.0,0.0
ev_003445,2.9953386783599854,3.4363861083984375,24.390300750732422,2.9953386783599854,3.4363861083984375,24.390300750732422,0.0,0.0,0.0,0.0
ev_003446,4.716640949249268,0.5288482308387756,27.480222702026367,5.709613800048828,3.925861120223999,26.48724937438965,-0.9929728507995605,-3.397012948989868,0.9929733276367188,-3.397014617919922
ev_003447,10.686334609985352,5.973775863647461,35.416282653808594,11.538908004760742,1.5907517671585083,19.423309326171875,-0.8525733947753906,4.383024215698242,15.992973327636719,19.523422241210938
ev_003448,9.63028621673584,6.438516139984131,35.415348052978516,5.369714260101318,6.438516139984131,17.609161376953125,4.2605719566345215,0.0,17.80618667602539,22.066757202148438
ev_003449,13.26251220703125,3.404015064239502,8.410910606384277,11.070388793945312,2.283108949661255,0.5753222703933716,2.1921234130859375,1.120906114578247,7.835588455200195,11.148618698120117
ev_003450,2.437751054763794,1.986332893371582,2.9057435989379883,1.9336612224578857,1.7869354486465454,1.0613871812820435,0.5040898323059082,0.19939744472503662,1.8443564176559448,2.5478434562683105
ev_003451,5.901453495025635,3.9397263526916504,23.765037536621094,9.33640193939209,4.46221399307251,7.77206563949585,-3.434948444366455,-0.5224876403808594,15.992971420288086,12.035533905029297
ev_003452,8.384746551513672,5.219757556915283,4.684471130371094,8.384746551513672,5.219757556915283,4.684471130371094,0.0,0.0,0.0,0.0
ev_003453,3.869345188140869,3.7899057865142822,15.563200950622559,3.869345188140869,6.357278347015381,15.563200950622559,0.0,-2.5673725605010986,0.0,-2.567373275756836
ev_003454,6.933234691619873,4.699946403503418,12.853008270263672,4.376697540283203,3.8909575939178467,17.146991729736328,2.55653715133667,0.8089888095855713,-4.293983459472656,-0.9284572601318359
ev_003455,2.336827278137207,8.874489784240723,13.144556045532227,1.2347134351730347,3.831876754760742,9.58326530456543,1.1021138429641724,5.0426130294799805,3.561290740966797,9.70601749420166
ev_003456,1.4827313423156738,0.7364264726638794,1.0589003562927246,1.1193434000015259,2.261399030685425,16.058900833129883,0.36338794231414795,-1.5249725580215454,-15.0,-16.16158676147461
ev_003457,1.9266585111618042,8.3308687210083,15.413597106933594,1.9117544889450073,3.6865663528442383,9.980023384094238,0.014904022216796875,4.6443023681640625,5.4335737228393555,10.092779159545898
ev_003458,2.2884719371795654,1.4462532997131348,2.1112470626831055,2.2884719371795654,1.4462532997131348,2.1112470626831055,0.0,0.0,0.0,0.0
ev_003459,1.372492790222168,3.750419855117798,0.5635694861412048,0.1254509687423706,0.5302321314811707,7.039763450622559,1.2470418214797974,3.2201876640319824,-6.476193904876709,-2.0089645385742188
ev_003460,12.222434043884277,13.41595458984375,1.6230435371398926,12.222434043884277,13.41595458984375,1.6230435371398926,0.0,0.0,0.0,0.0
ev_003461,8.822271347045898,1.2047491073608398,26.098142623901367,8.822271347045898,1.2047491073608398,26.098142623901367,0.0,0.0,0.0,0.0
ev_003462,10.281804084777832,7.235972881317139,1.927254557609558,10.281804084777832,7.235972881317139,1.927254557609558,0.0,0.0,0.0,0.0
ev_003463,13.209916114807129,8.753838539123535,3.302077054977417,11.237052917480469,15.795878410339355,11.697922706604004,1.9728631973266602,-7.04203987121582,-8.395845413208008,-13.465023040771484
ev_003464,5.801990032196045,5.021121501922607,28.76431655883789,5.801990032196045,5.021121501922607,28.76431655883789,0.0,0.0,0.0,0.0
ev_003465,5.091397762298584,1.3388259410858154,28.45208168029785,4.950998783111572,4.448644161224365,13.452080726623535,0.14039897918701172,-3.10981822013855,15.000000953674316,12.030582427978516
ev_003466,3.093478202819824,0.5925335884094238,1.9889315366744995,3.093478202819824,0.5925335884094238,1.9889315366744995,0.0,0.0,0.0,0.0
ev_003467,5.593931674957275,7.628948211669922,102.63795471191406,5.593931674957275,7.628948211669922,102.63795471191406,0.0,0.0,0.0,0.0
ev_003468,17.71586799621582,2.692858934402466,25.739442825317383,18.13240623474121,7.64695405960083,10.739442825317383,-0.4165382385253906,-4.954094886779785,15.0,9.62936782836914
ev_003469,15.279219627380371,0.9090730547904968,9.27739429473877,15.279219627380371,0.9090730547904968,9.27739429473877,0.0,0.0,0.0,0.0
ev_003470,0.6643115878105164,7.214633464813232,0.13902416825294495,0.6643115878105164,7.214633464813232,0.13902416825294495,0.0,0.0,0.0,0.0
ev_003471,8.474417686462402,2.457907199859619,32.93252182006836,2.839841842651367,2.457907199859619,17.932519912719727,5.634575843811035,0.0,15.000001907348633,20.63457679748535
ev_003472,3.5114622116088867,1.5214112997055054,24.158388137817383,3.5114622116088867,1.5214112997055054,24.158388137817383,0.0,0.0,0.0,0.0
ev_003473,0.4577175974845886,0.3452858328819275,10.524767875671387,14.906218528747559,7.137215614318848,4.475232124328613,-14.448500633239746,-6.791929721832275,6.049535751342773,-15.19089412689209
ev_003474,4.666651725769043,3.716381072998047,18.31720733642578,2.4745278358459473,2.595475196838379,11.057997703552246,2.1921238899230957,1.120905876159668,7.259209632873535,10.572240829467773
ev_003475,2.3075876235961914,0.25566962361335754,1.4767515659332275,2.7964706420898438,0.25566962361335754,24.2518310546875,-0.48888301849365234,0.0,-22.77507972717285,-23.263961791992188
ev_003476,2.4741201400756836,0.6471744179725647,15.385695457458496,6.772308826446533,0.7803435921669006,2.4136834144592285,-4.29818868637085,-0.13316917419433594,12.97201156616211,8.540655136108398
ev_003477,1.483342170715332,3.1219139099121094,1.9616409540176392,1.483342170715332,3.1219139099121094,1.9616409540176392,0.0,0.0,0.0,0.0
ev_003478,1.1101824045181274,0.0743357241153717,16.72098159790039,1.1101824045181274,0.0743357241153717,16.72098159790039,0.0,0.0,0.0,0.0
ev_003479,10.683711051940918,4.0989580154418945,26.229690551757812,10.320318222045898,0.5044514536857605,11.229690551757812,0.36339282989501953,3.5945065021514893,15.0,18.95789909362793
ev_003480,0.2867899239063263,0.5574305057525635,28.1796875,5.481689453125,4.050386905670166,22.325796127319336,-5.194899559020996,-3.4929563999176025,5.853891372680664,-2.833963394165039
ev_003481,7.629065990447998,0.8641741275787354,23.30315399169922,1.6173629760742188,2.7846570014953613,11.738102912902832,6.011703014373779,-1.920482873916626,11.565051078796387,15.656270980834961
ev_003482,0.45626553893089294,1.330340027809143,3.578869342803955,0.45626553893089294,1.330340027809143,3.578869342803955,0.0,0.0,0.0,0.0
ev_003483,0.4845978617668152,2.9497063159942627,1.865714430809021,0.4845978617668152,2.9497063159942627,1.865714430809021,0.0,0.0,0.0,0.0
ev_003484,0.6593884229660034,4.892336845397949,9.072589874267578,0.29600048065185547,4.217466354370117,12.736199378967285,0.36338794231414795,0.674870491027832,-3.663609504699707,-2.6253509521484375
ev_003485,0.18694454431533813,6.027860641479492,9.946917533874512,0.04654547572135925,2.9180424213409424,12.282648086547852,0.14039906859397888,3.10981822013855,-2.33573055267334,0.9144859313964844
ev_003486,0.11125829070806503,6.839315414428711,4.717750549316406,0.39253321290016174,0.13499055802822113,8.499985694885254,-0.2812749147415161,6.704324722290039,-3.7822351455688477,2.640814781188965
ev_003487,1.7345298528671265,1.4073700904846191,9.527694702148438,1.7345298528671265,1.4073700904846191,9.527694702148438,0.0,0.0,0.0,0.0
ev_003488,7.344844341278076,3.2418150901794434,10.754658699035645,7.344844341278076,3.2418150901794434,10.754658699035645,0.0,0.0,0.0,0.0
ev_003489,0.03532798960804939,6.324117183685303,1.3209799528121948,0.03532798960804939,6.324117183685303,1.3209799528121948,0.0,0.0,0.0,0.0
ev_003490,78.86051940917969,7.988841533660889,9.083645820617676,0.5767893195152283,0.5533694624900818,17.45029640197754,78.28372955322266,7.435472011566162,-8.366650581359863,77.35255432128906
ev_003491,12.403021812438965,3.873438596725464,0.8275680541992188,0.8224272131919861,0.03247293829917908,13.683250427246094,11.580595016479492,3.840965747833252,-12.855682373046875,2.565877914428711
ev_003492,16.45506477355957,1.0006605386734009,23.931793212890625,1.4550650119781494,2.9211435317993164,11.87756061553955,15.0,-1.9204829931259155,12.054232597351074,25.133750915527344
ev_003493,2.1223676204681396,10.052888870239258,8.845847129821777,2.485755443572998,10.2441987991333,5.588756561279297,-0.3633878231048584,-0.19130992889404297,3.2570905685424805,2.702392578125
ev_003494,5.889493942260742,2.7361576557159424,0.9569246768951416,5.889493942260742,2.7361576557159424,0.9569246768951416,0.0,0.0,0.0,0.0
ev_003495,10.060976028442383,0.9493986368179321,26.925722122192383,10.060976028442383,0.9493986368179321,9.119534492492676,0.0,0.0,17.80618667602539,17.80618667602539
ev_003496,14.266031265258789,7.408197402954102,16.216032028198242,0.13350892066955566,9.455657958984375,4.108213901519775,14.132522583007812,-2.0474605560302734,12.107818603515625,24.19287872314453
ev_003497,3.9599578380584717,2.812079906463623,9.947583198547363,9.179591178894043,2.812079906463623,27.421676635742188,-5.219633102416992,0.0,-17.47409439086914,-22.6937255859375
ev_003498,4.3924431800842285,3.498914957046509,5.823176860809326,4.3924431800842285,3.498914957046509,5.823176860809326,0.0,0.0,0.0,0.0
ev_003499,0.15552175045013428,0.18861697614192963,2.3794541358947754,7.198803901672363,0.18861697614192963,10.87823486328125,-7.0432820320129395,0.0,-8.498781204223633,-15.542062759399414
ev_003500,1.1289883852005005,6.926151275634766,2.7601447105407715,18.639707565307617,1.3046108484268188,7.968438148498535,-17.510719299316406,5.621540546417236,-5.208293437957764,-17.09747314453125
ev_003501,1.0087422132492065,1.3205727338790894,9.498442649841309,0.519859254360199,1.3205727338790894,2.736989974975586,0.48888295888900757,0.0,6.761452674865723,7.250335693359375
ev_003502,11.348365783691406,4.909792900085449,14.433640480041504,11.348365783691406,4.909792900085449,14.433640480041504,0.0,0.0,0.0,0.0
ev_003503,4.43283748626709,1.1657071113586426,26.359329223632812,4.573236465454102,1.1657071113586426,28.69506072998047,-0.14039897918701172,0.0,-2.3357315063476562,-2.4761314392089844
ev_003504,2.6668896675109863,4.438410758972168,5.147533416748047,2.6668896675109863,4.438410758972168,5.147533416748047,0.0,0.0,0.0,0.0
ev_003505,4.102081775665283,5.079092979431152,11.60244083404541,4.102081775665283,5.079092979431152,11.60244083404541,0.0,0.0,0.0,0.0
ev_003506,5.5720744132995605,6.651682376861572,12.081992149353027,4.719500541687012,0.9128454923629761,28.07496452331543,0.8525738716125488,5.738836765289307,-15.992972373962402,-9.401561737060547
ev_003507,5.597959995269775,0.04090971127152443,3.506345272064209,10.746648788452148,0.04090971127152443,7.169954776763916,-5.148688793182373,0.0,-3.663609504699707,-8.812298774719238
ev_003508,7.051727294921875,0.997708261013031,1.4708731174468994,7.051727294921875,0.997708261013031,1.4708731174468994,0.0,0.0,0.0,0.0
ev_003509,51.02946090698242,1.0498467683792114,27.25682830810547,51.02946090698242,1.0498467683792114,27.25682830810547,0.0,0.0,0.0,0.0
ev_003510,2.6034860610961914,7.1555328369140625,9.087982177734375,2.966878652572632,3.561026096343994,10.5344877243042,-0.36339259147644043,3.5945067405700684,-1.4465055465698242,1.78460693359375
ev_003511,4.645813941955566,4.621702194213867,71.78691864013672,4.156632423400879,0.7807363271713257,17.723899841308594,0.4891815185546875,3.840965747833252,54.063018798828125,58.393165588378906
ev_003512,4.690745830535889,4.806964874267578,1.2174793481826782,5.357574462890625,1.6971466541290283,7.045624732971191,-0.6668286323547363,3.10981822013855,-5.828145503997803,-3.3851547241210938
ev_003513,1.2923076152801514,10.635090827941895,31.694753646850586,1.7814888954162598,6.794125080108643,1.6947543621063232,-0.4891812801361084,3.840965747833252,30.0,33.351783752441406
ev_003514,14.306656837463379,6.227190017700195,28.83247184753418,10.616589546203613,1.8860963582992554,27.54230499267578,3.6900672912597656,4.34109354019165,1.2901668548583984,9.321327209472656
ev_003515,1.6246711015701294,2.28509521484375,7.455761909484863,0.30021876096725464,1.2464033365249634,0.26370587944984436,1.3244524002075195,1.0386918783187866,7.192056179046631,9.555200576782227
ev_003516,0.19425837695598602,0.5913044810295105,11.878511428833008,1.6922022104263306,3.8114922046661377,1.6407514810562134,-1.4979438781738281,-3.2201876640319824,10.237759590148926,5.519628047943115
ev_003517,9.800755500793457,2.7911667823791504,11.956666946411133,3.0071210861206055,3.341403007507324,20.455448150634766,6.793634414672852,-0.5502362251281738,-8.498781204223633,-2.255382537841797
ev_003518,1.1984925270080566,1.6296963691711426,9.938326835632324,10.934103012084961,1.6296963691711426,5.831721305847168,-9.735610961914062,0.0,4.106605529785156,-5.629003524780273
ev_003519,3.5236282348632812,1.2991584539413452,21.162187576293945,3.5236282348632812,1.2991584539413452,21.162187576293945,0.0,0.0,0.0,0.0
ev_003520,4.314759254455566,4.220102787017822,12.489180564880371,4.314759254455566,4.220102787017822,12.489180564880371,0.0,0.0,0.0,0.0
ev_003521,6.04429817199707,6.228536605834961,0.925195038318634,6.184697151184082,3.118718385696411,3.26092529296875,-0.14039897918701172,3.10981822013855,-2.3357303142547607,0.6336889266967773
ev_003522,2.6769001483917236,7.924284934997559,28.87022590637207,2.6918044090270996,2.4072177410125732,21.58606719970703,-0.014904260635375977,5.517066955566406,7.284158706665039,12.786323547363281
ev_003523,0.1662091463804245,2.9961869716644287,10.335012435913086,0.1662091463804245,2.9961869716644287,10.335012435913086,0.0,0.0,0.0,0.0
ev_003524,3.3796193599700928,2.645965337753296,13.583856582641602,4.247097015380859,4.69342565536499,5.953116416931152,-0.8674776554107666,-2.0474603176116943,7.630740165710449,4.715802192687988
ev_003525,9.425960540771484,0.5274244546890259,3.4940502643585205,9.789348602294922,2.0523970127105713,11.505949974060059,-0.3633880615234375,-1.5249725580215454,-8.011899948120117,-9.900259017944336
ev_003526,3.486499786376953,2.6722378730773926,6.9280619621276855,3.486499786376953,2.6722378730773926,6.9280619621276855,0.0,0.0,0.0,0.0
ev_003527,10.43808650970459,0.4619966149330139,28.408275604248047,13.873035430908203,0.9844844341278076,12.415303230285645,-3.4349489212036133,-0.5224878191947937,15.992972373962402,12.035533905029297
ev_003528,34.14408493041992,5.652943134307861,7.378877639770508,34.14408493041992,5.652943134307861,7.378877639770508,0.0,0.0,0.0,0.0
ev_003529,3.8909502029418945,8.907483100891113,156.8230438232422,3.8909502029418945,8.907483100891113,156.8230438232422,0.0,0.0,0.0,0.0
ev_003530,6.267391681671143,7.4123711585998535,10.16295051574707,1.1941710710525513,3.5714051723480225,4.83704948425293,5.073220729827881,3.840965986251831,5.325901031494141,14.240086555480957
ev_003531,15.88200569152832,1.5886729955673218,18.412874221801758,0.8820056915283203,2.2522926330566406,3.4128735065460205,15.0,-0.6636196374893188,15.000000953674316,29.336380004882812
ev_003532,4.9726762771606445,2.8708109855651855,10.03788948059082,4.9726762771606445,2.8708109855651855,10.03788948059082,0.0,0.0,0.0,0.0
ev_003533,2.474722146987915,1.2149769067764282,22.43804168701172,2.474722146987915,1.2149769067764282,22.43804168701172,0.0,0.0,0.0,0.0
ev_003534,23.49399185180664,6.721364974975586,50.194637298583984,23.49399185180664,6.721364974975586,50.194637298583984,0.0,0.0,0.0,0.0
ev_003535,74.17184448242188,3.504847764968872,91.95185089111328,74.17184448242188,3.504847764968872,91.95185089111328,0.0,0.0,0.0,0.0
ev_003536,8.013700485229492,3.429211139678955,29.489227294921875,8.139195442199707,1.02196204662323,26.39138412475586,-0.12549495697021484,2.4072489738464355,3.0978431701660156,5.3795928955078125
ev_003537,4.14076042175293,10.638248443603516,0.8460791707038879,4.155664443969727,5.121181488037109,29.153921127319336,-0.014904022216796875,5.517066955566406,-28.307842254638672,-22.805679321289062
ev_003538,6.822328567504883,0.3780686557292938,4.069119930267334,6.822328567504883,0.3780686557292938,4.069119930267334,0.0,0.0,0.0,0.0
ev_003539,2.1393744945526123,1.0389344692230225,12.2630615234375,7.107054710388184,1.0389344692230225,12.752243041992188,-4.967679977416992,0.0,-0.4891815185546875,-5.45686149597168
ev_003540,0.37968578934669495,2.1011111736297607,5.6177473068237305,0.37968578934669495,2.1011111736297607,5.6177473068237305,0.0,0.0,0.0,0.0
ev_003541,0.8174248933792114,4.441075325012207,22.069068908691406,0.8174248933792114,4.441075325012207,12.193984031677246,0.0,0.0,9.87508487701416,9.875083923339844
ev_003542,6.858176231384277,1.1324119567871094,1.243264079093933,7.85114860534668,5.587121486663818,0.25029122829437256,-0.9929723739624023,-4.454709529876709,0.9929728507995605,-4.454709053039551
ev_003543,1.6099413633346558,5.023616313934326,12.920124053955078,1.6099413633346558,5.023616313934326,12.920124053955078,0.0,0.0,0.0,0.0
ev_003544,4.479034900665283,5.043529033660889,20.60837745666504,4.479034900665283,5.043529033660889,2.8021903038024902,0.0,0.0,17.80618667602539,17.80618667602539
ev_003545,4.946268558502197,1.140542984008789,19.976425170898438,4.946268558502197,1.140542984008789,19.976425170898438,0.0,0.0,0.0,0.0
ev_003546,5.3832173347473145,0.943166971206665,27.5751895904541,5.047527313232422,0.4206791818141937,18.328760147094727,0.3356900215148926,0.5224877595901489,9.246429443359375,10.104606628417969
ev_003547,4.605612277984619,1.0836213827133179,10.51388168334961,5.109702110290527,1.6061091423034668,6.546750545501709,-0.5040898323059082,-0.5224877595901489,3.9671311378479004,2.940553665161133
ev_003548,6.869124412536621,2.8400344848632812,5.5096588134765625,6.728725433349609,0.054392967373132706,3.1739284992218018,0.14039897918701172,2.7856414318084717,2.3357303142547607,5.261771202087402
ev_003549,0.4945732355117798,3.5192644596099854,11.915202140808105,5.273906230926514,2.207002639770508,3.7561299800872803,-4.779333114624023,1.3122618198394775,8.159071922302246,4.6920013427734375
ev_003550,6.686807155609131,0.565865695476532,19.966476440429688,7.7311272621154785,0.565865695476532,19.966476440429688,-1.0443201065063477,0.0,0.0,-1.044321060180664
ev_003551,3.8248565196990967,1.5880374908447266,10.576183319091797,4.817829608917236,2.8666720390319824,14.847599983215332,-0.9929730892181396,-1.2786345481872559,-4.271416664123535,-6.543023109436035
ev_003552,0.007849196903407574,2.371526002883911,13.124395370483398,0.007849196903407574,2.371526002883911,13.124395370483398,0.0,0.0,0.0,0.0
ev_003553,2.804924249649048,1.3703092336654663,25.86801528930664,3.309014081954956,1.8927969932556152,10.86801528930664,-0.5040898323059082,-0.5224877595901489,15.0,13.97342300415039
ev_003554,0.7683840990066528,2.409208059310913,22.815454483032227,0.26429423689842224,2.9316959381103516,18.848323822021484,0.5040898323059082,-0.5224878787994385,3.967130661010742,3.948732376098633
ev_003555,8.926108360290527,3.1714084148406982,13.786957740783691,7.425387382507324,0.6695572137832642,1.2130426168441772,1.5007209777832031,2.5018510818481445,12.573915481567383,16.576488494873047
ev_003556,9.701700210571289,3.9857473373413086,24.337688446044922,9.701700210571289,3.9857473373413086,24.337688446044922,0.0,0.0,0.0,0.0
ev_003557,4.7176618576049805,0.26960229873657227,8.803892135620117,4.7176618576049805,0.26960229873657227,8.803892135620117,0.0,0.0,0.0,0.0
ev_003558,0.06708581000566483,3.4860494136810303,22.026350021362305,0.06708581000566483,3.4860494136810303,22.026350021362305,0.0,0.0,0.0,0.0
ev_003559,7.617646217346191,5.458728790283203,14.571348190307617,7.617646217346191,5.458728790283203,14.571348190307617,0.0,0.0,0.0,0.0
ev_003560,2.24330997467041,1.2588021755218506,6.815908908843994,2.24330997467041,1.2588021755218506,6.815908908843994,0.0,0.0,0.0,0.0
ev_003561,1.2632691860198975,6.330090522766113,0.549673318862915,1.2781732082366943,2.4200875759124756,5.447307586669922,-0.014904022216796875,3.9100029468536377,-4.897634506225586,-1.0025358200073242
ev_003562,8.034998893737793,3.097083568572998,18.23482322692871,9.118111610412598,3.097083568572998,3.2348225116729736,-1.0831127166748047,0.0,15.000000953674316,13.916888236999512
ev_003563,3.511103391647339,0.2484421581029892,78.19065856933594,3.511103391647339,0.2484421581029892,14.87445068359375,0.0,0.0,63.31620788574219,63.31620788574219
ev_003564,3.3986129760742188,2.9190659523010254,1.2110021114349365,3.3986129760742188,2.9190659523010254,1.2110021114349365,0.0,0.0,0.0,0.0
ev_003565,0.6997169256210327,1.988409161567688,12.148543357849121,0.6997169256210327,1.988409161567688,12.148543357849121,0.0,0.0,0.0,0.0
ev_003566,0.8975555896759033,7.00068998336792,3.363002061843872,6.966928958892822,7.364323139190674,1.0272717475891113,-6.06937313079834,-0.3636331558227539,2.3357303142547607,-4.09727668762207
ev_003567,4.741818428039551,0.03385096415877342,26.091007232666016,4.741818428039551,8.105664253234863,26.091007232666016,0.0,-8.071813583374023,0.0,-8.071815490722656
ev_003568,22.5244083404541,0.4586373567581177,19.160926818847656,22.5244083404541,0.4586373567581177,19.160926818847656,0.0,0.0,0.0,0.0
ev_003569,18.953516006469727,3.016658306121826,20.087379455566406,19.370054244995117,7.9707536697387695,5.087379455566406,-0.4165382385253906,-4.954095363616943,15.0,9.62936782836914
ev_003570,6.0684003829956055,1.814584493637085,11.22613525390625,6.0684003829956055,1.814584493637085,11.22613525390625,0.0,0.0,0.0,0.0
ev_003571,1.9898995161056519,1.192927598953247,25.544097900390625,2.3532874584198,0.3320449888706207,21.8804874420166,-0.36338794231414795,0.8608826398849487,3.6636104583740234,4.161104202270508
ev_003572,1.663008451461792,2.2851338386535645,6.246989727020264,1.663008451461792,2.2851338386535645,6.246989727020264,0.0,0.0,0.0,0.0
ev_003573,3.701223611831665,8.363615989685059,6.117587566375732,3.701223611831665,8.363615989685059,6.117587566375732,0.0,0.0,0.0,0.0
ev_003574,5.319563388824463,3.678295135498047,26.03619384765625,5.319563388824463,3.678295135498047,26.03619384765625,0.0,0.0,0.0,0.0
ev_003575,26.900785446166992,7.044123649597168,19.53111457824707,26.900785446166992,7.044123649597168,19.53111457824707,0.0,0.0,0.0,0.0
ev_003576,0.6105471253395081,4.654991626739502,16.363924026489258,0.6105471253395081,4.654991626739502,16.363924026489258,0.0,0.0,0.0,0.0
ev_003577,83.8299560546875,3.756826162338257,24.966384887695312,83.8299560546875,3.756826162338257,24.966384887695312,0.0,0.0,0.0,0.0
ev_003578,17.08529281616211,1.5185396671295166,23.68805694580078,5.251883029937744,1.5185396671295166,6.311943054199219,11.833410263061523,0.0,17.376113891601562,29.209522247314453
ev_003579,32.84008026123047,1.496337890625,25.501998901367188,32.84008026123047,1.496337890625,25.501998901367188,0.0,0.0,0.0,0.0
ev_003580,6.489335060119629,1.5072853565216064,26.018835067749023,8.37026596069336,1.139039158821106,28.354564666748047,-1.8809309005737305,0.3682461977005005,-2.3357295989990234,-3.8484115600585938
ev_003581,2.311831474304199,4.150242805480957,8.575393676757812,2.311831474304199,4.150242805480957,8.575393676757812,0.0,0.0,0.0,0.0
ev_003582,4.744228839874268,1.3233730792999268,0.29144519567489624,6.2683024406433105,0.7240872383117676,5.823513031005859,-1.524073600769043,0.5992858409881592,-5.532067775726318,-6.456855297088623
ev_003583,6.449492931365967,2.3777174949645996,14.138614654541016,12.217972755432129,1.7503032684326172,5.608371734619141,-5.768479824066162,0.6274142265319824,8.530242919921875,3.3891754150390625
ev_003584,5.360395908355713,3.651418685913086,2.3937408924102783,6.389896392822266,3.3810205459594727,1.5733898878097534,-1.0295004844665527,0.2703981399536133,0.8203510046005249,0.061247825622558594
ev_003585,7.313791275024414,0.8461022973060608,5.422630310058594,7.802674293518066,1.6072556972503662,20.305952072143555,-0.48888301849365234,-0.7611533999443054,-14.883321762084961,-16.133358001708984
ev_003586,4.844611167907715,9.032829284667969,9.599740028381348,5.348402500152588,2.3285045623779297,13.43564510345459,-0.503791332244873,6.704324722290039,-3.835905075073242,2.3646278381347656
ev_003587,1.9569255113601685,0.33640873432159424,5.119653701782227,3.3791139125823975,0.33640873432159424,4.788969039916992,-1.422188401222229,0.0,0.3306846618652344,-1.0915040969848633
ev_003588,2.8439810276031494,8.392794609069824,1.1169153451919556,1.3204877376556396,1.0312743186950684,10.31649112701416,1.5234932899475098,7.361520290374756,-9.199575424194336,-0.3145618438720703
ev_003589,6.169849872589111,0.3222180902957916,17.56254005432129,6.169849872589111,0.3222180902957916,17.56254005432129,0.0,0.0,0.0,0.0
ev_003590,1.1849771738052368,2.2946388721466064,9.244414329528809,1.1849771738052368,2.2946388721466064,9.244414329528809,0.0,0.0,0.0,0.0
ev_003591,2.2736897468566895,0.09968487173318863,19.871137619018555,1.437221646308899,0.7368584871292114,4.871136665344238,0.8364681005477905,-0.637173593044281,15.000000953674316,15.199295997619629
ev_003592,5.006156921386719,9.028919219970703,5.493505954742432,6.158512592315674,5.919100761413574,2.120218515396118,-1.152355670928955,3.109818458557129,3.3732874393463135,5.33074951171875
ev_003593,7.102320194244385,20.05110740661621,24.384305953979492,0.2302602231502533,7.344740867614746,9.384305953979492,6.8720598220825195,12.706366539001465,15.0,34.57843017578125
ev_003594,0.6909257769584656,1.9797141551971436,1.1778316497802734,1.0543137788772583,1.9797141551971436,4.8414411544799805,-0.3633880019187927,0.0,-3.663609504699707,-4.0269975662231445
ev_003595,8.681167602539062,4.196377277374268,33.944976806640625,2.883883476257324,3.673889636993408,17.952003479003906,5.797284126281738,0.5224876403808594,15.992973327636719,22.312744140625
ev_003596,6.188588619232178,7.209578037261963,7.790151119232178,6.188588619232178,7.209578037261963,7.790151119232178,0.0,0.0,0.0,0.0
ev_003597,14.675305366516113,2.0224831104278564,41.50540542602539,0.8287840485572815,1.4999953508377075,23.430261611938477,13.846521377563477,0.5224877595901489,18.075143814086914,32.44415283203125
ev_003598,7.455453395843506,1.138925552368164,15.061042785644531,7.544546604156494,1.138925552368164,15.061042785644531,-0.08909320831298828,0.0,0.0,-0.08909225463867188
ev_003599,4.994111061096191,4.446460723876953,9.740337371826172,4.994111061096191,4.446460723876953,9.740337371826172,0.0,0.0,0.0,0.0
ev_003600,3.7734246253967285,9.6215238571167,13.31180477142334,0.587446928024292,0.6503171324729919,1.1768217086791992,3.1859776973724365,8.971206665039062,12.13498306274414,24.29216766357422
ev_003601,13.037079811096191,4.444378852844238,23.335586547851562,4.08262300491333,0.10328508913516998,8.335586547851562,8.954456329345703,4.34109354019165,15.0,28.295551300048828
ev_003602,36.60322570800781,3.697296619415283,46.7645263671875,19.872900009155273,0.34578147530555725,11.297481536865234,16.73032569885254,3.351515054702759,35.467044830322266,55.548885345458984
ev_003603,1.8244472742080688,12.939586639404297,5.6685099601745605,3.512481212615967,1.1590787172317505,1.2772233486175537,-1.688033938407898,11.780508041381836,4.391286849975586,14.48376178741455
ev_003604,0.2961365580558777,4.575366973876953,5.590702056884766,0.2961365580558777,4.575366973876953,5.590702056884766,0.0,0.0,0.0,0.0
ev_003605,2.006889581680298,6.733155250549316,1.3200011253356934,2.006889581680298,8.247560501098633,1.3200011253356934,0.0,-1.5144052505493164,0.0,-1.5144062042236328
ev_003606,2.907358407974243,6.629777431488037,1.8860572576522827,1.8752634525299072,4.5514631271362305,0.8347077369689941,1.032094955444336,2.0783143043518066,1.0513495206832886,4.161758899688721
ev_003607,1.266133189201355,1.5152958631515503,28.553298950195312,1.266133189201355,1.5152958631515503,28.553298950195312,0.0,0.0,0.0,0.0
ev_003608,0.4000528156757355,2.785924196243286,31.598690032958984,3.034895896911621,2.2634363174438477,15.605716705322266,-2.634843111038208,0.5224878787994385,15.992973327636719,13.880619049072266
ev_003609,12.320088386535645,1.4549765586853027,19.251249313354492,11.956695556640625,5.049482822418213,4.251249313354492,0.36339282989501953,-3.59450626373291,15.0,11.76888656616211
ev_003610,3.463834047317505,0.08475250005722046,91.01409149169922,3.463834047317505,0.08475250005722046,91.01409149169922,0.0,0.0,0.0,0.0
ev_003611,1.4246692657470703,2.49249529838562,25.954465866088867,1.4246692657470703,2.49249529838562,25.954465866088867,0.0,0.0,0.0,0.0
ev_003612,5.927579402923584,1.691144585609436,6.084812641143799,5.927579402923584,1.691144585609436,6.084812641143799,0.0,0.0,0.0,0.0
ev_003613,38.929901123046875,2.0830366611480713,36.65522384643555,6.070099830627441,5.35243558883667,6.655223369598389,32.85980224609375,-3.2693989276885986,30.0,59.59040832519531
ev_003614,0.8600161671638489,4.880463600158691,1.8914430141448975,1.223408579826355,1.285956859588623,16.891443252563477,-0.3633924126625061,3.5945067405700684,-15.0,-11.768885612487793
ev_003615,3.862015724182129,6.546145439147949,28.938671112060547,4.22540807723999,2.95163893699646,13.93867015838623,-0.36339235305786133,3.5945065021514893,15.000000953674316,18.231115341186523
ev_003616,0.7187910676002502,0.18994051218032837,37.93827819824219,0.7187910676002502,0.18994051218032837,37.93827819824219,0.0,0.0,0.0,0.0
ev_003617,4.8185930252075195,2.113739252090454,14.259215354919434,4.917016983032227,2.113739252090454,10.152609825134277,-0.09842395782470703,0.0,4.106605529785156,4.008182525634766
ev_003618,10.361274719238281,8.157035827636719,17.75760269165039,10.361274719238281,8.157035827636719,17.75760269165039,0.0,0.0,0.0,0.0
ev_003619,7.391737937927246,1.5881569385528564,10.982522964477539,7.391737937927246,1.5881569385528564,10.982522964477539,0.0,0.0,0.0,0.0
ev_003620,14.450064659118652,1.3470408916473389,19.145524978637695,0.5499356985092163,2.493924856185913,4.145525932312012,13.900129318237305,-1.1468839645385742,14.999999046325684,27.753244400024414
ev_003621,7.2292351722717285,8.714193344116211,26.451366424560547,5.578641414642334,4.943700790405273,17.952585220336914,1.6505937576293945,3.7704925537109375,8.498781204223633,13.919866561889648
ev_003622,6.024518966674805,0.23358702659606934,17.3433895111084,6.024518966674805,9.57711410522461,17.3433895111084,0.0,-9.343526840209961,0.0,-9.343526840209961
ev_003623,0.7442010045051575,12.261201858520508,7.295679569244385,0.9438328742980957,1.5495436191558838,7.295679569244385,-0.19963186979293823,10.711658477783203,0.0,10.5120267868042
ev_003624,24.486299514770508,11.63288402557373,15.846707344055176,24.486299514770508,11.63288402557373,15.846707344055176,0.0,0.0,0.0,0.0
ev_003625,4.93807315826416,4.556581974029541,13.279892921447754,4.93807315826416,4.556581974029541,13.279892921447754,0.0,0.0,0.0,0.0
ev_003626,4.53327751159668,0.10453270375728607,32.2979850769043,4.53327751159668,0.10453270375728607,32.2979850769043,0.0,0.0,0.0,0.0
ev_003627,1.56813383102417,5.693260669708252,39.868431091308594,1.56813383102417,5.693260669708252,39.868431091308594,0.0,0.0,0.0,0.0
ev_003628,7.571884632110596,2.371177911758423,7.865220546722412,7.712283611297607,0.9795661568641663,5.5294904708862305,-0.14039897918701172,1.3916118144989014,2.3357300758361816,3.586942672729492
ev_003629,0.682428777217865,9.610962867736816,4.839996337890625,1.0309126377105713,2.568922519683838,2.920189380645752,-0.3484838604927063,7.0420403480529785,1.919806957244873,8.613363265991211
ev_003630,1.663159966468811,0.050609465688467026,26.92373275756836,1.663159966468811,0.050609465688467026,26.92373275756836,0.0,0.0,0.0,0.0
ev_003631,1.9757275581359863,8.360893249511719,0.6658442616462708,7.539859294891357,4.76638650894165,0.6658442616462708,-5.564131736755371,3.5945067405700684,0.0,-1.969625473022461
ev_003632,5.103993892669678,2.7601993083953857,3.416201591491699,7.703882694244385,5.431519031524658,18.416202545166016,-2.599888801574707,-2.6713197231292725,-15.000000953674316,-20.271209716796875
ev_003633,0.10739152133464813,0.028677966445684433,15.083115577697754,0.10739152133464813,0.028677966445684433,15.083115577697754,0.0,0.0,0.0,0.0
ev_003634,1.105673909187317,0.044654350727796555,4.915566921234131,1.105673909187317,0.044654350727796555,4.915566921234131,0.0,0.0,0.0,0.0
ev_003635,7.668442726135254,5.196752071380615,42.13124465942383,3.978375196456909,1.9562026262283325,30.750341415405273,3.6900675296783447,3.2405495643615723,11.380903244018555,18.31151580810547
ev_003636,4.636932373046875,5.4682698249816895,33.616294860839844,5.053470134735107,0.5141744613647461,19.26370620727539,-0.4165377616882324,4.954095363616943,14.352588653564453,18.890146255493164
ev_003637,7.075335502624512,1.9908599853515625,15.811781883239746,6.9349365234375,1.1189583539962769,11.394465446472168,0.14039897918701172,0.8719016313552856,4.417316436767578,5.429616928100586
ev_003638,0.09882988035678864,0.3421677350997925,9.528882026672363,0.3900530934333801,0.17703501880168915,2.767430067062378,-0.2912232279777527,0.16513271629810333,6.761451721191406,6.6353607177734375
ev_003639,2.155694007873535,10.521949768066406,11.333374977111816,1.1627212762832642,0.023340949788689613,0.6047914624214172,0.992972731590271,10.498608589172363,10.728583335876465,22.220165252685547
ev_003640,3.1516547203063965,3.105217933654785,27.7720890045166,3.1516547203063965,3.105217933654785,27.7720890045166,0.0,0.0,0.0,0.0
ev_003641,5.02353048324585,2.4757466316223145,32.53132629394531,3.930926561355591,1.4095720052719116,17.531326293945312,1.0926039218902588,1.0661746263504028,15.0,17.158777236938477
ev_003642,12.336264610290527,4.5227508544921875,32.22796630859375,0.7712131142616272,4.000263214111328,16.23499298095703,11.565051078796387,0.5224876403808594,15.992973327636719,28.08051300048828
ev_003643,0.32316210865974426,0.7470574975013733,3.8013668060302734,1.4900524616241455,1.1452497243881226,4.903480529785156,-1.1668903827667236,-0.39819222688674927,-1.1021137237548828,-2.667196273803711
ev_003644,2.460642099380493,0.8002421855926514,14.059064865112305,2.460642099380493,0.8002421855926514,14.059064865112305,0.0,0.0,0.0,0.0
ev_003645,1.9810633659362793,7.200408935546875,5.544641017913818,5.4213080406188965,0.23506326973438263,32.76470947265625,-3.440244674682617,6.965345859527588,-27.220067977905273,-23.69496726989746
ev_003646,1.3404899835586548,4.794693946838379,14.201374053955078,3.532613754272461,4.794693946838379,0.7986258864402771,-2.1921238899230957,0.0,13.402748107910156,11.210623741149902
ev_003647,9.582720756530762,6.9394850730896,1.5477452278137207,5.276880741119385,3.82966685295105,16.547744750976562,4.305840015411377,3.10981822013855,-15.0,-7.584342956542969
ev_003648,0.9213494658470154,1.9265896081924438,4.269168376922607,0.9213494658470154,1.9265896081924438,4.269168376922607,0.0,0.0,0.0,0.0
ev_003649,13.516714096069336,0.364841103553772,30.125774383544922,1.951662540435791,0.15764671564102173,14.132801055908203,11.565052032470703,0.20719438791275024,15.992973327636719,27.765220642089844
ev_003650,9.323603630065918,2.407362699508667,18.92973518371582,8.960210800170898,6.001869201660156,3.9297351837158203,0.36339282989501953,-3.5945065021514893,15.0,11.76888656616211
ev_003651,81.80411529541016,5.492178916931152,33.52897644042969,81.80411529541016,5.492178916931152,33.52897644042969,0.0,0.0,0.0,0.0
ev_003652,9.681622505187988,6.474636554718018,30.19089126586914,0.4351930320262909,1.1563632488250732,18.397043228149414,9.246429443359375,5.318273544311523,11.793848037719727,26.358552932739258
ev_003653,10.771734237670898,5.440475940704346,23.661544799804688,10.771734237670898,5.440475940704346,5.855356693267822,0.0,0.0,17.806188583374023,17.806190490722656
ev_003654,1.492067813873291,5.02767276763916,1.4788435697555542,1.492067813873291,5.02767276763916,1.4788435697555542,0.0,0.0,0.0,0.0
ev_003655,6.3707146644592285,1.348221778869629,10.27369499206543,10.060782432556152,1.6665953397750854,11.375808715820312,-3.690067768096924,-0.31837356090545654,-1.1021137237548828,-5.110555648803711
ev_003656,5.123327255249023,3.7912912368774414,11.18451976776123,3.1718173027038574,6.90110969543457,3.8154799938201904,1.951509952545166,-3.109818458557129,7.369039535522461,6.21073055267334
ev_003657,6.357696056365967,3.701937675476074,13.031438827514648,6.357696056365967,3.701937675476074,13.031438827514648,0.0,0.0,0.0,0.0
ev_003658,2.600857734680176,3.9125516414642334,2.807668447494507,2.600857734680176,3.9125516414642334,2.807668447494507,0.0,0.0,0.0,0.0
ev_003659,10.134060859680176,1.0863733291625977,25.384510040283203,10.497448921203613,0.43859922885894775,21.720901489257812,-0.3633880615234375,0.6477741003036499,3.6636085510253906,3.9479904174804688
ev_003660,3.1955204010009766,0.2303459644317627,40.29185104370117,3.1955204010009766,0.2303459644317627,40.29185104370117,0.0,0.0,0.0,0.0
ev_003661,2.304579019546509,5.406739711761475,30.043014526367188,2.3194830417633057,0.1103275716304779,17.77068519592285,-0.014904022216796875,5.296411991119385,12.272329330444336,17.553836822509766
ev_003662,0.3166753351688385,0.9589166045188904,14.869545936584473,0.6762974858283997,0.9589166045188904,4.140962600708008,-0.35962215065956116,0.0,10.728583335876465,10.368961334228516
ev_003663,0.16697630286216736,6.492254734039307,30.337675094604492,0.671066164970398,5.969766616821289,26.37054443359375,-0.5040898323059082,0.5224881172180176,3.967130661010742,3.9855308532714844
ev_003664,0.9848098754882812,1.4962056875228882,1.0218322277069092,1.9820314645767212,0.028766905888915062,4.685441493988037,-0.9972215890884399,1.467438817024231,-3.663609266281128,-3.193392038345337
ev_003665,1.685982584953308,2.1450865268707275,11.191571235656738,2.17486572265625,2.1450865268707275,4.430118560791016,-0.4888831377029419,0.0,6.761452674865723,6.27256965637207
ev_003666,9.039631843566895,3.6597838401794434,25.556848526000977,9.039631843566895,3.6597838401794434,25.556848526000977,0.0,0.0,0.0,0.0
ev_003667,8.62225341796875,5.264071464538574,7.550677299499512,8.62225341796875,5.264071464538574,7.550677299499512,0.0,0.0,0.0,0.0
ev_003668,9.052164077758789,1.4005086421966553,3.919551134109497,9.052164077758789,1.4005086421966553,3.919551134109497,0.0,0.0,0.0,0.0
ev_003669,1.4058126211166382,2.2640323638916016,11.666665077209473,1.4058126211166382,2.2640323638916016,11.666665077209473,0.0,0.0,0.0,0.0
ev_003670,7.853856086730957,6.663650035858154,8.803167343139648,7.728361129760742,5.965539455413818,23.80316734313965,0.12549495697021484,0.6981105804443359,-15.0,-14.176397323608398
ev_003671,1.6970397233963013,2.29433536529541,0.9392404556274414,1.6970397233963013,2.29433536529541,0.9392404556274414,0.0,0.0,0.0,0.0
ev_003672,11.587384223937988,7.737412929534912,20.824138641357422,11.587384223937988,7.737412929534912,20.824138641357422,0.0,0.0,0.0,0.0
ev_003673,2.007965564727783,2.8465683460235596,0.8591734766960144,2.007965564727783,2.8465683460235596,0.8591734766960144,0.0,0.0,0.0,0.0
ev_003674,0.1539074182510376,2.446100950241089,33.436588287353516,0.1539074182510376,1.9236130714416504,23.31633949279785,0.0,0.5224878787994385,10.120248794555664,10.642738342285156
ev_003675,8.66877269744873,7.137752056121826,33.466617584228516,9.085310935974121,2.183656930923462,21.245162963867188,-0.4165382385253906,4.954094886779785,12.221454620361328,16.759010314941406
ev_003676,4.102267265319824,0.20023997128009796,1.9454164505004883,4.465655326843262,0.3129000961780548,5.609025955200195,-0.3633880615234375,-0.11266012489795685,-3.663609504699707,-4.139657020568848
ev_003677,71.67488098144531,2.3096017837524414,6.297133445739746,71.67488098144531,2.3096017837524414,6.297133445739746,0.0,0.0,0.0,0.0
ev_003678,2.6096785068511963,0.15718381106853485,10.600616455078125,2.6096785068511963,0.15718381106853485,10.600616455078125,0.0,0.0,0.0,0.0
ev_003679,2.605504274368286,6.32216215133667,25.890052795410156,6.0404534339904785,5.7996745109558105,14.32500171661377,-3.4349491596221924,0.5224876403808594,11.565051078796387,8.652587890625
ev_003680,0.38738927245140076,2.593653440475464,0.4396531581878662,2.710453748703003,0.1864042729139328,0.4396531581878662,-2.3230645656585693,2.4072492122650146,0.0,0.08418464660644531
ev_003681,9.74753475189209,1.4683905839920044,0.9080655574798584,9.607135772705078,2.804936647415161,3.243795871734619,0.14039897918701172,-1.3365460634231567,-2.3357303142547607,-3.5318775177001953
ev_003682,1.1500842571258545,11.002893447875977,0.4093489944934845,1.1500842571258545,11.002893447875977,0.4093489944934845,0.0,0.0,0.0,0.0
ev_003683,7.242548942565918,4.466702461242676,105.7669448852539,7.242548942565918,4.466702461242676,105.7669448852539,0.0,0.0,0.0,0.0
ev_003684,1.8330315351486206,1.6769561767578125,15.223311424255371,1.8330315351486206,1.6769561767578125,15.223311424255371,0.0,0.0,0.0,0.0
ev_003685,3.615948438644409,7.840701580047607,10.838897705078125,3.615948438644409,7.840701580047607,10.838897705078125,0.0,0.0,0.0,0.0
ev_003686,0.5666268467903137,0.5349619388580322,38.50563049316406,0.06253702938556671,1.0574496984481812,34.53850173950195,0.5040898323059082,-0.5224877595901489,3.9671287536621094,3.94873046875
ev_003687,1.2215005159378052,1.9525774717330933,9.526894569396973,1.6380383968353271,0.9377554059028625,3.421354293823242,-0.416537880897522,1.014822006225586,6.1055402755737305,6.703824520111084
ev_003688,8.444273948669434,5.169927597045898,9.845703125,8.444273948669434,5.169927597045898,9.845703125,0.0,0.0,0.0,0.0
ev_003689,1.5814679861068726,5.16254186630249,21.27179527282715,1.5814679861068726,5.16254186630249,21.27179527282715,0.0,0.0,0.0,0.0
ev_003690,1.2521685361862183,13.46983528137207,4.490905284881592,1.2521685361862183,1.207444190979004,4.490905284881592,0.0,12.262391090393066,0.0,12.262392044067383
ev_003691,0.5001692771911621,1.2661277055740356,15.454328536987305,0.9977745413780212,1.2661277055740356,7.850995063781738,-0.49760526418685913,0.0,7.603333473205566,7.1057281494140625
ev_003692,2.140303611755371,2.731724739074707,12.816282272338867,2.140303611755371,2.731724739074707,12.816282272338867,0.0,0.0,0.0,0.0
ev_003693,0.0029088619630783796,0.9183052182197571,17.36858367919922,0.0029088619630783796,0.9183052182197571,17.36858367919922,0.0,0.0,0.0,0.0
ev_003694,28.982196807861328,8.02233600616455,4.404833793640137,28.982196807861328,8.02233600616455,4.404833793640137,0.0,0.0,0.0,0.0
ev_003695,1.4937355518341064,1.5933424234390259,6.5947346687316895,2.486708402633667,2.8214964866638184,10.348396301269531,-0.9929728507995605,-1.2281540632247925,-3.753661632537842,-5.974788665771484
ev_003696,2.488175868988037,6.53277587890625,9.999711990356445,2.488175868988037,6.339929580688477,9.999711990356445,0.0,0.19284629821777344,0.0,0.19284629821777344
ev_003697,1.6166272163391113,2.9788310527801514,16.11722183227539,1.6166272163391113,2.9788310527801514,16.11722183227539,0.0,0.0,0.0,0.0
ev_003698,4.301499843597412,3.1326797008514404,26.153261184692383,4.301499843597412,3.1326797008514404,26.153261184692383,0.0,0.0,0.0,0.0
ev_003699,7.960071086883545,4.066066265106201,1.4984543323516846,4.7086944580078125,1.5485244989395142,2.7340304851531982,3.2513766288757324,2.5175418853759766,-1.2355761528015137,4.533342361450195
ev_003700,9.85130786895752,6.658463001251221,12.603045463562012,9.85130786895752,6.658463001251221,12.603045463562012,0.0,0.0,0.0,0.0
ev_003701,19.505901336669922,0.05931277945637703,17.63890838623047,14.241511344909668,0.05931277945637703,13.532303810119629,5.264389991760254,0.0,4.10660457611084,9.370996475219727
ev_003702,0.5212380290031433,4.986883163452148,4.6092071533203125,0.5212380290031433,4.986883163452148,4.6092071533203125,0.0,0.0,0.0,0.0
ev_003703,5.522723197937012,0.4395875930786133,6.860054016113281,9.212790489196777,3.665529727935791,7.962167739868164,-3.6900672912597656,-3.2259421348571777,-1.1021137237548828,-8.018123626708984
ev_003704,4.47791051864624,5.03271484375,34.621543884277344,4.47791051864624,5.03271484375,16.81535530090332,0.0,0.0,17.806188583374023,17.806190490722656
ev_003705,24.4205265045166,1.6268424987792969,32.79082107543945,6.746219635009766,0.7982682585716248,92.79082489013672,17.674306869506836,0.8285742402076721,-60.000003814697266,-41.49712371826172
ev_003706,0.992572546005249,0.029177701100707054,18.191570281982422,1.3559650182724,3.6236841678619385,3.1915700435638428,-0.3633924722671509,-3.5945065021514893,15.0,11.04210090637207
ev_003707,8.845146179199219,4.104963779449463,25.020030975341797,8.845146179199219,4.104963779449463,25.020030975341797,0.0,0.0,0.0,0.0
ev_003708,2.337858200073242,5.969931602478027,4.121017932891846,1.9744658470153809,2.5870168209075928,5.567523002624512,0.36339235305786133,3.3829147815704346,-1.446505069732666,2.299802780151367
ev_003709,5.101995944976807,4.81890869140625,20.96308708190918,5.101995944976807,4.81890869140625,20.96308708190918,0.0,0.0,0.0,0.0
ev_003710,2.2641756534576416,7.150258541107178,21.878894805908203,32.26417541503906,3.5446929931640625,21.878894805908203,-30.0,3.6055655479431152,0.0,-26.394433975219727
ev_003711,3.2212157249450684,6.849264144897461,7.856893539428711,2.732332706451416,6.609443664550781,17.871688842773438,0.48888301849365234,0.2398204803466797,-10.014795303344727,-9.286090850830078
ev_003712,0.12789033353328705,4.854730606079102,3.6169114112854004,6.7138261795043945,1.6345429420471191,11.220244407653809,-6.585936069488525,3.2201876640319824,-7.603332996368408,-10.969082832336426
ev_003713,34.286407470703125,4.896093845367432,32.89434814453125,19.286405563354492,1.3015873432159424,17.894346237182617,15.000001907348633,3.5945065021514893,15.000001907348633,33.594512939453125
ev_003714,0.9333247542381287,4.413732051849365,50.42207336425781,0.4441434442996979,0.5727663636207581,9.589147567749023,0.4891813099384308,3.840965747833252,40.832923889160156,45.1630744934082
ev_003715,4.893409252166748,1.483736515045166,12.419370651245117,5.7491936683654785,3.7331254482269287,12.419370651245117,-0.8557844161987305,-2.2493889331817627,0.0,-3.105173110961914
ev_003716,1.674729585647583,2.978402853012085,22.923791885375977,3.8668532371520996,2.978402853012085,7.923791408538818,-2.1921236515045166,0.0,15.0,12.807876586914062
ev_003717,4.1515583992004395,2.1364991664886475,5.232812881469727,0.2637369632720947,9.571971893310547,9.767187118530273,3.8878214359283447,-7.43547248840332,-4.534374237060547,-8.082025527954102
ev_003718,6.369501113891602,0.012475964613258839,39.12178039550781,6.369501113891602,0.012475964613258839,39.12178039550781,0.0,0.0,0.0,0.0
ev_003719,5.1837615966796875,5.035965919494629,9.675822257995605,5.1837615966796875,5.035965919494629,9.675822257995605,0.0,0.0,0.0,0.0
ev_003720,66.22869110107422,1.5712058544158936,89.27293395996094,71.76144409179688,2.8442416191101074,1.8704559803009033,-5.532752990722656,-1.2730357646942139,87.40248107910156,80.59669494628906
ev_003721,4.91404390335083,0.9007078409194946,9.74851131439209,1.2239762544631958,2.547283411026001,10.043354034423828,3.690067768096924,-1.6465755701065063,-0.2948427200317383,1.7486495971679688
ev_003722,0.6492027044296265,0.9639996290206909,4.406097412109375,0.6492027044296265,0.9639996290206909,4.406097412109375,0.0,0.0,0.0,0.0
ev_003723,1.8936132192611694,10.095605850219727,30.505664825439453,2.0340123176574707,6.985787391662598,28.169933319091797,-0.14039909839630127,3.109818458557129,2.3357315063476562,5.305149078369141
ev_003724,3.9402363300323486,2.228848457336426,4.358482837677002,3.9402363300323486,2.228848457336426,4.358482837677002,0.0,0.0,0.0,0.0
ev_003725,1.2126573324203491,2.5915284156799316,26.226234436035156,4.902724742889404,1.7495653629302979,21.803768157958984,-3.6900672912597656,0.8419630527496338,4.422466278076172,1.574361801147461
ev_003726,5.506895542144775,0.5004160404205322,26.754724502563477,6.499868392944336,3.9542932510375977,25.761751174926758,-0.9929728507995605,-3.4538772106170654,0.9929733276367188,-3.453876495361328
ev_003727,3.867342233657837,1.121224045753479,38.273597717285156,3.867342233657837,1.121224045753479,38.273597717285156,0.0,0.0,0.0,0.0
ev_003728,5.774195194244385,2.737722158432007,54.658294677734375,5.774195194244385,2.737722158432007,54.658294677734375,0.0,0.0,0.0,0.0
ev_003729,88.61731719970703,2.074188709259033,14.694570541381836,88.61731719970703,2.074188709259033,14.694570541381836,0.0,0.0,0.0,0.0
ev_003730,3.2009944915771484,2.214937686920166,10.641717910766602,2.0988807678222656,8.443968772888184,12.45493221282959,1.1021137237548828,-6.229031085968018,-1.8132143020629883,-6.940132141113281
ev_003731,4.921061992645264,0.3472531735897064,1.0316448211669922,9.715545654296875,0.3472531735897064,2.4781501293182373,-4.794483661651611,0.0,-1.4465053081512451,-6.240988731384277
ev_003732,0.6106140613555908,2.1987242698669434,12.661148071289062,0.6106140613555908,2.1987242698669434,12.661148071289062,0.0,0.0,0.0,0.0
ev_003733,1.824124813079834,3.7476677894592285,35.795005798339844,1.6837257146835327,0.6378493309020996,20.795005798339844,0.14039909839630127,3.109818458557129,15.0,18.25021743774414
ev_003734,4.0455803871154785,0.9577869772911072,17.423505783081055,4.0455803871154785,11.00118637084961,17.423505783081055,0.0,-10.043399810791016,0.0,-10.043399810791016
ev_003735,2.5906765460968018,4.448151111602783,18.84504508972168,2.673713207244873,4.448151111602783,13.07656478881836,-0.08303666114807129,0.0,5.76848030090332,5.685443878173828
ev_003736,10.99148941040039,1.0793851613998413,22.319595336914062,0.4391850531101227,5.068922996520996,11.657483100891113,10.5523042678833,-3.9895377159118652,10.66211223602295,17.224876403808594
ev_003737,0.4031108021736145,2.7005701065063477,6.181210041046143,0.4031108021736145,2.7005701065063477,6.181210041046143,0.0,0.0,0.0,0.0
ev_003738,0.7744950652122498,3.6494758129119873,12.752867698669434,0.4111071228981018,3.6494758129119873,9.089258193969727,0.36338794231414795,0.0,3.663609504699707,4.026996612548828
ev_003739,0.44258448481559753,2.7752089500427246,0.5470467805862427,0.44258448481559753,2.7752089500427246,0.5470467805862427,0.0,0.0,0.0,0.0
ev_003740,6.153892517089844,6.087202548980713,1.1724953651428223,6.153892517089844,6.087202548980713,1.1724953651428223,0.0,0.0,0.0,0.0
ev_003741,2.964944839477539,8.031725883483887,88.21800994873047,3.4541261196136475,4.190759658813477,1.781990647315979,-0.4891812801361084,3.84096622467041,86.43601989746094,89.78780364990234
ev_003742,5.5652055740356445,0.5956156849861145,9.556052207946777,9.25527286529541,4.936709403991699,5.100915908813477,-3.6900672912597656,-4.34109354019165,4.455136299133301,-3.5760250091552734
ev_003743,11.71420955657959,2.9329237937927246,5.6556854248046875,11.71420955657959,2.9329237937927246,5.6556854248046875,0.0,0.0,0.0,0.0
ev_003744,8.88247013092041,3.810804605484009,5.3070149421691895,8.88247013092041,3.810804605484009,5.3070149421691895,0.0,0.0,0.0,0.0
ev_003745,9.151054382324219,2.061678647994995,7.607897758483887,9.151054382324219,2.061678647994995,7.607897758483887,0.0,0.0,0.0,0.0
ev_003746,9.384794235229492,0.4965282082557678,35.63142013549805,9.801331520080566,1.223822832107544,20.631418228149414,-0.4165372848510742,-0.7272946238517761,15.000001907348633,13.856168746948242
ev_003747,6.767970085144043,0.791732132434845,21.635217666625977,6.767970085144043,0.791732132434845,21.635217666625977,0.0,0.0,0.0,0.0
ev_003748,5.829242706298828,0.39368724822998047,15.040410041809082,2.1391749382019043,3.947406530380249,11.380313873291016,3.690067768096924,-3.5537192821502686,3.6600961685180664,3.7964439392089844
ev_003749,4.049545764923096,3.754808187484741,20.010780334472656,85.544921875,0.08615764230489731,75.89884948730469,-81.49537658691406,3.6686506271362305,-55.88806915283203,-133.7147979736328
ev_003750,5.876203536987305,4.522955417633057,8.431305885314941,4.062989234924316,5.633026123046875,9.73395824432373,1.8132143020629883,-1.1100707054138184,-1.302652359008789,-0.5995101928710938
ev_003751,18.835451126098633,2.3500659465789795,21.650304794311523,3.835451602935791,6.191031455993652,6.650304794311523,15.0,-3.840965509414673,15.0,26.159034729003906
ev_003752,0.020386910066008568,4.60308837890625,2.397526264190674,0.020386910066008568,4.60308837890625,2.397526264190674,0.0,0.0,0.0,0.0
ev_003753,16.10048484802246,0.08270013332366943,14.38766860961914,16.10048484802246,0.08270013332366943,14.38766860961914,0.0,0.0,0.0,0.0
ev_003754,8.831852912902832,5.908185005187988,1.9788696765899658,8.831852912902832,5.908185005187988,1.9788696765899658,0.0,0.0,0.0,0.0
ev_003755,10.481751441955566,5.769044399261475,14.980448722839355,10.118358612060547,9.363551139831543,0.019551491364836693,0.36339282989501953,-3.5945067405700684,14.960897445678711,11.729780197143555
ev_003756,1.0527509450912476,9.714369773864746,3.5321054458618164,1.2829793691635132,6.604551315307617,3.5321054458618164,-0.23022842407226562,3.109818458557129,0.0,2.8795900344848633
ev_003757,3.9992077350616455,8.484545707702637,1.749344825744629,3.1317298412323,2.80856990814209,54.11860275268555,0.8674778938293457,5.675975799560547,-52.369258880615234,-45.8258056640625
ev_003758,7.781098365783691,0.830793023109436,9.925586700439453,7.781098365783691,0.830793023109436,9.925586700439453,0.0,0.0,0.0,0.0
ev_003759,3.8711862564086914,3.344970941543579,18.391313552856445,4.3752760887146,2.8224833011627197,3.3913137912750244,-0.5040898323059082,0.5224876403808594,15.0,15.01839828491211
ev_003760,1.3935821056365967,8.671069145202637,5.1286211013793945,2.2610597610473633,9.189000129699707,2.502119302749634,-0.8674776554107666,-0.5179309844970703,2.6265017986297607,1.241093635559082
ev_003761,5.685493469238281,0.48488134145736694,7.476637363433838,6.1895833015441895,1.0073691606521606,7.523362636566162,-0.5040898323059082,-0.5224878191947937,-0.04672527313232422,-1.0733022689819336
ev_003762,6.913879871368408,3.948415517807007,2.629246473312378,6.913879871368408,3.948415517807007,2.629246473312378,0.0,0.0,0.0,0.0
ev_003763,3.036299228668213,6.063206195831299,40.61811828613281,3.036299228668213,6.063206195831299,40.61811828613281,0.0,0.0,0.0,0.0
ev_003764,7.5871405601501465,2.7368743419647217,19.126848220825195,7.5871405601501465,2.7368743419647217,19.126848220825195,0.0,0.0,0.0,0.0
ev_003765,9.534589767456055,2.316230535507202,25.92792510986328,10.387164115905762,9.880758285522461,9.934951782226562,-0.852574348449707,-7.56452751159668,15.992973327636719,7.575874328613281
ev_003766,3.3638546466827393,0.8025365471839905,13.722228050231934,3.3638546466827393,0.8025365471839905,13.722228050231934,0.0,0.0,0.0,0.0
ev_003767,11.433273315429688,1.9408334493637085,2.459059953689575,11.433273315429688,1.9408334493637085,2.459059953689575,0.0,0.0,0.0,0.0
ev_003768,9.306000709533691,4.062700271606445,31.8306827545166,5.69399881362915,4.062700271606445,31.8306827545166,3.612001895904541,0.0,0.0,3.6120033264160156
ev_003769,5.7638678550720215,6.330053329467773,23.045373916625977,5.7638678550720215,6.330053329467773,23.045373916625977,0.0,0.0,0.0,0.0
ev_003770,13.395618438720703,8.13417911529541,6.7021589279174805,13.395618438720703,8.13417911529541,6.7021589279174805,0.0,0.0,0.0,0.0
ev_003771,1.0596493482589722,4.27912712097168,5.47775936126709,1.0596493482589722,4.27912712097168,5.47775936126709,0.0,0.0,0.0,0.0
ev_003772,0.24202632904052734,0.26814693212509155,49.46923065185547,0.26206350326538086,0.25434088706970215,27.849660873413086,-0.020037174224853516,0.013806045055389404,21.619569778442383,21.613338470458984
ev_003773,1.472336769104004,0.5296269655227661,6.958649635314941,0.7197870016098022,1.2378740310668945,1.5401309728622437,0.7525497674942017,-0.7082470655441284,5.418518543243408,5.462821006774902
ev_003774,3.3032355308532715,1.130332589149475,9.96164608001709,8.510787010192871,3.1778945922851562,22.096628189086914,-5.2075514793396,-2.0475621223449707,-12.134982109069824,-19.390094757080078
ev_003775,5.226515293121338,4.19728946685791,12.769510269165039,5.086116313934326,1.0874711275100708,10.4337797164917,0.14039897918701172,3.109818458557129,2.33573055267334,5.585948944091797
ev_003776,43.727813720703125,2.354114294052124,65.91166687011719,5.112982273101807,1.486851453781128,13.791810035705566,38.614830017089844,0.8672628402709961,52.11985778808594,91.60194396972656
ev_003777,5.881983757019043,0.9119727611541748,0.9236655235290527,5.881983757019043,0.9119727611541748,0.9236663579940796,0.0,0.0,-8.344650268554688e-07,-9.5367431640625e-07
ev_003778,0.2999017536640167,7.748932361602783,16.3350887298584,0.2999017536640167,7.748932361602783,16.3350887298584,0.0,0.0,0.0,0.0
ev_003779,5.444196701049805,0.031968552619218826,3.110372543334961,5.444196701049805,0.031968552619218826,3.110372543334961,0.0,0.0,0.0,0.0
ev_003780,64.4052505493164,7.412738800048828,14.37708854675293,64.4052505493164,7.412738800048828,14.37708854675293,0.0,0.0,0.0,0.0
ev_003781,2.630128860473633,1.4155470132827759,26.58361053466797,2.9935214519500732,1.4155470132827759,28.030115127563477,-0.36339259147644043,0.0,-1.4465045928955078,-1.809896469116211
ev_003782,58.00559997558594,2.2282261848449707,83.0877914428711,1.9943981170654297,1.3575494289398193,77.29938507080078,56.011199951171875,0.8706767559051514,5.7884063720703125,62.67029571533203
ev_003783,19.510543823242188,8.049245834350586,3.9547722339630127,19.510543823242188,8.049245834350586,3.9547722339630127,0.0,0.0,0.0,0.0
ev_003784,4.138007640838623,1.1816916465759277,23.522132873535156,4.138007640838623,1.1816916465759277,23.522132873535156,0.0,0.0,0.0,0.0
ev_003785,64.2522201538086,9.424907684326172,16.040813446044922,64.2522201538086,9.424907684326172,16.040813446044922,0.0,0.0,0.0,0.0
ev_003786,8.100576400756836,1.0157623291015625,25.9094295501709,4.41050910949707,3.325331449508667,15.016036033630371,3.6900672912597656,-2.3095691204071045,10.893393516540527,12.27389144897461
ev_003787,5.959465503692627,0.25315505266189575,5.821344375610352,5.959465503692627,0.25315505266189575,5.821344375610352,0.0,0.0,0.0,0.0
ev_003788,2.397594928741455,7.478627681732178,5.194703578948975,4.104417324066162,7.478627681732178,5.194703578948975,-1.706822395324707,0.0,0.0,-1.7068214416503906
ev_003789,6.8281731605529785,0.015822671353816986,2.690253496170044,6.8281731605529785,0.015822671353816986,2.690253496170044,0.0,0.0,0.0,0.0
ev_003790,6.559462547302246,1.9445618391036987,10.773162841796875,6.559462547302246,1.9445618391036987,10.773162841796875,0.0,0.0,0.0,0.0
ev_003791,5.699772357940674,8.252839088439941,1.5771636962890625,2.7217907905578613,4.450245380401611,3.687574863433838,2.9779815673828125,3.80259370803833,-2.1104111671447754,4.670164108276367
ev_003792,1.964004397392273,4.040082931518555,30.261798858642578,1.964004397392273,4.040082931518555,30.261798858642578,0.0,0.0,0.0,0.0
ev_003793,3.817488193511963,1.0514665842056274,14.574745178222656,4.684966087341309,1.0514665842056274,6.944005012512207,-0.8674778938293457,0.0,7.630740165710449,6.763261795043945
ev_003794,2.85799503326416,8.82685661315918,14.641146659851074,8.956027030944824,2.3545374870300293,4.633896827697754,-6.098031997680664,6.47231912612915,10.00724983215332,10.381537437438965
ev_003795,11.268476486206055,5.252745628356934,38.13909912109375,3.871922254562378,2.142927408218384,23.139097213745117,7.396553993225098,3.10981822013855,15.000001907348633,25.50637435913086
ev_003796,6.075157642364502,1.3629217147827148,7.282602787017822,6.075157642364502,1.3629217147827148,7.282602787017822,0.0,0.0,0.0,0.0
ev_003797,12.17199420928955,3.173901319503784,36.334877014160156,2.8280060291290283,3.173901319503784,36.334877014160156,9.343988418579102,0.0,0.0,9.343986511230469
ev_003798,10.827412605285645,1.0635113716125488,27.678682327270508,10.687013626098633,4.173329830169678,12.678682327270508,0.14039897918701172,-3.109818458557129,15.0,12.030580520629883
ev_003799,3.5557148456573486,0.8267961740493774,6.162015438079834,3.5557148456573486,0.8267961740493774,6.162015438079834,0.0,0.0,0.0,0.0
ev_003800,0.4451051652431488,0.7560999393463135,3.22724986076355,0.3047060966491699,0.7560999393463135,5.5629801750183105,0.14039906859397888,0.0,-2.3357303142547607,-2.19533109664917
ev_003801,5.292860507965088,0.051419083029031754,5.13217830657959,5.292860507965088,0.051419083029031754,5.13217830657959,0.0,0.0,0.0,0.0
ev_003802,10.279736518859863,1.1496541500091553,38.64323806762695,10.405231475830078,3.556903123855591,25.830493927001953,-0.12549495697021484,-2.4072489738464355,12.812744140625,10.279998779296875
ev_003803,28.99954605102539,1.2724711894989014,0.5334992408752441,28.99954605102539,1.2724711894989014,0.5334992408752441,0.0,0.0,0.0,0.0
ev_003804,9.067663192749023,9.31776237487793,3.596297264099121,1.222450613975525,1.8636316061019897,7.264413356781006,7.845212459564209,7.45413064956665,-3.6681160926818848,11.63122844696045
ev_003805,57.632625579833984,10.096043586730957,23.426794052124023,3.360347032546997,0.4492467939853668,12.698211669921875,54.27227783203125,9.646797180175781,10.728582382202148,74.64765930175781
ev_003806,4.197552680969238,4.799145698547363,21.2882022857666,2.970067262649536,15.458051681518555,23.101417541503906,1.2274854183197021,-10.658905982971191,-1.8132152557373047,-11.244636535644531
ev_003807,44.55844497680664,4.805928707122803,53.96574020385742,5.728935241699219,2.6295435428619385,21.03426170349121,38.82950973510742,2.1763851642608643,32.931480407714844,73.93737030029297
ev_003808,2.350329875946045,4.347590446472168,0.016681941226124763,2.350329875946045,4.347590446472168,0.016681941226124763,0.0,0.0,0.0,0.0
ev_003809,10.815059661865234,3.6929104328155518,22.182796478271484,10.674659729003906,6.802728652954102,7.182796478271484,0.14039993286132812,-3.10981822013855,15.0,12.030580520629883
ev_003810,2.2200357913970947,1.6427208185195923,21.01862335205078,2.2200357913970947,3.690181255340576,28.562999725341797,0.0,-2.0474605560302734,-7.544376373291016,-9.591836929321289
ev_003811,4.141888618469238,1.2188835144042969,28.343017578125,4.141888618469238,1.2188835144042969,28.343017578125,0.0,0.0,0.0,0.0
ev_003812,5.037817001342773,2.4519872665405273,7.478940010070801,5.401204586029053,0.9270148277282715,8.411779403686523,-0.3633875846862793,1.5249724388122559,-0.9328393936157227,0.2287454605102539
ev_003813,10.24708366394043,1.2511261701583862,24.115793228149414,4.248826503753662,1.7736139297485352,9.115792274475098,5.998257160186768,-0.5224877595901489,15.000000953674316,20.47576904296875
ev_003814,10.951004028320312,0.5063551664352417,1.6852751970291138,1.6190521717071533,2.1708121299743652,4.815944194793701,9.331952095031738,-1.6644569635391235,-3.130669116973877,4.536826133728027
ev_003815,5.946963310241699,6.6394243240356445,6.445204734802246,8.139087677001953,3.1648030281066895,14.943984985351562,-2.192124366760254,3.474621295928955,-8.498780250549316,-7.216281890869141
ev_003816,7.387186527252197,7.856292247772217,3.2902438640594482,7.387186527252197,7.856292247772217,3.2902438640594482,0.0,0.0,0.0,0.0
ev_003817,2.108365297317505,4.580981731414795,0.7639692425727844,0.29406028985977173,1.6463171243667603,16.61107063293457,1.814305067062378,2.934664726257324,-15.847101211547852,-11.098132133483887
ev_003818,2.040632724761963,1.4742352962493896,19.348453521728516,2.040632724761963,1.4742352962493896,19.348453521728516,0.0,0.0,0.0,0.0
ev_003819,1.4101080894470215,2.9900519847869873,10.515772819519043,4.350672721862793,2.9762330055236816,2.0076537132263184,-2.9405646324157715,0.013818979263305664,8.508119583129883,5.58137321472168
ev_003820,9.392518997192383,5.388938903808594,3.1988515853881836,1.2500841617584229,0.8383600115776062,3.1988515853881836,8.142435073852539,4.550579071044922,0.0,12.693012237548828
ev_003821,4.5115861892700195,4.475489616394043,25.601404190063477,15.404980659484863,1.2293214797973633,26.594377517700195,-10.893394470214844,3.2461681365966797,-0.9929733276367188,-8.640201568603516
ev_003822,6.680198669433594,0.16110050678253174,5.5967583656311035,6.680198669433594,0.16110050678253174,5.5967583656311035,0.0,0.0,0.0,0.0
ev_003823,6.323086738586426,2.592698097229004,12.351715087890625,6.323086738586426,2.592698097229004,12.351715087890625,0.0,0.0,0.0,0.0
ev_003824,3.339305877685547,1.3065367937088013,10.896157264709473,3.339305877685547,1.3065367937088013,10.896157264709473,0.0,0.0,0.0,0.0
ev_003825,12.950141906738281,0.37924909591674805,3.2114806175231934,12.950141906738281,0.37924909591674805,3.2114806175231934,0.0,0.0,0.0,0.0
ev_003826,9.474176406860352,0.42422083020210266,17.97677230834961,9.474176406860352,0.42422083020210266,17.97677230834961,0.0,0.0,0.0,0.0
ev_003827,0.07247141748666763,3.9281678199768066,2.226314067840576,0.07247141748666763,3.9281678199768066,2.226314067840576,0.0,0.0,0.0,0.0
ev_003828,13.890673637390137,3.9420113563537598,25.258468627929688,6.334485054016113,0.3475048840045929,19.741531372070312,7.556188583374023,3.5945065021514893,5.516937255859375,16.667634963989258
ev_003829,5.105907917022705,4.2471604347229,14.160601615905762,1.4158401489257812,0.0939331129193306,18.95598602294922,3.690067768096924,4.15322732925415,-4.795384407043457,3.047910690307617
ev_003830,1.387363314628601,4.778879642486572,7.3920979499816895,2.8853070735931396,1.5586918592453003,14.995430946350098,-1.4979437589645386,3.2201876640319824,-7.603332996368408,-5.881089210510254
ev_003831,5.449721813201904,8.898245811462402,108.23799896240234,5.449721813201904,8.898245811462402,108.23799896240234,0.0,0.0,0.0,0.0
ev_003832,5.386026859283447,8.472975730895996,14.218792915344238,2.244713544845581,6.425515174865723,8.465221405029297,3.141313314437866,2.0474605560302734,5.753571510314941,10.942346572875977
ev_003833,8.253752708435059,2.7620792388916016,13.155370712280273,8.253752708435059,2.7620792388916016,13.155370712280273,0.0,0.0,0.0,0.0
ev_003834,1.333508014678955,1.8299330472946167,12.978342056274414,1.333508014678955,1.8299330472946167,12.978342056274414,0.0,0.0,0.0,0.0
ev_003835,5.420602321624756,5.333243370056152,19.703689575195312,8.080135345458984,1.708796501159668,4.7036895751953125,-2.6595330238342285,3.6244468688964844,15.0,15.964913368225098
ev_003836,3.0197439193725586,3.452867031097412,7.710034370422363,3.0197439193725586,3.452867031097412,7.710034370422363,0.0,0.0,0.0,0.0
ev_003837,2.742302656173706,0.2966900169849396,3.828611135482788,2.742302656173706,0.2966900169849396,3.828611135482788,0.0,0.0,0.0,0.0
ev_003838,7.9014997482299805,4.513514995574951,7.863000392913818,19.340051651000977,5.491239070892334,7.863000392913818,-11.438551902770996,-0.9777240753173828,0.0,-12.416275024414062
ev_003839,3.680907964706421,2.9912056922912598,18.038393020629883,4.044300556182861,0.603300929069519,19.484899520874023,-0.36339259147644043,2.387904644012451,-1.4465065002441406,0.5780048370361328
ev_003840,14.536527633666992,0.9299518465995789,23.084871292114258,14.536527633666992,0.9299518465995789,23.084871292114258,0.0,0.0,0.0,0.0
ev_003841,4.98131799697876,2.2460453510284424,34.545711517333984,4.840919017791748,0.863772988319397,19.54570960998535,0.14039897918701172,1.3822723627090454,15.000001907348633,16.522674560546875
ev_003842,6.0209174156188965,3.648495674133301,21.747291564941406,5.531735897064209,7.489461421966553,106.22407531738281,0.4891815185546875,-3.840965747833252,-84.4767837524414,-87.82856750488281
ev_003843,12.826263427734375,7.722447395324707,1.8306748867034912,3.9869515895843506,3.9717562198638916,2.6058218479156494,8.839311599731445,3.7506911754608154,-0.7751469612121582,11.814855575561523
ev_003844,3.3495020866394043,0.5225009918212891,9.372153282165527,0.34056544303894043,3.8185927867889404,6.131164073944092,3.008936643600464,-3.2960917949676514,3.2409892082214355,2.95383358001709
ev_003845,4.623970031738281,6.522894382476807,2.8934247493743896,4.609066009521484,1.0058268308639526,8.326997756958008,0.014904022216796875,5.5170674324035645,-5.433572769165039,0.09839820861816406
ev_003846,14.335579872131348,3.1860344409942627,39.63032150268555,1.9030507802963257,1.6610618829727173,9.63032054901123,12.43252944946289,1.5249725580215454,30.0,43.95750427246094
ev_003847,6.86198616027832,0.6765307784080505,18.718994140625,6.86198616027832,0.6765307784080505,18.718994140625,0.0,0.0,0.0,0.0
ev_003848,1.478623390197754,6.581099510192871,26.84064292907715,1.6190223693847656,3.4712812900543213,23.51576805114746,-0.14039897918701172,3.10981822013855,3.3248748779296875,6.2942962646484375
ev_003849,1.1165350675582886,5.725447654724121,1.348634123802185,2.990070343017578,2.601217031478882,8.556288719177246,-1.8735352754592896,3.1242306232452393,-7.2076544761657715,-5.9569597244262695
ev_003850,0.5245025157928467,1.3511346578598022,3.372373342514038,0.5245025157928467,1.3511346578598022,3.372373342514038,0.0,0.0,0.0,0.0
ev_003851,6.839467525482178,2.5896575450897217,15.76259994506836,3.4045186042785645,2.5896575450897217,11.655994415283203,3.4349489212036133,0.0,4.106605529785156,7.541555404663086
ev_003852,7.314794063568115,1.2602441310882568,4.708592414855957,7.314794063568115,1.2602441310882568,4.708592414855957,0.0,0.0,0.0,0.0
ev_003853,2.925722599029541,0.6795496940612793,6.683423042297363,3.2891106605529785,0.6795496940612793,15.947317123413086,-0.3633880615234375,0.0,-9.263894081115723,-9.62728214263916
ev_003854,10.055462837219238,4.002021789550781,6.854373455047607,7.433077812194824,11.044061660766602,8.14562702178955,2.622385025024414,-7.04203987121582,-1.2912535667419434,-5.710906982421875
ev_003855,5.2230143547058105,5.179981231689453,14.640116691589355,6.215987205505371,0.7252718210220337,10.368699073791504,-0.9929728507995605,4.454709529876709,4.271417617797852,7.733156204223633
ev_003856,4.0787672996521,1.2750681638717651,10.83491325378418,4.0787672996521,1.2750681638717651,10.83491325378418,0.0,0.0,0.0,0.0
ev_003857,2.283892869949341,5.463407516479492,18.17274284362793,2.283892869949341,1.7734129428863525,18.17274284362793,0.0,3.6899945735931396,0.0,3.6899948120117188
ev_003858,0.48916095495224,7.44614315032959,6.4433794021606445,4.87943696975708,7.0775322914123535,6.4433794021606445,-4.390275955200195,0.36861085891723633,0.0,-4.021665573120117
ev_003859,4.914352893829346,5.764109134674072,0.03906090930104256,5.418442726135254,5.241621494293213,15.039060592651367,-0.5040898323059082,0.5224876403808594,-15.0,-14.981602668762207
ev_003860,3.9770238399505615,5.057505130767822,1.5643888711929321,3.9770238399505615,5.057505130767822,1.5643888711929321,0.0,0.0,0.0,0.0
ev_003861,4.336698532104492,3.9995651245117188,11.3274507522583,4.700091361999512,0.4050586223602295,12.773956298828125,-0.36339282989501953,3.5945065021514893,-1.4465055465698242,1.7846088409423828
ev_003862,4.723117828369141,7.264603614807129,17.865325927734375,7.090904712677002,1.8647276163101196,30.000308990478516,-2.3677868843078613,5.399876117706299,-12.13498306274414,-9.102893829345703
ev_003863,4.5163798332214355,2.66540265083313,0.6503746509552002,6.273327350616455,11.53502082824707,0.6503746509552002,-1.7569475173950195,-8.86961841583252,0.0,-10.626565933227539
ev_003864,2.9429662227630615,8.564802169799805,13.185484886169434,1.4498794078826904,10.972050666809082,1.814515471458435,1.493086814880371,-2.4072484970092773,11.370969772338867,10.456807136535645
ev_003865,9.991168022155762,2.380326986312866,12.965015411376953,0.8918365836143494,12.021254539489746,17.496665954589844,9.099331855773926,-9.6409273147583,-4.531650543212891,-5.073246002197266
ev_003866,10.5300874710083,2.2482805252075195,0.7648687362670898,5.46288537979126,11.163405418395996,1.8669824600219727,5.067202091217041,-8.915124893188477,-1.1021137237548828,-4.950037956237793
ev_003867,22.510940551757812,3.2916059494018555,15.61661434173584,7.510941505432129,6.886112213134766,15.61661434173584,14.999999046325684,-3.59450626373291,0.0,11.405494689941406
ev_003868,13.803427696228027,2.3683488368988037,33.906524658203125,1.7006617784500122,1.8458610773086548,19.740087509155273,12.102766036987305,0.5224877595901489,14.166437149047852,26.791690826416016
ev_003869,2.7279930114746094,2.6730926036834717,34.66594696044922,3.0913808345794678,1.1481200456619263,31.002336502075195,-0.3633878231048584,1.5249725580215454,3.6636104583740234,4.8251953125
ev_003870,4.469171524047852,9.074438095092773,5.074376583099365,3.4240078926086426,7.481379508972168,5.654206275939941,1.045163631439209,1.5930585861206055,-0.5798296928405762,2.0583934783935547
ev_003871,8.773388862609863,4.2685651779174805,18.52157974243164,8.773388862609863,4.2685651779174805,18.52157974243164,0.0,0.0,0.0,0.0
ev_003872,7.841452121734619,4.10298490524292,23.814468383789062,7.841452121734619,4.10298490524292,23.814468383789062,0.0,0.0,0.0,0.0
ev_003873,11.125556945800781,4.153560638427734,17.062711715698242,11.125556945800781,4.153560638427734,17.062711715698242,0.0,0.0,0.0,0.0
ev_003874,6.940098762512207,2.2980172634124756,16.457462310791016,9.132222175598145,3.4189231395721436,1.4574631452560425,-2.1921234130859375,-1.120905876159668,14.999999046325684,11.686970710754395
ev_003875,10.445712089538574,0.349614679813385,29.47926902770996,10.571207046508789,2.0576343536376953,24.66699981689453,-0.12549495697021484,-1.708019733428955,4.81226921081543,2.9787559509277344
ev_003876,1.1911729574203491,8.275802612304688,12.237289428710938,1.3315720558166504,5.1659836769104,14.573019981384277,-0.14039909839630127,3.109818935394287,-2.33573055267334,0.6336898803710938
ev_003877,3.345440149307251,0.41167759895324707,6.929495811462402,9.878886222839355,1.8016148805618286,19.055110931396484,-6.533446311950684,-1.3899372816085815,-12.125615119934082,-20.04899787902832
ev_003878,3.152644157409668,8.473398208618164,70.6426773071289,2.1596713066101074,2.071892023086548,8.628739356994629,0.9929728507995605,6.401506423950195,62.013938903808594,69.40841674804688
ev_003879,5.585322380065918,3.9933817386627197,17.774154663085938,5.585322380065918,3.9933817386627197,17.774154663085938,0.0,0.0,0.0,0.0
ev_003880,3.0914857387542725,6.2991766929626465,4.786832332611084,3.0914857387542725,6.2991766929626465,4.786832332611084,0.0,0.0,0.0,0.0
ev_003881,17.949552536010742,4.370436191558838,19.766462326049805,18.366090774536133,9.324531555175781,4.7664618492126465,-0.4165382385253906,-4.954095363616943,15.0,9.629364013671875
ev_003882,56.69146728515625,7.381436347961426,58.62263870239258,48.30853271484375,0.054035644978284836,0.09901534765958786,8.3829345703125,7.3274006843566895,58.523624420166016,74.23396301269531
ev_003883,6.2055840492248535,0.9270449280738831,30.318761825561523,2.748872995376587,2.3388800621032715,15.318760871887207,3.4567110538482666,-1.4118351936340332,15.000000953674316,17.044876098632812
ev_003884,0.297634094953537,1.76767098903656,21.740934371948242,11.012298583984375,12.4265775680542,7.7339067459106445,-10.714664459228516,-10.658906936645508,14.007027626037598,-7.366542816162109
ev_003885,4.578056335449219,5.719445705413818,22.233095169067383,4.578056335449219,5.719445705413818,22.233095169067383,0.0,0.0,0.0,0.0
ev_003886,2.7508790493011475,3.0280494689941406,24.047439575195312,3.2549688816070557,3.550537347793579,20.08030891418457,-0.5040898323059082,-0.5224878787994385,3.967130661010742,2.940553665161133
ev_003887,1.6685495376586914,0.8123775124549866,4.242164611816406,11.369407653808594,1.6383029222488403,11.845498085021973,-9.700858116149902,-0.8259254097938538,-7.603333473205566,-18.130117416381836
ev_003888,3.279822826385498,2.786876916885376,1.8023160696029663,3.279822826385498,2.786876916885376,1.8023160696029663,0.0,0.0,0.0,0.0
ev_003889,3.931530475616455,2.414384603500366,96.04241180419922,3.931530475616455,2.414384603500366,96.04241180419922,0.0,0.0,0.0,0.0
ev_003890,3.8661131858825684,2.2093420028686523,20.649009704589844,3.502720832824707,1.3851646184921265,5.6490092277526855,0.36339235305786133,0.8241773843765259,15.0,16.18756866455078
ev_003891,42.84196090698242,0.15432481467723846,1.6461341381072998,42.84196090698242,0.15432481467723846,1.6461341381072998,0.0,0.0,0.0,0.0
ev_003892,2.549508810043335,10.513639450073242,15.854324340820312,2.549508810043335,10.513639450073242,15.854324340820312,0.0,0.0,0.0,0.0
ev_003893,7.042087554931641,2.905820369720459,25.414796829223633,7.042087554931641,2.905820369720459,25.414796829223633,0.0,0.0,0.0,0.0
ev_003894,2.676849603652954,14.677576065063477,7.5808305740356445,2.676849603652954,0.32242435216903687,7.5808305740356445,0.0,14.355152130126953,0.0,14.355152130126953
ev_003895,4.819169998168945,11.490726470947266,4.9557061195373535,4.315080165863037,11.917305946350098,5.866410255432129,0.5040898323059082,-0.42657947540283203,-0.9107041358947754,-0.8331947326660156
ev_003896,36.36244583129883,1.5949375629425049,4.611240386962891,36.36244583129883,1.5949375629425049,4.611240386962891,0.0,0.0,0.0,0.0
ev_003897,12.872954368591309,3.386178493499756,23.8776798248291,8.766348838806152,2.444668769836426,15.016966819763184,4.106605529785156,0.9415097236633301,8.860713005065918,13.908824920654297
ev_003898,3.8660128116607666,0.6331170797348022,13.906774520874023,3.8660128116607666,0.6331170797348022,13.906774520874023,0.0,0.0,0.0,0.0
ev_003899,1.3826196193695068,2.207549810409546,14.246596336364746,1.3826196193695068,2.207549810409546,14.246596336364746,0.0,0.0,0.0,0.0
ev_003900,6.87961483001709,3.9879090785980225,22.597444534301758,3.216005563735962,5.512881755828857,22.597444534301758,3.663609266281128,-1.524972677230835,0.0,2.1386375427246094
ev_003901,4.660651206970215,3.8912758827209473,22.375167846679688,4.660651206970215,3.8912758827209473,22.375167846679688,0.0,0.0,0.0,0.0
ev_003902,13.960546493530273,6.123906135559082,26.80513572692871,13.960546493530273,6.123906135559082,26.80513572692871,0.0,0.0,0.0,0.0
ev_003903,4.728898525238037,0.6382970213890076,16.700634002685547,4.728898525238037,0.6382970213890076,16.700634002685547,0.0,0.0,0.0,0.0
ev_003904,2.0823988914489746,1.6820740699768066,11.343512535095215,2.0823988914489746,1.6820740699768066,11.343512535095215,0.0,0.0,0.0,0.0
ev_003905,4.1925764083862305,11.363325119018555,14.707436561584473,6.059305191040039,3.9278528690338135,15.292563438415527,-1.8667287826538086,7.43547248840332,-0.5851268768310547,4.983617782592773
ev_003906,1.5874390602111816,5.550049781799316,18.826074600219727,0.7199613451957703,3.502589464187622,11.195334434509277,0.8674777150154114,2.0474603176116943,7.630740165710449,10.545679092407227
ev_003907,0.27653753757476807,3.5249147415161133,13.732295989990234,0.2616334855556488,1.9921526908874512,19.165868759155273,0.014904052019119263,1.532762050628662,-5.433572769165039,-3.885906219482422
ev_003908,4.223941802978516,2.71339750289917,7.447456359863281,1.04044771194458,2.71339750289917,3.340851068496704,3.1834940910339355,0.0,4.106605529785156,7.29010009765625
ev_003909,4.187668323516846,0.6502047181129456,22.93613052368164,15.081062316894531,5.0546064376831055,6.122916221618652,-10.893394470214844,-4.404401779174805,16.813213348388672,1.5154170989990234
ev_003910,6.15919828414917,1.8399734497070312,11.332427024841309,2.5977509021759033,11.316972732543945,5.3203887939453125,3.5614473819732666,-9.476999282836914,6.012038230895996,0.09648704528808594
ev_003911,1.4090728759765625,1.223777413368225,2.990449905395508,5.515678405761719,10.518966674804688,1.1161553859710693,-4.106605529785156,-9.295188903808594,1.8742945194244385,-11.52750015258789
ev_003912,5.618246078491211,5.357248783111572,21.151874542236328,5.618246078491211,5.357248783111572,21.151874542236328,0.0,0.0,0.0,0.0
ev_003913,4.110825061798096,0.05199938267469406,3.5107803344726562,4.110825061798096,0.05199938267469406,3.5107803344726562,0.0,0.0,0.0,0.0
ev_003914,12.11767864227295,5.897890090942383,3.3438408374786377,15.807745933532715,10.238984107971191,2.5100507736206055,-3.6900672912597656,-4.341094017028809,0.8337900638580322,-7.1973724365234375
ev_003915,8.920047760009766,5.191303730010986,26.20319366455078,9.283435821533203,6.716276168823242,22.53958511352539,-0.3633880615234375,-1.5249724388122559,3.6636085510253906,1.7752456665039062
ev_003916,0.749980092048645,0.24677884578704834,12.342537879943848,0.749980092048645,0.24677884578704834,12.342537879943848,0.0,0.0,0.0,0.0
ev_003917,2.437352418899536,3.023435354232788,15.277892112731934,4.204494476318359,1.2624058723449707,9.686999320983887,-1.7671420574188232,1.7610294818878174,5.590892791748047,5.584779739379883
ev_003918,4.5254740715026855,1.3474116325378418,16.63103485107422,4.6509690284729,1.3474116325378418,24.097549438476562,-0.12549495697021484,0.0,-7.466514587402344,-7.592008590698242
ev_003919,0.16422699391841888,7.9079389572143555,25.009138107299805,0.6883467435836792,0.34341132640838623,19.047508239746094,-0.5241197347640991,7.56452751159668,5.961629867553711,13.002037048339844
ev_003920,6.1304450035095215,4.616343975067139,10.575386047363281,6.1304450035095215,4.616343975067139,10.575386047363281,0.0,0.0,0.0,0.0
ev_003921,36.77727508544922,0.4192865788936615,23.948116302490234,36.77727508544922,0.4192865788936615,23.948116302490234,0.0,0.0,0.0,0.0
ev_003922,3.0504467487335205,8.861108779907227,6.837650775909424,8.259486198425293,1.7977975606918335,7.579557418823242,-5.209039688110352,7.0633111000061035,-0.7419066429138184,1.11236572265625
ev_003923,12.638102531433105,5.283052921295166,40.41847610473633,2.8659870624542236,5.805540561676025,29.385608673095703,9.772115707397461,-0.5224876403808594,11.032867431640625,20.282493591308594
ev_003924,15.235183715820312,0.7498505711555481,21.47256088256836,5.9887542724609375,1.170632243156433,9.907509803771973,9.246429443359375,-0.420781672000885,11.565051078796387,20.39069938659668
ev_003925,3.3847575187683105,5.564835071563721,13.030196189880371,9.062321662902832,1.870637059211731,1.9698034524917603,-5.6775641441345215,3.6941981315612793,11.060392379760742,9.077027320861816
ev_003926,2.4134714603424072,3.7350006103515625,0.03857860714197159,5.891420841217041,1.3157049417495728,12.09281063079834,-3.477949380874634,2.4192957878112793,-12.054231643676758,-13.112886428833008
ev_003927,5.251196384429932,7.179117679595947,34.004249572753906,4.747405052185059,0.47479262948036194,10.222748756408691,0.503791332244873,6.704325199127197,23.78150177001953,30.98961639404297
ev_003928,7.551717281341553,7.648603916168213,6.763556003570557,4.407479763031006,7.525428771972656,1.7352244853973389,3.144237518310547,0.12317514419555664,5.028331756591797,8.295742988586426
ev_003929,3.936347007751465,3.6805522441864014,33.138038635253906,3.936347007751465,3.6805522441864014,33.138038635253906,0.0,0.0,0.0,0.0
ev_003930,3.8025074005126953,1.793760061264038,2.3879377841949463,3.8025074005126953,1.793760061264038,2.3879377841949463,0.0,0.0,0.0,0.0
ev_003931,3.6994142532348633,8.854894638061523,6.200087070465088,3.6994142532348633,8.854894638061523,6.200087070465088,0.0,0.0,0.0,0.0
ev_003932,6.6490960121154785,1.8858708143234253,9.194490432739258,6.634191989898682,1.8858708143234253,3.7609174251556396,0.014904022216796875,0.0,5.433572769165039,5.448477745056152
ev_003933,3.299478530883789,1.093993902206421,0.5845184326171875,1.6114447116851807,15.495575904846191,0.5845184326171875,1.6880338191986084,-14.401581764221191,0.0,-12.71354866027832
ev_003934,1.2111471891403198,0.1596604436635971,5.840551376342773,1.2111471891403198,0.1596604436635971,5.840551376342773,0.0,0.0,0.0,0.0
ev_003935,3.3236923217773438,7.142758846282959,23.782350540161133,3.3236923217773438,7.142758846282959,23.782350540161133,0.0,0.0,0.0,0.0
ev_003936,8.892142295837402,2.291264057159424,23.975990295410156,3.915734052658081,3.412169933319092,15.47721004486084,4.976408004760742,-1.120905876159668,8.498780250549316,12.35428237915039
ev_003937,14.12520980834961,5.405534744262695,13.781360626220703,10.018604278564453,11.110345840454102,14.774333953857422,4.106605529785156,-5.704811096191406,-0.9929733276367188,-2.5911788940429688
ev_003938,29.03673553466797,4.776750564575195,86.7417221069336,29.03673553466797,4.776750564575195,86.7417221069336,0.0,0.0,0.0,0.0
ev_003939,3.595905303955078,10.314018249511719,1.546019196510315,8.686698913574219,4.655821800231934,1.546019196510315,-5.090793609619141,5.658196449279785,0.0,0.5674028396606445
ev_003940,10.856738090515137,1.5938940048217773,29.497303009033203,10.856738090515137,1.5938940048217773,29.497303009033203,0.0,0.0,0.0,0.0
ev_003941,0.8567827939987183,2.656332015991211,12.129734992980957,0.8567827939987183,2.656332015991211,12.129734992980957,0.0,0.0,0.0,0.0
ev_003942,0.16868893802165985,0.44114500284194946,2.147221803665161,0.16868893802165985,0.44114500284194946,2.147221803665161,0.0,0.0,0.0,0.0
ev_003943,2.2145259380340576,3.645374059677124,12.771185874938965,13.10792064666748,9.35018539428711,13.764158248901367,-10.893394470214844,-5.704811096191406,-0.9929723739624023,-17.5911808013916
ev_003944,3.845681667327881,1.534043312072754,33.811248779296875,3.3415918350219727,1.0115554332733154,20.893224716186523,0.5040898323059082,0.5224878787994385,12.918024063110352,13.944602966308594
ev_003945,9.583755493164062,4.012617111206055,28.792551040649414,3.9183003902435303,0.792429506778717,21.189218521118164,5.665454864501953,3.2201876640319824,7.60333251953125,16.488975524902344
ev_003946,0.6240379214286804,0.38561832904815674,21.60652732849121,0.6240379214286804,0.38561832904815674,21.60652732849121,0.0,0.0,0.0,0.0
ev_003947,1.4577984809875488,0.7538978457450867,9.905557632446289,1.4577984809875488,0.7538978457450867,9.905557632446289,0.0,0.0,0.0,0.0
ev_003948,2.774414539337158,8.744363784790039,10.714313507080078,2.774414539337158,8.744363784790039,10.714313507080078,0.0,0.0,0.0,0.0
ev_003949,6.022040367126465,2.8499503135681152,42.03074645996094,6.510923385620117,1.0822713375091553,29.035930633544922,-0.48888301849365234,1.76767897605896,12.994815826416016,14.273609161376953
ev_003950,6.644636631011963,4.152767658233643,9.298206329345703,6.644636631011963,4.152767658233643,9.298206329345703,0.0,0.0,0.0,0.0
ev_003951,5.840580940246582,0.4891633093357086,31.21398162841797,7.33852481842041,3.709351062774658,18.628232955932617,-1.4979438781738281,-3.2201876640319824,12.585748672485352,7.86761474609375
ev_003952,3.0513148307800293,6.541325092315674,10.777548789978027,2.9109156131744385,6.174365043640137,8.441818237304688,0.14039921760559082,0.3669600486755371,2.33573055267334,2.843090057373047
ev_003953,2.841294527053833,4.202455997467041,23.4265079498291,1.3420323133468628,0.9678540229797363,8.426507949829102,1.4992622137069702,3.2346019744873047,15.0,19.733863830566406
ev_003954,0.7976096868515015,0.08096618205308914,25.187767028808594,0.7976096868515015,0.08096618205308914,25.187767028808594,0.0,0.0,0.0,0.0
ev_003955,1.6726138591766357,4.361886024475098,15.504059791564941,2.7557265758514404,4.361886024475098,0.5040594935417175,-1.0831127166748047,0.0,15.0,13.916887283325195
ev_003956,2.900146722793579,0.8449209928512573,92.24337005615234,2.900146722793579,0.8449209928512573,92.24337005615234,0.0,0.0,0.0,0.0
ev_003957,3.0720877647399902,2.9763057231903076,6.11428165435791,2.7086997032165527,2.9763057231903076,2.450672149658203,0.3633880615234375,0.0,3.663609504699707,4.0269975662231445
ev_003958,8.015036582946777,0.42067751288414,16.109907150268555,8.015036582946777,0.42067751288414,16.109907150268555,0.0,0.0,0.0,0.0
ev_003959,16.935686111450195,6.821115493774414,3.4247210025787354,3.8327927589416504,0.9401284456253052,2.429170608520508,13.102893829345703,5.880987167358398,0.9955503940582275,19.97943115234375
ev_003960,6.986100673675537,3.607296943664551,15.20761775970459,7.126499652862549,0.49747851490974426,30.207616806030273,-0.14039897918701172,3.109818458557129,-14.999999046325684,-12.030582427978516
ev_003961,1.6540292501449585,0.292171448469162,5.172201156616211,10.885549545288086,0.292171448469162,17.19676971435547,-9.231520652770996,0.0,-12.024568557739258,-21.256088256835938
ev_003962,0.9990332126617432,3.307420492172241,2.0825772285461426,0.9990332126617432,3.307420492172241,2.0825772285461426,0.0,0.0,0.0,0.0
ev_003963,21.81926727294922,5.489020347595215,14.388931274414062,21.81926727294922,5.489020347595215,14.388931274414062,0.0,0.0,0.0,0.0
ev_003964,3.61650013923645,7.49677038192749,8.882220268249512,3.61650013923645,7.49677038192749,8.882220268249512,0.0,0.0,0.0,0.0
ev_003965,0.09898603707551956,1.4938222169876099,4.746677875518799,0.09898603707551956,1.4938222169876099,4.746677875518799,0.0,0.0,0.0,0.0
ev_003966,2.643549680709839,3.783400774002075,20.875181198120117,4.141493320465088,0.5632129311561584,13.271848678588867,-1.497943639755249,3.2201879024505615,7.60333251953125,9.325576782226562
ev_003967,4.437068462371826,0.19749298691749573,14.990574836730957,4.437068462371826,0.19749298691749573,14.990574836730957,0.0,0.0,0.0,0.0
ev_003968,4.659520626068115,0.4472130835056305,7.175492286682129,9.205906867980957,3.352383852005005,13.28103256225586,-4.546386241912842,-2.9051706790924072,-6.1055402755737305,-13.557096481323242
ev_003969,2.318186044692993,1.8389110565185547,11.89372444152832,0.8202423453330994,0.6628615260124207,4.290391445159912,1.497943639755249,1.1760494709014893,7.603332996368408,10.277326583862305
ev_003970,2.381162405014038,7.566040515899658,1.127345323562622,1.8922793865203857,3.6338188648223877,5.6341071128845215,0.48888301849365234,3.9322216510772705,-4.50676155090332,-0.08565807342529297
ev_003971,1.130020260810852,7.547591209411621,13.017723083496094,0.7666323184967041,9.072563171386719,5.833373546600342,0.36338794231414795,-1.5249719619750977,7.184349536895752,6.02276611328125
ev_003972,3.084218978881836,2.447791337966919,15.719819068908691,3.084218978881836,2.447791337966919,15.719819068908691,0.0,0.0,0.0,0.0
ev_003973,0.2938258945941925,1.0850290060043335,0.6389035582542419,0.2938258945941925,1.0850290060043335,0.6389035582542419,0.0,0.0,0.0,0.0
ev_003974,4.771886348724365,2.403128147125244,32.03950500488281,3.9044086933135986,0.3556678295135498,22.716533660888672,0.8674776554107666,2.0474603176116943,9.32297134399414,12.237909317016602
ev_003975,10.15718936920166,2.276808023452759,12.83344841003418,10.15718936920166,2.276808023452759,12.83344841003418,0.0,0.0,0.0,0.0
ev_003976,2.684305429458618,0.830184280872345,18.30674934387207,2.684305429458618,0.830184280872345,18.30674934387207,0.0,0.0,0.0,0.0
ev_003977,7.907111644744873,4.486571311950684,8.365809440612793,7.907111644744873,4.486571311950684,8.365809440612793,0.0,0.0,0.0,0.0
ev_003978,1.2706453800201416,4.859560489654541,23.207048416137695,2.958679437637329,0.8350153565406799,27.738698959350586,-1.6880340576171875,4.024545192718506,-4.531650543212891,-2.195140838623047
ev_003979,2.6015169620513916,1.0155469179153442,0.20292328298091888,2.4760220050811768,1.0155469179153442,2.8949196338653564,0.12549495697021484,0.0,-2.6919963359832764,-2.5665016174316406
ev_003980,2.317366600036621,4.6155548095703125,4.353360652923584,2.317366600036621,4.6155548095703125,4.353360652923584,0.0,0.0,0.0,0.0
ev_003981,8.568475723266602,5.466165065765381,10.2581787109375,2.8700766563415527,2.9756364822387695,16.27021598815918,5.698399066925049,2.4905285835266113,-6.01203727722168,2.176891326904297
ev_003982,13.874564170837402,1.789143681526184,14.707584381103516,1.125435709953308,1.789143681526184,14.707584381103516,12.749128341674805,0.0,0.0,12.749128341674805
ev_003983,4.969845771789551,8.514508247375488,18.13507843017578,4.969845771789551,8.514508247375488,18.13507843017578,0.0,0.0,0.0,0.0
ev_003984,16.988819122314453,0.18990172445774078,0.9083726406097412,16.988819122314453,0.18990172445774078,0.9083726406097412,0.0,0.0,0.0,0.0
ev_003985,31.217891693115234,5.80167818069458,2.551297187805176,31.217891693115234,5.80167818069458,2.551297187805176,0.0,0.0,0.0,0.0
ev_003986,2.765584945678711,0.5015788674354553,6.21641731262207,5.073615074157715,15.501579284667969,1.6847673654556274,-2.308030128479004,-15.0,4.531650066375732,-12.77638053894043
ev_003987,2.83984637260437,2.376122236251831,5.7973737716674805,2.335756540298462,2.376122236251831,9.20262622833252,0.5040898323059082,0.0,-3.405252456665039,-2.901163101196289
ev_003988,0.23434801399707794,1.317499041557312,7.432987689971924,0.5977360010147095,2.8424715995788574,3.7693779468536377,-0.3633880019187927,-1.5249725580215454,3.663609743118286,1.7752494812011719
ev_003989,1.0105632543563843,0.05380938574671745,8.79951000213623,1.0105632543563843,0.05380938574671745,8.79951000213623,0.0,0.0,0.0,0.0
ev_003990,1.5532121658325195,1.986506700515747,5.720457553863525,2.4206900596618652,1.8818973302841187,13.089717864990234,-0.8674778938293457,0.10460937023162842,-7.369260311126709,-8.132128715515137
ev_003991,14.612080574035645,0.0015706901904195547,46.02975082397461,0.8920094966888428,0.5240585207939148,27.36751365661621,13.720070838928223,-0.5224878191947937,18.6622371673584,31.859821319580078
ev_003992,3.4995477199554443,6.3027753829956055,12.290003776550293,1.3074239492416382,7.423681259155273,1.1586412191390991,2.1921238899230957,-1.120905876159668,11.131362915039062,12.202581405639648
ev_003993,2.103041648864746,5.314952850341797,6.322371006011963,2.103041648864746,5.314952850341797,6.322371006011963,0.0,0.0,0.0,0.0
ev_003994,1.1867254972457886,1.230770468711853,1.456236481666565,1.1867254972457886,1.230770468711853,1.456236481666565,0.0,0.0,0.0,0.0
ev_003995,3.826733112335205,3.6960222721099854,0.3143053650856018,4.330822944641113,3.1778481006622314,3.652825355529785,-0.5040898323059082,0.5181741714477539,-3.338520050048828,-3.324435234069824
ev_003996,6.053954601287842,0.6458134055137634,27.997154235839844,6.053954601287842,0.6458134055137634,27.997154235839844,0.0,0.0,0.0,0.0
ev_003997,8.788844108581543,10.687823295593262,19.604896545410156,8.773940086364746,5.1707563400268555,14.1713228225708,0.014904022216796875,5.517066955566406,5.4335737228393555,10.965545654296875
ev_003998,2.0480141639709473,0.42537951469421387,5.914583206176758,2.0480141639709473,0.42537951469421387,5.914583206176758,0.0,0.0,0.0,0.0
ev_003999,8.7299165725708,1.959324836730957,0.9963715672492981,6.270083427429199,1.9877099990844727,0.7035509347915649,2.4598331451416016,-0.028385162353515625,0.29282063245773315,2.7242679595947266
ev_004000,36.56729507446289,3.819242477416992,42.16655731201172,5.599254131317139,0.021723292768001556,14.957670211791992,30.968040466308594,3.7975192070007324,27.208887100219727,61.97444534301758
ev_004001,1.5212740898132324,5.079843521118164,26.745513916015625,1.8846665620803833,1.4853371381759644,11.745513916015625,-0.3633924722671509,3.59450626373291,15.0,18.23111343383789
ev_004002,4.4368367195129395,6.540464401245117,14.15363883972168,3.5842628479003906,0.8950076103210449,32.9580192565918,0.8525738716125488,5.645456790924072,-18.804380416870117,-12.306350708007812
ev_004003,1.9895609617233276,3.580096960067749,13.994735717773438,2.857038736343384,5.627557277679443,5.731921672821045,-0.8674777746200562,-2.0474603176116943,8.262813568115234,5.347875595092773
ev_004004,5.8166913986206055,5.368018627166748,3.515665054321289,6.180079460144043,3.843046188354492,7.179274559020996,-0.3633880615234375,1.5249724388122559,-3.663609504699707,-2.502025604248047
ev_004005,4.441730976104736,10.489144325256348,113.94476318359375,4.441730976104736,10.489144325256348,113.94476318359375,0.0,0.0,0.0,0.0
ev_004006,5.006781101226807,2.898883104324341,24.962682723999023,6.0898942947387695,2.898883104324341,9.962682723999023,-1.083113193511963,0.0,15.0,13.916887283325195
ev_004007,4.943370819091797,6.979460716247559,4.588417053222656,5.306758880615234,8.504433631896973,17.06183433532715,-0.3633880615234375,-1.524972915649414,-12.473417282104492,-14.361778259277344
ev_004008,41.804344177246094,2.4692282676696777,46.82813262939453,11.804342269897461,2.4692282676696777,16.82813262939453,30.000001907348633,0.0,30.0,59.999996185302734
ev_004009,5.163904666900635,1.3393089771270752,2.1841485500335693,5.163904666900635,1.3393089771270752,2.1841485500335693,0.0,0.0,0.0,0.0
ev_004010,3.7241358757019043,0.2551380693912506,1.4901154041290283,4.249300956726074,9.90053653717041,13.62509822845459,-0.5251650810241699,-9.645398139953613,-12.13498306274414,-22.3055477142334
ev_004011,0.3986442983150482,8.076638221740723,5.795468807220459,0.38374024629592896,2.5595712661743164,11.229042053222656,0.014904052019119263,5.517066955566406,-5.433573246002197,0.09839820861816406
ev_004012,5.760481357574463,1.5331878662109375,23.55049705505371,5.08882474899292,4.694110870361328,8.550498008728027,0.671656608581543,-3.1609230041503906,14.999999046325684,12.510730743408203
ev_004013,0.9685935378074646,0.022105110809206963,3.1091976165771484,0.9685935378074646,0.022105110809206963,3.1091976165771484,0.0,0.0,0.0,0.0
ev_004014,7.985517501831055,4.609704971313477,38.27614212036133,8.928231239318848,1.4998865127563477,8.276141166687012,-0.942713737487793,3.109818458557129,30.0,32.16710662841797
ev_004015,8.618459701538086,6.40660285949707,2.5805673599243164,8.618459701538086,6.40660285949707,2.5805673599243164,0.0,0.0,0.0,0.0
ev_004016,11.559959411621094,0.1306634247303009,23.618988037109375,12.552931785583496,4.5853729248046875,22.626014709472656,-0.9929723739624023,-4.454709529876709,0.9929733276367188,-4.454708099365234
ev_004017,7.550047397613525,0.3772156834602356,15.433256149291992,7.550047397613525,0.3772156834602356,15.433256149291992,0.0,0.0,0.0,0.0
ev_004018,5.319433689117432,5.704158782958984,8.576034545898438,5.319433689117432,5.704158782958984,8.576034545898438,0.0,0.0,0.0,0.0
ev_004019,4.324204444885254,7.648858547210693,4.968274116516113,1.0694643259048462,12.07568359375,5.150046348571777,3.2547402381896973,-4.426825046539307,-0.18177223205566406,-1.3538570404052734
ev_004020,7.2769670486450195,1.7695192098617554,19.817354202270508,9.268872261047363,5.615338325500488,18.424772262573242,-1.9919052124023438,-3.8458189964294434,1.3925819396972656,-4.44514274597168
ev_004021,17.659204483032227,4.892106533050537,34.51560974121094,18.511777877807617,2.6724209785461426,18.52263641357422,-0.8525733947753906,2.2196855545043945,15.992973327636719,17.360088348388672
ev_004022,3.078892230987549,0.7189440131187439,24.851301193237305,7.258519172668457,11.900338172912598,19.877891540527344,-4.179626941680908,-11.181394577026367,4.973409652709961,-10.387613296508789
ev_004023,3.121555805206299,7.999599456787109,1.400105595588684,3.121555805206299,7.999599456787109,1.400105595588684,0.0,0.0,0.0,0.0
ev_004024,0.42390602827072144,4.841151237487793,16.145544052124023,0.42390602827072144,4.841151237487793,16.145544052124023,0.0,0.0,0.0,0.0
ev_004025,7.9409003257751465,1.6243045330047607,7.936074256896973,7.9409003257751465,1.6243045330047607,7.936074256896973,0.0,0.0,0.0,0.0
ev_004026,0.5692323446273804,7.572521209716797,14.807145118713379,10.740699768066406,2.999415874481201,13.705031394958496,-10.171467781066895,4.573105335235596,1.1021137237548828,-4.496250152587891
ev_004027,9.929300308227539,3.2283425331115723,3.6260807514190674,9.929300308227539,3.2283425331115723,3.6260807514190674,0.0,0.0,0.0,0.0
ev_004028,13.918166160583496,10.694807052612305,9.77849006652832,13.918166160583496,10.694807052612305,9.77849006652832,0.0,0.0,0.0,0.0
ev_004029,3.918800115585327,5.401686191558838,3.65999698638916,1.257733702659607,1.9122549295425415,3.354983329772949,2.6610665321350098,3.489431381225586,0.30501365661621094,6.455511093139648
ev_004030,7.451610088348389,4.163256645202637,22.48590087890625,7.451610088348389,4.163256645202637,22.48590087890625,0.0,0.0,0.0,0.0
ev_004031,6.6551055908203125,1.545958161354065,26.949047088623047,4.462981700897217,2.6668641567230225,20.44782829284668,2.1921238899230957,-1.1209059953689575,6.501218795776367,7.572437286376953
ev_004032,0.8892112374305725,3.7106385231018066,14.844608306884766,0.3154042363166809,0.13032720983028412,0.15539199113845825,0.5738070011138916,3.5803112983703613,14.689216613769531,18.843334197998047
ev_004033,1.6397058963775635,1.1615827083587646,9.921053886413574,1.6397058963775635,1.1615827083587646,9.921053886413574,0.0,0.0,0.0,0.0
ev_004034,0.6640268564224243,2.5447332859039307,10.986434936523438,11.973958969116211,2.5525803565979004,9.884321212768555,-11.309931755065918,-0.007847070693969727,1.1021137237548828,-10.215664863586426
ev_004035,5.577827453613281,2.814910411834717,17.48651123046875,5.577827453613281,2.814910411834717,17.48651123046875,0.0,0.0,0.0,0.0
ev_004036,3.277007579803467,1.9867916107177734,20.783554077148438,3.277007579803467,4.2156758308410645,20.783554077148438,0.0,-2.228884220123291,0.0,-2.228883743286133
ev_004037,1.137751579284668,2.673682689666748,1.323222279548645,4.771111488342285,2.673682689666748,7.428762912750244,-3.633359909057617,0.0,-6.105540752410889,-9.738901138305664
ev_004038,1.7052303552627563,6.535587310791016,26.548425674438477,1.7052303552627563,6.535587310791016,26.548425674438477,0.0,0.0,0.0,0.0
ev_004039,10.102849006652832,3.9740703105926514,36.268455505371094,12.038535118103027,1.7559549808502197,5.27548360824585,-1.9356861114501953,2.2181153297424316,30.992971420288086,31.275402069091797
ev_004040,3.8216605186462402,3.067768096923828,7.361595153808594,4.674234390258789,1.9513590335845947,6.514163970947266,-0.8525738716125488,1.1164090633392334,0.8474311828613281,1.11126708984375
ev_004041,4.141295433044434,0.15224379301071167,5.31395149230957,4.141295433044434,0.15224379301071167,5.31395149230957,0.0,0.0,0.0,0.0
ev_004042,8.811369895935059,0.40363961458206177,27.11258888244629,4.704763889312744,1.7423298358917236,10.299375534057617,4.1066060066223145,-1.3386902809143066,16.813213348388672,19.58112907409668
ev_004043,5.53034782409668,5.95503044128418,16.152891159057617,6.034437656402588,6.477518081665039,12.185760498046875,-0.5040898323059082,-0.5224876403808594,3.967130661010742,2.940553665161133
ev_004044,2.277409315109253,4.721578121185303,20.963661193847656,5.712357997894287,5.244065761566162,4.970688819885254,-3.434948682785034,-0.5224876403808594,15.992972373962402,12.03553581237793
ev_004045,5.236421585083008,2.2973828315734863,2.885251998901367,5.110926628112793,2.2973828315734863,5.983094692230225,0.12549495697021484,0.0,-3.0978426933288574,-2.972348213195801
ev_004046,82.53347778320312,6.235760688781738,9.302120208740234,82.53347778320312,6.235760688781738,9.302120208740234,0.0,0.0,0.0,0.0
ev_004047,3.455592155456543,6.44676399230957,26.57819366455078,3.455592155456543,6.44676399230957,26.57819366455078,0.0,0.0,0.0,0.0
ev_004048,12.693519592285156,0.9140076637268066,20.138519287109375,13.11005687713623,5.86810302734375,5.138518810272217,-0.4165372848510742,-4.954095363616943,15.0,9.62936782836914
ev_004049,12.908225059509277,3.4156699180603027,15.524492263793945,2.0917744636535645,0.4252956807613373,0.5244923830032349,10.816450119018555,2.9903743267059326,15.0,28.80682373046875
ev_004050,5.054688930511475,1.4533559083938599,0.5926243662834167,5.054688930511475,1.4533559083938599,0.5926243662834167,0.0,0.0,0.0,0.0
ev_004051,2.658306360244751,8.033578872680664,1.6030243635177612,2.1694233417510986,6.35485315322876,5.158428192138672,0.48888301849365234,1.6787257194519043,-3.555403709411621,-1.3877954483032227
ev_004052,4.0919718742370605,5.489749431610107,31.90113067626953,0.4019043445587158,1.148655891418457,28.0181827545166,3.6900675296783447,4.34109354019165,3.8829479217529297,11.91411018371582
ev_004053,4.214070796966553,0.47627750039100647,0.712676465511322,1.5544086694717407,2.5825464725494385,4.719776630401611,2.6596622467041016,-2.106268882751465,-4.0071001052856445,-3.453706741333008
ev_004054,4.299157619476318,0.5838423371315002,0.7796570658683777,5.7971014976501465,0.5838423371315002,12.461746215820312,-1.4979438781738281,0.0,-11.682088851928711,-13.180032730102539
ev_004055,19.60445213317871,14.912042617797852,3.9151976108551025,4.7111358642578125,0.0879572182893753,3.9151976108551025,14.893316268920898,14.824085235595703,0.0,29.717403411865234
ev_004056,4.326400279998779,0.04027361422777176,2.437709331512451,4.326400279998779,0.04027361422777176,2.437709331512451,0.0,0.0,0.0,0.0
ev_004057,38.52460861206055,8.381508827209473,125.26669311523438,52.53163528442383,2.1637816429138184,2.0913429260253906,-14.007026672363281,6.217727184295654,123.17535400390625,115.38604736328125
ev_004058,82.69345092773438,7.561420440673828,41.363563537597656,82.69345092773438,7.561420440673828,41.363563537597656,0.0,0.0,0.0,0.0
ev_004059,2.3781723976135254,3.7593443393707275,7.233784198760986,2.3781723976135254,3.7593443393707275,7.233784198760986,0.0,0.0,0.0,0.0
ev_004060,42.615299224853516,0.6747912168502808,54.034942626953125,1.8950880765914917,0.6747912168502808,0.8336982727050781,40.720211029052734,0.0,53.20124435424805,93.92144775390625
ev_004061,2.393585443496704,0.12618602812290192,8.398653984069824,2.0301973819732666,0.12618602812290192,14.232086181640625,0.3633880615234375,0.0,-5.833432197570801,-5.470044136047363
ev_004062,1.251526951789856,0.2411443591117859,0.19495895504951477,1.251526951789856,0.2411443591117859,0.19495895504951477,0.0,0.0,0.0,0.0
ev_004063,3.310920476913452,5.943312168121338,10.415802955627441,3.310920476913452,5.943312168121338,10.415802955627441,0.0,0.0,0.0,0.0
ev_004064,14.85149097442627,2.625298500061035,8.47480297088623,0.14850887656211853,2.625298500061035,8.47480297088623,14.702981948852539,0.0,0.0,14.702980995178223
ev_004065,2.924344301223755,10.47780704498291,3.634800910949707,2.924344301223755,10.47780704498291,3.634800910949707,0.0,0.0,0.0,0.0
ev_004066,12.444981575012207,1.0909912586212158,23.21852684020996,12.444981575012207,1.0909912586212158,23.21852684020996,0.0,0.0,0.0,0.0
ev_004067,4.129009246826172,8.063349723815918,0.21551121771335602,3.1360366344451904,2.481940507888794,149.51976013183594,0.9929726123809814,5.581409454345703,-149.3042449951172,-142.72987365722656
ev_004068,8.52773380279541,1.7238595485687256,12.978271484375,8.9442720413208,3.2302358150482178,2.5962114334106445,-0.4165382385253906,-1.5063762664794922,10.382060050964355,8.459146499633789
ev_004069,0.22045716643333435,11.173481941223145,1.1270906925201416,0.22045716643333435,11.173481941223145,1.1270906925201416,0.0,0.0,0.0,0.0
ev_004070,1.6102567911148071,4.354010105133057,22.948198318481445,0.11231297999620438,1.1338220834732056,15.344865798950195,1.4979437589645386,3.2201881408691406,7.60333251953125,12.321462631225586
ev_004071,3.2920212745666504,1.2670801877975464,26.006446838378906,0.39804622530937195,3.0740134716033936,15.113051414489746,2.893975019454956,-1.8069332838058472,10.89339542388916,11.980436325073242
ev_004072,0.1650986224412918,0.33873552083969116,14.75772762298584,11.058493614196777,6.043546676635742,15.750700950622559,-10.89339542388916,-5.704811096191406,-0.9929733276367188,-17.59117889404297
ev_004073,1.633731722831726,9.637642860412598,11.44629192352295,2.460576057434082,11.685103416442871,3.815551519393921,-0.826844334602356,-2.0474605560302734,7.630740165710449,4.756435394287109
ev_004074,67.44120025634766,5.636033535003662,79.69757080078125,7.558803081512451,0.44920387864112854,47.76188278198242,59.88239669799805,5.186829566955566,31.935688018798828,97.00492095947266
ev_004075,2.9318528175354004,7.7096333503723145,13.863306045532227,3.072251796722412,4.5998148918151855,16.19903564453125,-0.14039897918701172,3.109818458557129,-2.3357295989990234,0.6336898803710938
ev_004076,11.325963973999023,9.484983444213867,4.43180513381958,8.721334457397461,15.712282180786133,10.568195343017578,2.6046295166015625,-6.227298736572266,-6.136390209197998,-9.75905990600586
ev_004077,5.988955020904541,5.53220796585083,25.861268997192383,5.825067520141602,5.3977179527282715,13.726285934448242,0.16388750076293945,0.1344900131225586,12.13498306274414,12.433359146118164
ev_004078,15.035048484802246,6.071747303009033,12.296549797058105,0.0350489467382431,2.2307817935943604,2.7034499645233154,15.0,3.840965509414673,9.593099594116211,28.434066772460938
ev_004079,7.539889335632324,6.654602527618408,15.826889038085938,7.539889335632324,6.654602527618408,15.826889038085938,0.0,0.0,0.0,0.0
ev_004080,2.6943037509918213,1.6704137325286865,18.616424560546875,2.8197989463806152,1.6704137325286865,21.71426773071289,-0.12549519538879395,0.0,-3.0978431701660156,-3.223337173461914
ev_004081,5.654766082763672,3.6304261684417725,26.390653610229492,5.654766082763672,3.6304261684417725,26.390653610229492,0.0,0.0,0.0,0.0
ev_004082,4.636780738830566,1.7600382566452026,12.7217378616333,4.636780738830566,1.7600382566452026,12.7217378616333,0.0,0.0,0.0,0.0
ev_004083,9.637274742126465,8.235836029052734,18.51997947692871,10.1261568069458,4.536250591278076,11.758527755737305,-0.48888206481933594,3.699585437774658,6.761451721191406,9.97215461730957
ev_004084,3.0009965896606445,1.7742247581481934,0.3511543273925781,9.806879997253418,8.979642868041992,15.351154327392578,-6.805883407592773,-7.205418109893799,-15.0,-29.011301040649414
ev_004085,9.158949851989746,3.67834210395813,34.0418701171875,5.841050148010254,3.67834210395813,34.0418701171875,3.317899703979492,0.0,0.0,3.3178977966308594
ev_004086,8.774967193603516,0.014876365661621094,29.146947860717773,8.774967193603516,0.014876365661621094,29.146947860717773,0.0,0.0,0.0,0.0
ev_004087,1.266318678855896,4.22728157043457,2.7047345638275146,7.667241096496582,0.29505982995033264,9.4661865234375,-6.4009222984313965,3.9322216510772705,-6.761451721191406,-9.23015308380127
ev_004088,1.188722014427185,2.847442626953125,23.877105712890625,6.45311164855957,2.847442626953125,19.77050018310547,-5.264389514923096,0.0,4.106605529785156,-1.1577835083007812
ev_004089,4.006317138671875,1.0961930751800537,77.8648910522461,4.006317138671875,1.0961930751800537,77.8648910522461,0.0,0.0,0.0,0.0
ev_004090,6.631387233734131,1.0807445049285889,16.36089515686035,6.631387233734131,1.0807445049285889,16.36089515686035,0.0,0.0,0.0,0.0
ev_004091,8.645848274230957,1.3596464395523071,8.69820499420166,8.645848274230957,1.3596464395523071,8.69820499420166,0.0,0.0,0.0,0.0
ev_004092,16.708093643188477,1.6088272333145142,20.73251724243164,0.07265684753656387,5.449792861938477,5.732516765594482,16.63543701171875,-3.840965747833252,15.0,27.794471740722656
ev_004093,7.53813362121582,3.0675201416015625,9.420268058776855,7.523229598999023,1.3698476552963257,3.986694812774658,0.014904022216796875,1.6976724863052368,5.433573246002197,7.146148681640625
ev_004094,2.108689308166504,2.641958713531494,9.986220359802246,2.2490882873535156,0.46785968542099,18.47528648376465,-0.14039897918701172,2.1740989685058594,-8.489066123962402,-6.455366134643555
ev_004095,7.8555402755737305,0.03951111063361168,2.067237138748169,7.8555402755737305,0.03951111063361168,2.067237138748169,0.0,0.0,0.0,0.0
ev_004096,3.138363838195801,3.5980911254882812,1.812193512916565,5.474093914031982,0.4882727265357971,1.812193512916565,-2.3357300758361816,3.109818458557129,0.0,0.7740888595581055
ev_004097,7.48971700668335,3.6547789573669434,33.42123794555664,7.34931755065918,0.5449605584144592,20.1574764251709,0.14039945602416992,3.109818458557129,13.263761520385742,16.513980865478516
ev_004098,7.946172714233398,2.6304357051849365,5.082079887390137,7.946172714233398,2.6304357051849365,5.082079887390137,0.0,0.0,0.0,0.0
ev_004099,5.35408353805542,8.695924758911133,30.84740447998047,5.35408353805542,8.695924758911133,30.84740447998047,0.0,0.0,0.0,0.0
ev_004100,4.365947723388672,1.1337236166000366,7.11735200881958,5.16946268081665,0.01281759887933731,0.6161325573921204,-0.8035149574279785,1.1209059953689575,6.501219272613525,6.818610668182373
ev_004101,3.602004289627075,2.065549373626709,24.559402465820312,3.602004289627075,2.065549373626709,24.559402465820312,0.0,0.0,0.0,0.0
ev_004102,2.538996934890747,1.5103514194488525,0.2211085557937622,2.3985979557037354,0.491870641708374,2.114621877670288,0.14039897918701172,1.0184807777404785,-1.8935133218765259,-0.7346339225769043
ev_004103,0.9671781659126282,0.15807732939720154,7.670736312866211,0.9671781659126282,0.15807732939720154,7.670736312866211,0.0,0.0,0.0,0.0
ev_004104,2.37939715385437,7.203855514526367,24.626310348510742,14.193419456481934,3.977538585662842,36.76129150390625,-11.814022064208984,3.2263169288635254,-12.134981155395508,-20.722686767578125
ev_004105,7.8426923751831055,6.325465679168701,22.71002960205078,6.304733753204346,1.11000657081604,46.89830780029297,1.5379586219787598,5.215458869934082,-24.188278198242188,-17.434860229492188
ev_004106,4.667675971984863,7.040284156799316,1.9792770147323608,4.667675971984863,7.040284156799316,1.9792770147323608,0.0,0.0,0.0,0.0
ev_004107,0.25579777359962463,1.0585724115371704,10.254332542419434,0.25579777359962463,1.0585724115371704,10.254332542419434,0.0,0.0,0.0,0.0
ev_004108,1.070041537284851,5.680266857147217,9.623613357543945,1.070041537284851,5.680266857147217,9.623613357543945,0.0,0.0,0.0,0.0
ev_004109,7.000065326690674,5.794190406799316,27.973114013671875,4.958017826080322,5.794190406799316,12.973114013671875,2.0420475006103516,0.0,15.0,17.042049407958984
ev_004110,0.5854418873786926,1.8099040985107422,9.180964469909668,2.9211721420288086,4.246160984039307,9.180964469909668,-2.3357303142547607,-2.4362568855285645,0.0,-4.771986961364746
ev_004111,2.8680174350738525,9.169638633728027,9.489468574523926,2.8680174350738525,9.169638633728027,9.489468574523926,0.0,0.0,0.0,0.0
ev_004112,3.275646686553955,8.621997833251953,1.1659801006317139,3.275646686553955,8.621997833251953,1.1659801006317139,0.0,0.0,0.0,0.0
ev_004113,0.5047146677970886,6.867746829986572,12.453661918640137,0.5047146677970886,6.867746829986572,12.453661918640137,0.0,0.0,0.0,0.0
ev_004114,3.8563318252563477,0.32651862502098083,5.789144039154053,3.8563318252563477,0.32651862502098083,5.789144039154053,0.0,0.0,0.0,0.0
ev_004115,2.249932050704956,2.2001073360443115,34.96979904174805,10.86734676361084,2.2001073360443115,19.969797134399414,-8.617414474487305,0.0,15.000001907348633,6.382587432861328
ev_004116,11.776884078979492,0.1183139830827713,19.876787185668945,6.264351844787598,4.327442169189453,15.447965621948242,5.5125322341918945,-4.209128379821777,4.428821563720703,5.7322235107421875
ev_004117,1.8509910106658936,2.9579758644104004,14.31169319152832,0.353047251701355,6.178163528442383,21.91502571105957,1.4979437589645386,-3.2201876640319824,-7.60333251953125,-9.325576782226562
ev_004118,6.0073676109313965,1.3426276445388794,14.349742889404297,9.208294868469238,2.498337984085083,86.31340026855469,-3.200927257537842,-1.1557103395462036,-71.96365356445312,-76.32029724121094
ev_004119,1.0455656051635742,0.5479782819747925,25.528425216674805,0.905166506767273,3.657796621322632,11.658039093017578,0.14039909839630127,-3.109818458557129,13.870386123657227,10.90096664428711
ev_004120,2.5971148014068604,1.7813884019851685,8.331122398376465,6.287182331085205,2.5597052574157715,6.428949356079102,-3.6900675296783447,-0.778316855430603,1.9021730422973633,-2.566211700439453
ev_004121,3.029848098754883,2.993131637573242,22.673656463623047,70.97718048095703,1.225538969039917,11.945073127746582,-67.94733428955078,1.7675926685333252,10.728583335876465,-55.4511604309082
ev_004122,4.85531759262085,5.270746231079102,21.956645965576172,4.85531759262085,5.270746231079102,21.956645965576172,0.0,0.0,0.0,0.0
ev_004123,9.400566101074219,6.014571666717529,35.883914947509766,5.599433422088623,6.014571666717529,18.077726364135742,3.8011326789855957,0.0,17.806188583374023,21.607322692871094
ev_004124,0.5530844330787659,4.4347310066223145,5.57680082321167,0.5530844330787659,4.4347310066223145,5.57680082321167,0.0,0.0,0.0,0.0
ev_004125,14.119709968566895,0.8122538924217224,20.4002628326416,4.986895561218262,7.215534687042236,14.631783485412598,9.132814407348633,-6.403280735015869,5.768479347229004,8.49801254272461
ev_004126,1.148087739944458,3.8735225200653076,18.299449920654297,1.148087739944458,3.8735225200653076,18.299449920654297,0.0,0.0,0.0,0.0
ev_004127,57.94593048095703,15.040138244628906,28.175323486328125,5.33834171295166,2.0875980854034424,20.54458236694336,52.60758972167969,12.952540397644043,7.630741119384766,73.19087219238281
ev_004128,1.06724214553833,9.503084182739258,19.564279556274414,1.1248815059661865,0.9735583066940308,11.065499305725098,-0.057639360427856445,8.529525756835938,8.498780250549316,16.970666885375977
ev_004129,1.7073841094970703,0.2692736089229584,12.297405242919922,1.7073841094970703,0.2692736089229584,12.297405242919922,0.0,0.0,0.0,0.0
ev_004130,3.0162086486816406,8.887866020202637,26.025983810424805,3.0162086486816406,8.887866020202637,26.025983810424805,0.0,0.0,0.0,0.0
ev_004131,7.2625226974487305,0.7922679781913757,22.212997436523438,9.454647064208984,0.3286379873752594,15.711777687072754,-2.192124366760254,0.46362999081611633,6.501219749450684,4.772724151611328
ev_004132,5.188952922821045,5.518219947814941,19.987234115600586,5.188952922821045,5.518219947814941,19.987234115600586,0.0,0.0,0.0,0.0
ev_004133,9.660552978515625,0.7414342761039734,16.093509674072266,3.1473236083984375,1.371787428855896,24.592288970947266,6.5132293701171875,-0.6303531527519226,-8.498779296875,-2.615903854370117
ev_004134,5.094003677368164,5.293769836425781,8.813132286071777,5.094003677368164,5.293769836425781,8.813132286071777,0.0,0.0,0.0,0.0
ev_004135,0.77085280418396,2.2407009601593018,1.0710619688034058,9.858195304870605,11.181539535522461,9.569842338562012,-9.087342262268066,-8.940838813781738,-8.498780250549316,-26.526962280273438
ev_004136,7.804657459259033,0.8077517747879028,11.356996536254883,3.505275011062622,0.45219945907592773,12.459110260009766,4.299382209777832,0.3555523157119751,-1.1021137237548828,3.5528221130371094
ev_004137,1.3400708436965942,0.47836288809776306,3.6015560626983643,1.3400708436965942,0.47836288809776306,3.6015560626983643,0.0,0.0,0.0,0.0
ev_004138,5.507046699523926,0.27791619300842285,4.912235260009766,5.507046699523926,0.27791619300842285,4.912235260009766,0.0,0.0,0.0,0.0
ev_004139,61.677650451660156,2.1992900371551514,79.50594329833984,76.67765045166016,2.1992900371551514,78.05944061279297,-15.0,0.0,1.446502685546875,-13.553482055664062
ev_004140,4.402538299560547,6.09202241897583,0.10440981388092041,7.88048791885376,1.2190830707550049,11.442346572875977,-3.477949619293213,4.872939109802246,-11.337936401367188,-9.942947387695312
ev_004141,7.313207149505615,3.340095281600952,0.43257296085357666,68.12579345703125,1.6061805486679077,77.02195739746094,-60.81258773803711,1.7339147329330444,-76.58938598632812,-135.66806030273438
ev_004142,11.203930854797363,9.129151344299316,26.403247833251953,9.705986976623535,5.908963203430176,18.79991340637207,1.4979438781738281,3.2201881408691406,7.603334426879883,12.321464538574219
ev_004143,2.7654805183410645,2.2639784812927246,15.103252410888672,2.7654805183410645,2.2639784812927246,15.103252410888672,0.0,0.0,0.0,0.0
ev_004144,8.919622421264648,0.6974083781242371,11.276000022888184,6.144234657287598,4.291914939880371,3.7239997386932373,2.775387763977051,-3.5945065021514893,7.552000045776367,6.732882499694824
ev_004145,1.7511035203933716,0.40123674273490906,8.590059280395508,1.7511035203933716,0.40123674273490906,8.590059280395508,0.0,0.0,0.0,0.0
ev_004146,7.895244121551514,2.36979341506958,3.2933990955352783,5.118369102478027,1.4711723327636719,11.7066011428833,2.7768750190734863,0.8986210823059082,-8.413202285766602,-4.737706184387207
ev_004147,4.791482925415039,2.1250386238098145,26.497575759887695,8.481550216674805,6.466132164001465,20.64368438720703,-3.6900672912597656,-4.34109354019165,5.853891372680664,-2.1772689819335938
ev_004148,5.379444122314453,2.27083420753479,14.82371711730957,6.372416973114014,6.72554349899292,13.830744743347168,-0.9929728507995605,-4.454709053039551,0.9929723739624023,-4.454710006713867
ev_004149,0.013919106684625149,0.0681692436337471,7.213397026062012,0.013919106684625149,0.0681692436337471,7.213397026062012,0.0,0.0,0.0,0.0
ev_004150,5.988973140716553,2.9682796001434326,14.46261978149414,3.796849250793457,4.08918571472168,5.963839054107666,2.1921238899230957,-1.120906114578247,8.498781204223633,9.569997787475586
ev_004151,2.235708713531494,3.371615171432495,7.337761878967285,2.235708713531494,3.371615171432495,7.337761878967285,0.0,0.0,0.0,0.0
ev_004152,3.9066731929779053,4.505448818206787,5.409770488739014,3.417491912841797,0.6644832491874695,9.590229034423828,0.4891812801361084,3.840965509414673,-4.1804585456848145,0.1496877670288086
ev_004153,14.273777961730957,2.4613823890686035,12.168998718261719,9.00938892364502,2.4613823890686035,8.062394142150879,5.2643890380859375,0.0,4.10660457611084,9.370994567871094
ev_004154,2.3515207767486572,0.787352979183197,17.359926223754883,2.3515207767486572,0.787352979183197,17.359926223754883,0.0,0.0,0.0,0.0
ev_004155,9.632818222045898,1.809730052947998,2.8413333892822266,9.996206283569336,1.809730052947998,0.8222759366035461,-0.3633880615234375,0.0,2.019057512283325,1.6556692123413086
ev_004156,9.436626434326172,3.2703142166137695,14.537055969238281,9.436626434326172,3.2703142166137695,14.537055969238281,0.0,0.0,0.0,0.0
ev_004157,8.063162803649902,2.9073188304901123,37.48756790161133,7.440926551818848,3.429806709289551,26.45469856262207,0.6222362518310547,-0.5224878787994385,11.032869338989258,11.132617950439453
ev_004158,3.3803601264953613,1.5595283508300781,25.07948875427246,3.2399611473083496,3.6919519901275635,27.415220260620117,0.14039897918701172,-2.1324236392974854,-2.3357315063476562,-4.327756881713867
ev_004159,5.618113040924072,6.541285514831543,20.112749099731445,5.618113040924072,6.541285514831543,20.112749099731445,0.0,0.0,0.0,0.0
ev_004160,69.28840637207031,5.02032995223999,0.40274718403816223,3.578808546066284,1.1793644428253174,29.91356658935547,65.7095947265625,3.840965509414673,-29.510818481445312,40.03974914550781
ev_004161,48.66411590576172,3.3818957805633545,5.176092147827148,48.66411590576172,3.3818957805633545,5.176092147827148,0.0,0.0,0.0,0.0
ev_004162,2.6340279579162598,4.196882247924805,3.6017255783081055,0.8208133578300476,0.14421124756336212,5.662740230560303,1.8132145404815674,4.052670955657959,-2.0610146522521973,3.8048715591430664
ev_004163,8.452127456665039,5.504547595977783,20.277992248535156,3.187737464904785,1.1634536981582642,8.968060493469238,5.264389991760254,4.341094017028809,11.309931755065918,20.91541290283203
ev_004164,2.364922285079956,4.466267108917236,20.703229904174805,1.4974446296691895,2.418807029724121,12.526235580444336,0.8674776554107666,2.0474600791931152,8.176994323730469,11.09193229675293
ev_004165,2.68448543548584,4.680471420288086,1.7775347232818604,2.68448543548584,4.680471420288086,1.7775347232818604,0.0,0.0,0.0,0.0
ev_004166,10.513851165771484,3.8636820316314697,26.66200065612793,73.18846893310547,4.500316619873047,18.33799934387207,-62.674617767333984,-0.6366345882415771,8.32400131225586,-54.98724365234375
ev_004167,3.2589683532714844,4.18746280670166,19.999479293823242,3.675506114959717,0.7666324377059937,11.274785995483398,-0.4165377616882324,3.420830249786377,8.724693298339844,11.728986740112305
ev_004168,5.598747730255127,2.541104793548584,16.676563262939453,5.598747730255127,2.541104793548584,16.676563262939453,0.0,0.0,0.0,0.0
ev_004169,10.35291576385498,0.4117019772529602,18.935434341430664,10.35291576385498,0.4117019772529602,18.935434341430664,0.0,0.0,0.0,0.0
ev_004170,21.512401580810547,4.774755954742432,5.874364852905273,7.001582622528076,0.9337900876998901,8.636453628540039,14.510818481445312,3.840965747833252,-2.7620887756347656,15.58969497680664
ev_004171,0.3403230607509613,4.222813129425049,33.20677947998047,0.3403230607509613,4.222813129425049,33.20677947998047,0.0,0.0,0.0,0.0
ev_004172,8.51369857788086,0.4307047724723816,3.4052069187164307,3.300323724746704,12.452377319335938,8.397032737731934,5.213375091552734,-12.021672248840332,-4.991826057434082,-11.800124168395996
ev_004173,4.273811340332031,2.9926390647888184,12.798439979553223,4.273811340332031,2.9926390647888184,12.798439979553223,0.0,0.0,0.0,0.0
ev_004174,1.7897746562957764,2.8329832553863525,3.1597039699554443,1.664279580116272,0.4257342219352722,6.257546901702881,0.1254950761795044,2.4072489738464355,-3.0978429317474365,-0.565098762512207
ev_004175,0.2795218825340271,6.978985786437988,27.71965980529785,0.2795218825340271,6.978985786437988,27.71965980529785,0.0,0.0,0.0,0.0
ev_004176,9.734894752502441,1.9417661428451538,11.710741996765137,10.151432037353516,1.9417661428451538,17.816282272338867,-0.4165372848510742,0.0,-6.1055402755737305,-6.5220794677734375
ev_004177,4.669594764709473,0.044481102377176285,12.83642292022705,0.5947950482368469,0.044481102377176285,8.729817390441895,4.074799537658691,0.0,4.106605529785156,8.181405067443848
ev_004178,1.5055444240570068,4.570745468139648,33.830963134765625,1.8689323663711548,3.0457730293273926,30.1673526763916,-0.36338794231414795,1.5249724388122559,3.6636104583740234,4.8251953125
ev_004179,1.1340540647506714,2.862806797027588,14.117612838745117,1.1340540647506714,2.862806797027588,14.117612838745117,0.0,0.0,0.0,0.0
ev_004180,10.140106201171875,1.8479152917861938,14.95207405090332,10.140106201171875,1.8479152917861938,14.95207405090332,0.0,0.0,0.0,0.0
ev_004181,4.050130844116211,0.9827569127082825,3.0865159034729004,4.050130844116211,0.9827569127082825,3.0865159034729004,0.0,0.0,0.0,0.0
ev_004182,0.6902828812599182,8.069745063781738,4.122968673706055,0.6902828812599182,5.5752363204956055,83.62675476074219,0.0,2.494508743286133,-79.5037841796875,-77.00927734375
ev_004183,67.42132568359375,1.362665057182312,15.580214500427246,67.42132568359375,1.362665057182312,15.580214500427246,0.0,0.0,0.0,0.0
ev_004184,3.1201605796813965,1.35805082321167,2.994565486907959,2.6160707473754883,1.6225215196609497,6.124781608581543,0.5040898323059082,-0.2644706964492798,-3.130216121673584,-2.890596866607666
ev_004185,7.792063236236572,2.4265429973602295,1.1311486959457397,7.792063236236572,2.4265429973602295,1.1311486959457397,0.0,0.0,0.0,0.0
ev_004186,8.20128345489502,5.76725959777832,26.70232391357422,7.28789758682251,1.9262937307357788,41.21314239501953,0.9133858680725098,3.840965747833252,-14.510818481445312,-9.756465911865234
ev_004187,1.0651618242263794,4.96804666519165,43.90713882446289,1.0651618242263794,4.96804666519165,43.90713882446289,0.0,0.0,0.0,0.0
ev_004188,4.258123874664307,3.453005313873291,7.276349067687988,1.2218140363693237,7.293971061706543,7.723650932312012,3.0363097190856934,-3.840965747833252,-0.44730186462402344,-1.2519588470458984
ev_004189,1.6007206439971924,11.206335067749023,9.615935325622559,1.6007206439971924,1.2242085933685303,9.615935325622559,0.0,9.982126235961914,0.0,9.982126235961914
ev_004190,6.495615482330322,0.22405694425106049,7.367911338806152,4.303491592407227,0.20489169657230377,13.869131088256836,2.1921238899230957,0.019165247678756714,-6.501219749450684,-4.28993034362793
ev_004191,19.583633422851562,3.3155264854431152,16.6234188079834,19.583633422851562,3.3155264854431152,16.6234188079834,0.0,0.0,0.0,0.0
ev_004192,5.503232955932617,2.5358214378356934,8.916380882263184,5.362833499908447,0.5739969611167908,6.580650806427002,0.14039945602416992,1.9618244171142578,2.3357300758361816,4.437955856323242
ev_004193,2.589621067047119,3.4712061882019043,7.897178649902344,2.2262284755706787,0.12330023944377899,6.450673580169678,0.36339259147644043,3.3479058742523193,1.446505069732666,5.157803535461426
ev_004194,7.165821075439453,7.1364898681640625,0.7644656896591187,7.165821075439453,7.1364898681640625,0.7644656896591187,0.0,0.0,0.0,0.0
ev_004195,0.8963609933853149,2.0819287300109863,0.9963080883026123,0.8963609933853149,2.0819287300109863,0.9963080883026123,0.0,0.0,0.0,0.0
ev_004196,24.01850128173828,2.2677462100982666,24.23691749572754,9.018501281738281,1.5732195377349854,9.236918449401855,15.0,0.6945266723632812,14.999999046325684,30.694522857666016
ev_004197,8.30258846282959,7.818419933319092,22.450307846069336,2.160348653793335,3.4773261547088623,7.450307846069336,6.142239570617676,4.341094017028809,15.0,25.483333587646484
ev_004198,6.028702735900879,7.257038593292236,77.77896118164062,6.028702735900879,7.257038593292236,77.77896118164062,0.0,0.0,0.0,0.0
ev_004199,0.13050605356693268,0.5332551002502441,5.649198532104492,0.27090513706207275,2.5765633583068848,7.984928607940674,-0.14039908349514008,-2.0433082580566406,-2.3357300758361816,-4.519437789916992
ev_004200,1.4823641777038574,4.080244064331055,5.896635055541992,1.6227632761001587,0.970425546169281,8.232365608215332,-0.14039909839630127,3.109818458557129,-2.33573055267334,0.6336898803710938
ev_004201,70.17463684082031,6.486693382263184,83.94174194335938,4.825362205505371,0.9487789273262024,97.00605773925781,65.34927368164062,5.537914276123047,-13.064315795898438,57.8228759765625
ev_004202,6.111238479614258,4.59438419342041,0.829134464263916,1.21742582321167,2.6517276763916016,3.9269773960113525,4.893812656402588,1.9426565170288086,-3.0978429317474365,3.738626480102539
ev_004203,2.2595808506011963,1.8242355585098267,1.0732494592666626,2.2595808506011963,1.8242355585098267,1.0732494592666626,0.0,0.0,0.0,0.0
ev_004204,5.3215484619140625,1.1741890907287598,26.73003578186035,9.011615753173828,3.1669046878814697,20.876142501831055,-3.6900672912597656,-1.99271559715271,5.853893280029297,0.17110824584960938
ev_004205,4.376287460327148,3.140012264251709,4.954715728759766,4.376287460327148,3.140012264251709,4.954715728759766,0.0,0.0,0.0,0.0
ev_004206,3.162649393081665,5.929246425628662,6.8972392082214355,16.4746150970459,8.265307426452637,6.8972392082214355,-13.311965942382812,-2.3360610008239746,0.0,-15.648025512695312
ev_004207,7.995975017547607,11.00217056274414,7.782759666442871,7.995975017547607,11.00217056274414,7.782759666442871,0.0,0.0,0.0,0.0
ev_004208,1.678236961364746,8.04472541809082,6.852385997772217,1.678236961364746,8.04472541809082,6.852385997772217,0.0,0.0,0.0,0.0
ev_004209,8.873799324035645,8.51656723022461,17.24856948852539,6.126201152801514,2.0287232398986816,2.2485694885253906,2.747598171234131,6.487843990325928,15.0,24.235441207885742
ev_004210,1.9760925769805908,2.2430713176727295,7.130423069000244,1.9760925769805908,2.2430713176727295,7.130423069000244,0.0,0.0,0.0,0.0
ev_004211,2.1273012161254883,10.662784576416016,1.853874921798706,2.1273012161254883,10.662784576416016,1.853874921798706,0.0,0.0,0.0,0.0
ev_004212,2.8586225509643555,3.8834517002105713,1.8054083585739136,2.8586225509643555,3.8834517002105713,1.8054083585739136,0.0,0.0,0.0,0.0
ev_004213,5.78563117980957,4.961948871612549,6.101409912109375,5.78563117980957,4.961948871612549,6.101409912109375,0.0,0.0,0.0,0.0
ev_004214,2.175799608230591,0.22850480675697327,21.681737899780273,5.8658671379089355,4.56959867477417,15.827845573425293,-3.6900675296783447,-4.341094017028809,5.8538923263549805,-2.1772689819335938
ev_004215,1.4755460023880005,1.1989645957946777,18.155128479003906,1.4755460023880005,1.1989645957946777,18.155128479003906,0.0,0.0,0.0,0.0
ev_004216,7.1706647872924805,5.076962471008301,30.433950424194336,4.143594741821289,5.076962471008301,15.433950424194336,3.0270700454711914,0.0,15.0,18.02707290649414
ev_004217,6.90952730178833,2.473292589187622,44.929073333740234,7.413617134094238,2.9957804679870605,40.96194076538086,-0.5040898323059082,-0.5224878787994385,3.967132568359375,2.9405555725097656
ev_004218,3.1712706089019775,2.7950491905212402,31.734817504882812,6.861338138580322,4.8667168617248535,20.841421127319336,-3.6900675296783447,-2.0716676712036133,10.893396377563477,5.131660461425781
ev_004219,4.3317461013793945,6.574733257293701,0.5466160774230957,1.9960157871246338,3.4649147987365723,0.5466160774230957,2.3357303142547607,3.109818458557129,0.0,5.445547580718994
ev_004220,1.2680765390396118,9.436986923217773,12.181182861328125,1.2680765390396118,9.436986923217773,12.181181907653809,0.0,0.0,9.5367431640625e-07,0.0
ev_004221,12.316959381103516,15.208626747131348,30.113088607788086,4.524613857269287,5.913437843322754,23.35747718811035,7.7923455238342285,9.295188903808594,6.755611419677734,23.843143463134766
ev_004222,0.8663979768753052,10.780708312988281,15.114256858825684,0.23571579158306122,1.9256583452224731,13.133757591247559,0.6306821703910828,8.855050086975098,1.980499267578125,11.466232299804688
ev_004223,1.150977611541748,8.025626182556152,5.1340179443359375,1.6398605108261108,4.093404769897461,0.5200419425964355,-0.4888828992843628,3.9322214126586914,4.613976001739502,8.057313919067383
ev_004224,3.3572990894317627,0.12634387612342834,5.656899929046631,3.342395067214966,0.12634387612342834,0.2233269065618515,0.014904022216796875,0.0,5.433573246002197,5.448476791381836
ev_004225,67.90398406982422,2.8429207801818848,91.17008972167969,8.064715385437012,0.9980449676513672,18.557851791381836,59.83926773071289,1.8448758125305176,72.61223602294922,134.29638671875
ev_004226,3.8201403617858887,4.763078212738037,41.56057357788086,5.318084239959717,1.542890191078186,29.720726013183594,-1.4979438781738281,3.2201881408691406,11.839847564697266,13.562091827392578
ev_004227,3.8008735179901123,7.929061412811279,7.042527675628662,18.12921714782715,14.156360626220703,7.957472324371338,-14.328343391418457,-6.227299213409424,-0.9149446487426758,-21.4705867767334
ev_004228,11.94854736328125,0.1537400484085083,10.609427452087402,2.183974504470825,1.893720269203186,18.24016761779785,9.764573097229004,-1.7399802207946777,-7.630740165710449,0.39385223388671875
ev_004229,0.8433095216751099,1.147900104522705,23.385831832885742,0.8433095216751099,1.147900104522705,7.525668144226074,0.0,0.0,15.860163688659668,15.860162734985352
ev_004230,12.255969047546387,6.202993869781494,119.75143432617188,2.166043486795388e-05,1.2324784994125366,63.5992546081543,12.25594711303711,4.970515251159668,56.15217971801758,73.37864685058594
ev_004231,0.7466760873794556,8.240374565124512,4.636960029602051,0.7615801095962524,2.723306894302368,34.636959075927734,-0.014904022216796875,5.517067909240723,-30.0,-24.497833251953125
ev_004232,6.484336853027344,2.1450371742248535,20.647659301757812,4.308561325073242,2.1450371742248535,13.214444160461426,2.1757755279541016,0.0,7.433215141296387,9.608989715576172
ev_004233,0.27936840057373047,0.4697270691394806,10.945448875427246,0.08401955664157867,1.9946995973587036,7.281839370727539,0.1953488439321518,-1.5249725580215454,3.663609504699707,2.3339853286743164
ev_004234,6.0254974365234375,4.41924524307251,1.4901344776153564,6.0254974365234375,4.41924524307251,1.4901344776153564,0.0,0.0,0.0,0.0
ev_004235,2.253945827484131,0.0010469028493389487,16.313722610473633,2.253945827484131,0.0010469028493389487,16.313722610473633,0.0,0.0,0.0,0.0
ev_004236,1.078020691871643,2.394493818283081,26.352184295654297,4.512969493865967,2.9169814586639404,10.359210968017578,-3.4349489212036133,-0.5224876403808594,15.992973327636719,12.035537719726562
ev_004237,43.1557502746582,2.3547775745391846,103.43214416503906,43.1557502746582,2.3547775745391846,103.43214416503906,0.0,0.0,0.0,0.0
ev_004238,5.0095720291137695,9.260313987731934,1.7051447629928589,5.0095720291137695,9.260313987731934,1.7051447629928589,0.0,0.0,0.0,0.0
ev_004239,27.713912963867188,0.42670220136642456,27.85372543334961,12.713913917541504,0.5278747081756592,12.85372543334961,14.999999046325684,-0.10117250680923462,15.0,29.89882469177246
ev_004240,3.784883499145508,4.755150318145752,26.792560577392578,2.7919106483459473,0.3004406690597534,27.785533905029297,0.9929728507995605,4.454709529876709,-0.9929733276367188,4.454710006713867
ev_004241,2.7812793254852295,3.4588544368743896,30.493249893188477,2.7812793254852295,3.4588544368743896,30.493249893188477,0.0,0.0,0.0,0.0
ev_004242,3.4577314853668213,4.036040306091309,3.5636441707611084,15.635141372680664,4.3478169441223145,12.035017967224121,-12.177410125732422,-0.31177663803100586,-8.471373558044434,-20.960559844970703
ev_004243,5.3121185302734375,3.0536375045776367,4.22551155090332,1.8294830322265625,2.3658318519592285,2.654566764831543,3.482635498046875,0.6878056526184082,1.5709447860717773,5.7413859367370605
ev_004244,1.075283408164978,2.789177894592285,3.057884693145752,0.7118909955024719,0.8053286671638489,4.504389762878418,0.3633924126625061,1.983849287033081,-1.446505069732666,0.9007368087768555
ev_004245,6.257462978363037,6.8486785888671875,19.623342514038086,6.397861957550049,3.7388603687286377,17.28761100769043,-0.14039897918701172,3.10981822013855,2.3357315063476562,5.305150985717773
ev_004246,4.327282905578613,8.332988739013672,7.58629035949707,4.467681884765625,5.223169803619385,11.370953559875488,-0.14039897918701172,3.109818935394287,-3.784663200378418,-0.8152427673339844
ev_004247,49.16538619995117,9.246968269348145,93.78164672851562,3.618655204772949,1.2983218431472778,0.48977288603782654,45.546730041503906,7.948646545410156,93.2918701171875,146.78724670410156
ev_004248,33.591224670410156,2.050668716430664,103.78510284423828,33.591224670410156,2.050668716430664,103.78510284423828,0.0,0.0,0.0,0.0
ev_004249,7.075080394744873,0.8788362145423889,14.77124309539795,7.075080394744873,0.8788362145423889,14.77124309539795,0.0,0.0,0.0,0.0
ev_004250,3.2888200283050537,1.4970909357070923,14.267217636108398,3.2888200283050537,1.4970909357070923,14.267217636108398,0.0,0.0,0.0,0.0
ev_004251,1.1469851732254028,7.477761268615723,16.601533889770508,1.1469851732254028,7.477761268615723,16.601533889770508,0.0,0.0,0.0,0.0
ev_004252,10.878623008728027,5.29013729095459,21.907167434692383,10.878623008728027,5.29013729095459,21.907167434692383,0.0,0.0,0.0,0.0
ev_004253,31.756059646606445,6.008297443389893,32.638954162597656,16.756059646606445,2.4137909412384033,17.638954162597656,15.0,3.5945065021514893,15.0,33.594505310058594
ev_004254,3.8840291500091553,0.2708014249801636,9.726426124572754,3.8840291500091553,0.2708014249801636,9.726426124572754,0.0,0.0,0.0,0.0
ev_004255,8.16093635559082,6.108063697814941,16.770658493041992,8.301335334777832,2.9982454776763916,14.434928894042969,-0.14039897918701172,3.10981822013855,2.3357295989990234,5.305149078369141
ev_004256,9.650125503540039,0.8714030385017395,13.223679542541504,9.775620460510254,3.2786519527435303,10.125836372375488,-0.12549495697021484,-2.4072489738464355,3.0978431701660156,0.5650997161865234
ev_004257,4.020091533660889,0.8469631671905518,13.01984977722168,4.020091533660889,0.8469631671905518,13.01984977722168,0.0,0.0,0.0,0.0
ev_004258,5.256445407867432,0.7837163805961609,11.18000316619873,5.256445407867432,0.7837163805961609,11.18000316619873,0.0,0.0,0.0,0.0
ev_004259,0.6534242630004883,2.4874587059020996,10.430839538574219,1.6823060512542725,5.5972771644592285,10.430839538574219,-1.0288817882537842,-3.109818458557129,0.0,-4.138700485229492
ev_004260,2.671522855758667,3.900594472885132,7.115713596343994,4.169466495513916,3.900594472885132,0.48761940002441406,-1.497943639755249,0.0,6.62809419631958,5.13015079498291
ev_004261,3.8567895889282227,8.6010160446167,25.205886840820312,3.0203213691711426,6.135650634765625,10.205886840820312,0.8364682197570801,2.465365409851074,15.0,18.301834106445312
ev_004262,1.1094106435775757,2.7677390575408936,21.216020584106445,0.7460182309150696,0.8267675638198853,6.7518181800842285,0.3633924126625061,1.9409714937210083,14.464202880859375,16.768566131591797
ev_004263,3.464268922805786,0.05364625155925751,8.146078109741211,2.960179090499878,0.05364625155925751,4.1789469718933105,0.5040898323059082,0.0,3.9671311378479004,4.471221446990967
ev_004264,1.5597947835922241,1.990590214729309,26.02397346496582,1.5597947835922241,1.990590214729309,26.02397346496582,0.0,0.0,0.0,0.0
ev_004265,0.1530715823173523,6.321344375610352,4.367133617401123,0.1530715823173523,6.321344375610352,4.367133617401123,0.0,0.0,0.0,0.0
ev_004266,9.11747932434082,0.9355025887489319,27.23355484008789,9.11747932434082,0.9355025887489319,27.23355484008789,0.0,0.0,0.0,0.0
ev_004267,11.451141357421875,1.2432034015655518,2.2044763565063477,1.0148600339889526,0.6403936743736267,4.296742916107178,10.436281204223633,0.602809727191925,-2.09226655960083,8.946824073791504
ev_004268,3.648383617401123,1.78249192237854,4.536120891571045,3.773878574371338,0.6247571110725403,7.633963584899902,-0.12549495697021484,1.1577348709106445,-3.0978426933288574,-2.0656023025512695
ev_004269,6.821784019470215,3.0097336769104004,32.0733757019043,6.681385040283203,0.10008461773395538,18.98301887512207,0.14039897918701172,2.909649133682251,13.090356826782227,16.140403747558594
ev_004270,6.877593040466309,7.044896125793457,21.014606475830078,7.24098539352417,3.563422441482544,22.461111068725586,-0.36339235305786133,3.481473684310913,-1.4465045928955078,1.6715774536132812
ev_004271,0.9596050977706909,4.983602523803711,12.297099113464355,0.9596050977706909,4.983602523803711,12.297099113464355,0.0,0.0,0.0,0.0
ev_004272,1.1632599830627441,5.600161552429199,20.087196350097656,2.015833616256714,1.8353108167648315,29.685688018798828,-0.8525736331939697,3.764850616455078,-9.598491668701172,-6.686212539672852
ev_004273,15.280747413635254,3.561387538909912,25.96272087097168,0.2807474136352539,3.5073964595794678,25.96272087097168,15.0,0.053991079330444336,0.0,15.053991317749023
ev_004274,5.219414710998535,7.691504955291748,13.554299354553223,14.46584415435791,2.1677422523498535,14.04348087310791,-9.246429443359375,5.5237627029418945,-0.4891815185546875,-4.211849212646484
ev_004275,3.3159093856811523,1.1280847787857056,14.809229850769043,0.11903952062129974,1.650572657585144,12.996015548706055,3.1968698501586914,-0.5224878787994385,1.8132143020629883,4.487595558166504
ev_004276,4.5701704025268555,1.208544135093689,4.8458170890808105,4.5701704025268555,1.208544135093689,4.8458170890808105,0.0,0.0,0.0,0.0
ev_004277,2.89669132232666,7.636484622955322,34.44163131713867,4.394635200500488,4.41629695892334,26.83829689025879,-1.4979438781738281,3.2201876640319824,7.603334426879883,9.325576782226562
ev_004278,11.675387382507324,6.578346252441406,29.054790496826172,2.24150013923645,6.578346252441406,14.054790496826172,9.433887481689453,0.0,15.0,24.433887481689453
ev_004279,2.149628162384033,1.8038443326950073,50.05746841430664,2.149628162384033,1.8038443326950073,50.05746841430664,0.0,0.0,0.0,0.0
ev_004280,0.45571476221084595,8.284998893737793,95.48483276367188,0.9448960423469543,2.408474922180176,4.99565315246582,-0.4891812801361084,5.876523971557617,90.48918151855469,95.87652587890625
ev_004281,3.9481663703918457,0.11325247585773468,7.385125637054443,3.9481663703918457,0.11325247585773468,7.385125637054443,0.0,0.0,0.0,0.0
ev_004282,3.800523281097412,0.2791476547718048,17.367773056030273,3.800523281097412,0.2791476547718048,17.367773056030273,0.0,0.0,0.0,0.0
ev_004283,15.008119583129883,10.865962982177734,3.4166769981384277,15.008119583129883,10.865962982177734,3.4166769981384277,0.0,0.0,0.0,0.0
ev_004284,7.984353065490723,5.032722473144531,9.204551696777344,8.977326393127441,9.487431526184082,8.211579322814941,-0.9929733276367188,-4.454709053039551,0.9929723739624023,-4.4547119140625
ev_004285,3.5042364597320557,3.0347347259521484,3.351003408432007,3.993119239807129,1.0529835224151611,3.4104487895965576,-0.48888278007507324,1.9817512035369873,-0.05944538116455078,1.4334230422973633
ev_004286,6.1195759773254395,2.1948280334472656,10.197273254394531,2.057894706726074,1.6461375951766968,3.9330666065216064,4.061681270599365,0.5486904382705688,6.264206886291504,10.874577522277832
ev_004287,4.49212121963501,1.9845658540725708,10.53703784942627,3.584164619445801,1.1252524852752686,7.459197044372559,0.907956600189209,0.8593133687973022,3.077840805053711,4.845110893249512
ev_004288,8.62480640411377,1.5554317235946655,8.898492813110352,8.62480640411377,1.5554317235946655,8.898492813110352,0.0,0.0,0.0,0.0
ev_004289,4.492938995361328,4.007017612457275,36.69945526123047,4.492938995361328,4.007017612457275,36.69945526123047,0.0,0.0,0.0,0.0
ev_004290,0.4318525195121765,8.904082298278809,31.92852210998535,0.29145345091819763,5.794264316558838,27.578723907470703,0.14039906859397888,3.1098179817199707,4.349798202514648,7.600017547607422
ev_004291,2.463832378387451,0.32042166590690613,11.10202693939209,0.3002868592739105,3.5205440521240234,3.8979732990264893,2.163545608520508,-3.200122356414795,7.20405387878418,6.167476654052734
ev_004292,2.0610721111297607,3.7079806327819824,13.250341415405273,0.2478574961423874,1.8873016834259033,12.675639152526855,1.813214659690857,1.820678949356079,0.574702262878418,4.208595275878906
ev_004293,3.443434238433838,1.5885206460952759,6.883589744567871,3.443434238433838,1.5885206460952759,6.883589744567871,0.0,0.0,0.0,0.0
ev_004294,4.0301127433776855,1.9919278621673584,5.0238728523254395,0.5951637029647827,5.653443336486816,14.255393028259277,3.4349489212036133,-3.661515474319458,-9.23151969909668,-9.458086013793945
ev_004295,2.776890516281128,1.9550105333328247,17.669113159179688,2.776890516281128,1.9550105333328247,17.669113159179688,0.0,0.0,0.0,0.0
ev_004296,15.894360542297363,0.032640695571899414,0.4244355857372284,15.894360542297363,0.032640695571899414,0.4244355857372284,0.0,0.0,0.0,0.0
ev_004297,46.88564682006836,2.830291748046875,58.163021087646484,42.62517166137695,1.0106738805770874,43.163021087646484,4.260475158691406,1.8196178674697876,15.0,21.080093383789062
ev_004298,2.086103677749634,11.176356315612793,1.4330235719680786,24.111576080322266,3.545323610305786,1.4330235719680786,-22.02547264099121,7.631032943725586,0.0,-14.394440650939941
ev_004299,1.5730842351913452,4.412861347198486,21.362693786621094,1.5730842351913452,4.412861347198486,21.362693786621094,0.0,0.0,0.0,0.0
ev_004300,20.71905517578125,2.8226358890533447,1.3647196292877197,20.71905517578125,2.8226358890533447,1.3647196292877197,0.0,0.0,0.0,0.0
ev_004301,1.0774211883544922,5.3549699783325195,4.361862659454346,1.0774211883544922,5.3549699783325195,4.361862659454346,0.0,0.0,0.0,0.0
ev_004302,32.4281120300293,0.9051228761672974,26.19727325439453,2.4281136989593506,0.9051228761672974,3.8027265071868896,29.999998092651367,0.0,22.394546508789062,52.39454650878906
ev_004303,2.3774070739746094,4.835784435272217,6.1595611572265625,1.8885239362716675,0.9035627245903015,1.9618533849716187,0.4888831377029419,3.9322216510772705,4.197707653045654,8.618812561035156
ev_004304,9.458270072937012,3.475783348083496,17.708791732788086,18.829265594482422,5.819405555725098,17.708791732788086,-9.37099552154541,-2.3436222076416016,0.0,-11.714614868164062
ev_004305,3.600045919418335,3.787614583969116,6.182027339935303,3.600045919418335,3.787614583969116,6.182027339935303,0.0,0.0,0.0,0.0
ev_004306,1.6636438369750977,0.022228103131055832,6.0481696128845215,1.6636438369750977,0.022228103131055832,6.0481696128845215,0.0,0.0,0.0,0.0
ev_004307,3.8923356533050537,1.2373847961425781,18.29998016357422,4.396425724029541,0.7148970365524292,14.332849502563477,-0.5040900707244873,0.5224877595901489,3.967130661010742,3.9855289459228516
ev_004308,5.85709285736084,0.8890771269798279,9.90312671661377,6.752931118011475,4.730042934417725,5.096872806549072,-0.8958382606506348,-3.840965747833252,4.806253910064697,0.06944847106933594
ev_004309,13.142823219299316,0.4332391023635864,20.004674911499023,3.8963942527770996,0.4332391023635864,8.439624786376953,9.246429443359375,0.0,11.56505012512207,20.811479568481445
ev_004310,2.829633951187134,3.3700902462005615,14.753915786743164,2.829633951187134,3.3700902462005615,14.753915786743164,0.0,0.0,0.0,0.0
ev_004311,2.620321750640869,4.644602298736572,15.232952117919922,2.620321750640869,4.644602298736572,15.232952117919922,0.0,0.0,0.0,0.0
ev_004312,2.6032989025115967,3.660861015319824,2.925367832183838,2.966686964035034,2.1358883380889893,6.588977336883545,-0.3633880615234375,1.524972677230835,-3.663609504699707,-2.502025604248047
ev_004313,2.495819568634033,1.8104666471481323,9.050684928894043,2.495819568634033,1.8104666471481323,9.050684928894043,0.0,0.0,0.0,0.0
ev_004314,10.486297607421875,0.6387717723846436,34.36518859863281,10.61179256439209,3.046020746231079,25.133155822753906,-0.12549495697021484,-2.4072489738464355,9.232032775878906,6.699287414550781
ev_004315,14.736589431762695,0.012380028143525124,29.727821350097656,14.736589431762695,0.012380028143525124,29.727821350097656,0.0,0.0,0.0,0.0
ev_004316,2.146512985229492,3.6200873851776123,3.583916187286377,7.570515155792236,1.3340078592300415,10.606751441955566,-5.424002170562744,2.2860794067382812,-7.0228352546691895,-10.160757064819336
ev_004317,0.1355927288532257,6.388705730438232,19.841157913208008,15.135592460632324,6.388705730438232,19.841157913208008,-15.0,0.0,0.0,-15.0
ev_004318,6.059321880340576,0.3204951584339142,45.46105194091797,6.059321880340576,0.3204951584339142,45.46105194091797,0.0,0.0,0.0,0.0
ev_004319,4.228133678436279,1.3202701807022095,19.32532501220703,4.228133678436279,1.3202701807022095,19.32532501220703,0.0,0.0,0.0,0.0
ev_004320,6.493741989135742,6.974226951599121,4.9832658767700195,6.493741989135742,6.974226951599121,4.9832658767700195,0.0,0.0,0.0,0.0
ev_004321,5.8951239585876465,2.1268107891082764,1.8035308122634888,5.8951239585876465,2.1268107891082764,1.8035308122634888,0.0,0.0,0.0,0.0
ev_004322,26.416004180908203,0.5984428524971008,18.614723205566406,3.583996295928955,3.242522954940796,3.614722967147827,22.832008361816406,-2.64408016204834,15.0,35.18792724609375
ev_004323,3.0051701068878174,0.06898512691259384,29.629392623901367,3.0051701068878174,0.06898512691259384,11.823205947875977,0.0,0.0,17.80618667602539,17.80618667602539
ev_004324,0.7532264590263367,7.637520790100098,12.813250541687012,0.2397463321685791,2.9077696800231934,144.3914031982422,0.5134801268577576,4.729751110076904,-131.57815551757812,-126.33493041992188
ev_004325,3.066326856613159,8.092595100402832,24.23971176147461,3.4297146797180176,6.567622661590576,20.57610321044922,-0.3633878231048584,1.5249724388122559,3.6636085510253906,4.8251953125
ev_004326,53.47863006591797,4.295044898986816,6.497309684753418,3.6817336082458496,0.4540793299674988,21.008129119873047,49.796897888183594,3.840965509414673,-14.510819435119629,39.127037048339844
ev_004327,5.396892547607422,0.9368266463279724,9.900708198547363,5.396892547607422,0.9368266463279724,9.900708198547363,0.0,0.0,0.0,0.0
ev_004328,4.944290637969971,3.8029632568359375,12.687309265136719,5.360828399658203,1.1511319875717163,18.792850494384766,-0.4165377616882324,2.6518311500549316,-6.105541229248047,-3.870248794555664
ev_004329,12.713834762573242,7.9377217292785645,12.94813060760498,13.566408157348633,15.502249717712402,3.044841766357422,-0.8525733947753906,-7.564527988433838,9.903288841247559,1.4861869812011719
ev_004330,3.5465927124023438,0.9306281208992004,3.5151469707489014,3.0425028800964355,0.40814030170440674,18.515146255493164,0.5040898323059082,0.5224878191947937,-14.999999046325684,-13.973422050476074
ev_004331,3.632814407348633,2.207568883895874,3.8716213703155518,14.636613845825195,7.144395351409912,10.63919734954834,-11.003799438476562,-4.936826705932617,-6.767576217651367,-22.708202362060547
ev_004332,2.3401379585266113,0.40282705426216125,60.93990707397461,2.3401379585266113,0.40282705426216125,60.93990707397461,0.0,0.0,0.0,0.0
ev_004333,0.043548181653022766,9.027771949768066,9.92349624633789,0.043548181653022766,4.755331993103027,9.92349624633789,0.0,4.272439956665039,0.0,4.272439956665039
ev_004334,6.64789342880249,5.018306732177734,3.577871799468994,7.500467300415039,2.4171652793884277,9.486441612243652,-0.8525738716125488,2.6011414527893066,-5.908569812774658,-4.160003662109375
ev_004335,18.671173095703125,6.530999660491943,15.791540145874023,18.671173095703125,6.530999660491943,15.791540145874023,0.0,0.0,0.0,0.0
ev_004336,2.9559950828552246,8.370516777038574,23.27499008178711,2.9559950828552246,8.370516777038574,23.27499008178711,0.0,0.0,0.0,0.0
ev_004337,3.8202672004699707,4.5749897956848145,100.26750183105469,3.8202672004699707,4.5749897956848145,100.26750183105469,0.0,0.0,0.0,0.0
ev_004338,1.1946409940719604,2.056718587875366,8.787137031555176,1.1946409940719604,2.056718587875366,8.787137031555176,0.0,0.0,0.0,0.0
ev_004339,35.65372085571289,5.6523613929748535,32.744117736816406,35.65372085571289,5.6523613929748535,32.744117736816406,0.0,0.0,0.0,0.0
ev_004340,5.567862033843994,1.3697021007537842,20.133773803710938,5.567862033843994,1.3697021007537842,20.133773803710938,0.0,0.0,0.0,0.0
ev_004341,5.538987636566162,7.100153923034668,8.372978210449219,5.538987636566162,7.100153923034668,8.372978210449219,0.0,0.0,0.0,0.0
ev_004342,7.235476493835449,1.1988507509231567,14.525249481201172,6.731386661529541,0.6763628721237183,0.4747506380081177,0.5040898323059082,0.5224878787994385,14.050498962402344,15.077075958251953
ev_004343,3.7607414722442627,0.04192778840661049,7.571664333343506,3.7607414722442627,0.04192778840661049,7.571664333343506,0.0,0.0,0.0,0.0
ev_004344,2.236550807952881,0.6276271939277649,10.960474967956543,2.859111785888672,0.6276271939277649,10.960474967956543,-0.622560977935791,0.0,0.0,-0.6225614547729492
ev_004345,1.5955930948257446,3.2378766536712646,9.205732345581055,0.21762141585350037,5.440048694610596,5.326014995574951,1.3779716491699219,-2.202172040939331,3.8797173500061035,3.0555171966552734
ev_004346,6.7420125007629395,2.6971452236175537,17.256669998168945,6.7420125007629395,2.6971452236175537,17.256669998168945,0.0,0.0,0.0,0.0
ev_004347,5.322920322418213,2.578524351119995,12.269024848937988,5.322920322418213,2.578524351119995,12.269024848937988,0.0,0.0,0.0,0.0
ev_004348,1.1195753812789917,1.335553765296936,5.753385066986084,10.694446563720703,12.516947746276855,17.888368606567383,-9.574871063232422,-11.18139362335205,-12.13498306274414,-32.8912467956543
ev_004349,9.922046661376953,3.2836215496063232,24.57529640197754,9.922046661376953,3.2836215496063232,24.57529640197754,0.0,0.0,0.0,0.0
ev_004350,13.248977661132812,1.3951544761657715,34.74174118041992,1.7510218620300293,1.3951544761657715,34.74174118041992,11.497955322265625,0.0,0.0,11.497955322265625
ev_004351,4.486393928527832,0.5430166721343994,13.31023120880127,0.7963264584541321,11.201923370361328,0.934042751789093,3.6900675296783447,-10.658906936645508,12.376188278198242,5.4073486328125
ev_004352,0.5453349947929382,9.453672409057617,12.889071464538574,0.5453349947929382,9.453672409057617,12.889071464538574,0.0,0.0,0.0,0.0
ev_004353,6.552093982696533,5.254371643066406,6.860365867614746,6.552093982696533,5.254371643066406,6.860365867614746,0.0,0.0,0.0,0.0
ev_004354,6.654410362243652,2.3041536808013916,11.055888175964355,2.240048885345459,7.258248805999756,11.055888175964355,4.414361476898193,-4.954094886779785,0.0,-0.53973388671875
ev_004355,0.9218519330024719,4.573997497558594,25.90240478515625,0.4177621006965637,5.096485137939453,21.935274124145508,0.5040898323059082,-0.5224876403808594,3.967130661010742,3.948732376098633
ev_004356,5.0750041007995605,0.9307024478912354,12.501547813415527,4.949509143829346,1.4765465259552002,11.009547233581543,0.12549495697021484,-0.5458440780639648,1.4920005798339844,1.0716514587402344
ev_004357,2.2037887573242188,3.95198130607605,73.25691223144531,2.2037887573242188,3.95198130607605,73.25691223144531,0.0,0.0,0.0,0.0
ev_004358,9.568440437316895,8.572465896606445,25.779272079467773,5.878372669219971,4.231372833251953,24.67715835571289,3.690067768096924,4.341093063354492,1.1021137237548828,9.133277893066406
ev_004359,5.906824588775635,8.068824768066406,29.41697883605957,6.323362827301025,3.114729166030884,21.04259490966797,-0.4165382385253906,4.954095840454102,8.374383926391602,12.911941528320312
ev_004360,16.99784278869629,3.278681993484497,14.356858253479004,16.99784278869629,3.278681993484497,14.356858253479004,0.0,0.0,0.0,0.0
ev_004361,0.9895591139793396,9.05551528930664,16.207700729370117,1.0044631958007812,4.112637519836426,10.774127960205078,-0.01490408182144165,4.942877769470215,5.433572769165039,10.361546516418457
ev_004362,7.651285648345947,1.359516978263855,8.083396911621094,7.651285648345947,1.359516978263855,8.083396911621094,0.0,0.0,0.0,0.0
ev_004363,0.9925744533538818,2.664685010910034,64.90762329101562,0.9925744533538818,2.664685010910034,64.90762329101562,0.0,0.0,0.0,0.0
ev_004364,3.7406387329101562,2.3988802433013916,30.464372634887695,7.43070650100708,1.942213535308838,24.61048126220703,-3.690067768096924,0.4566667079925537,5.853891372680664,2.6204872131347656
ev_004365,0.2953360080718994,3.802077054977417,25.74156951904297,0.15493693947792053,0.6922585964202881,18.749685287475586,0.14039906859397888,3.109818458557129,6.991884231567383,10.242101669311523
ev_004366,1.590408205986023,1.0171568393707275,22.300996780395508,1.590408205986023,1.0171568393707275,22.300996780395508,0.0,0.0,0.0,0.0
ev_004367,1.7937594652175903,0.06936228275299072,30.525814056396484,1.6533604860305786,3.0404560565948486,15.525814056396484,0.14039897918701172,-2.9710936546325684,15.0,12.169303894042969
ev_004368,2.141451358795166,4.779650688171387,27.18916893005371,3.2245640754699707,4.779650688171387,12.189167976379395,-1.0831127166748047,0.0,15.000000953674316,13.916889190673828
ev_004369,9.597757339477539,5.501609802246094,4.360089302062988,11.533443450927734,13.066137313842773,8.826696395874023,-1.9356861114501953,-7.56452751159668,-4.466607093811035,-13.966819763183594
ev_004370,3.8806774616241455,2.1708192825317383,1.5013902187347412,2.067462921142578,9.603238105773926,1.0122089385986328,1.8132145404815674,-7.4324188232421875,0.4891812801361084,-5.130023002624512
ev_004371,11.082688331604004,6.119301795959473,0.056431740522384644,5.730525970458984,5.65475606918335,0.5456130504608154,5.3521623611450195,0.46454572677612305,-0.4891813099384308,5.3275251388549805
ev_004372,41.457027435302734,1.399985909461975,45.514644622802734,41.457027435302734,1.399985909461975,45.514644622802734,0.0,0.0,0.0,0.0
ev_004373,3.414105176925659,0.8230170011520386,13.79445743560791,3.414105176925659,0.8230170011520386,13.79445743560791,0.0,0.0,0.0,0.0
ev_004374,3.095954418182373,3.2806708812713623,27.709611892700195,3.095954418182373,3.2806708812713623,27.709611892700195,0.0,0.0,0.0,0.0
ev_004375,2.1644606590270996,5.053081035614014,9.286684036254883,2.1644606590270996,5.053081035614014,9.286684036254883,0.0,0.0,0.0,0.0
ev_004376,4.008527755737305,4.647176265716553,12.126770973205566,22.067079544067383,2.7882957458496094,1.3126935958862305,-18.058551788330078,1.8588805198669434,10.814077377319336,-5.385593414306641
ev_004377,8.053532600402832,0.7717703580856323,28.962177276611328,2.299961566925049,0.7717703580856323,14.451358795166016,5.753571033477783,0.0,14.510818481445312,20.264389038085938
ev_004378,76.98872375488281,4.445350170135498,13.3047513961792,76.98872375488281,4.445350170135498,13.3047513961792,0.0,0.0,0.0,0.0
ev_004379,3.701932191848755,4.195744514465332,1.4233423471450806,3.701932191848755,4.195744514465332,1.4233423471450806,0.0,0.0,0.0,0.0
ev_004380,16.813705444335938,2.8575241565704346,16.32573127746582,1.8137046098709106,0.9834414720535278,1.3257315158843994,15.000000953674316,1.8740826845169067,15.0,31.874086380004883
ev_004381,3.0283944606781006,0.07152997702360153,2.3863866329193115,3.0283944606781006,0.07152997702360153,2.3863866329193115,0.0,0.0,0.0,0.0
ev_004382,0.6480380892753601,0.8045269846916199,0.9142489433288574,0.6480380892753601,0.8045269846916199,0.9142489433288574,0.0,0.0,0.0,0.0
ev_004383,6.627723217010498,0.7025324106216431,4.871720314025879,6.653937339782715,3.109781503677368,0.4620104134082794,-0.026214122772216797,-2.4072489738464355,4.409709930419922,1.9762468338012695
ev_004384,0.6949575543403625,2.719524621963501,22.04892921447754,0.6949575543403625,2.719524621963501,22.04892921447754,0.0,0.0,0.0,0.0
ev_004385,3.88126277923584,3.3887500762939453,69.9866943359375,3.88126277923584,3.3887500762939453,69.9866943359375,0.0,0.0,0.0,0.0
ev_004386,0.17521284520626068,0.417351096868515,86.09130859375,0.17521284520626068,0.417351096868515,86.09130859375,0.0,0.0,0.0,0.0
ev_004387,8.962655067443848,0.1253604143857956,12.774699211120605,6.037344455718994,0.1253604143857956,12.774699211120605,2.9253106117248535,0.0,0.0,2.9253101348876953
ev_004388,2.4488818645477295,4.739775657653809,37.77256774902344,2.4488818645477295,4.739775657653809,37.77256774902344,0.0,0.0,0.0,0.0
ev_004389,5.232422828674316,1.298945665359497,1.5192159414291382,5.232422828674316,1.298945665359497,1.5192159414291382,0.0,0.0,0.0,0.0
ev_004390,4.5789008140563965,0.7161098122596741,6.553546905517578,4.5789008140563965,0.7161098122596741,6.553546905517578,0.0,0.0,0.0,0.0
ev_004391,8.9451322555542,1.1078367233276367,34.99150848388672,9.887845993041992,2.001981735229492,4.991508483886719,-0.942713737487793,-0.8941450119018555,30.0,28.163143157958984
ev_004392,8.264084815979004,0.6283708214759827,25.24825668334961,8.264084815979004,0.6283708214759827,25.24825668334961,0.0,0.0,0.0,0.0
ev_004393,2.0142741203308105,3.696826696395874,23.010648727416992,1.4636753797531128,1.4009891748428345,8.010649681091309,0.5505987405776978,2.29583740234375,14.999999046325684,17.846433639526367
ev_004394,3.673097610473633,1.037214994430542,44.052268981933594,3.673097610473633,1.037214994430542,44.052268981933594,0.0,0.0,0.0,0.0
ev_004395,8.094254493713379,6.6592888832092285,31.817615509033203,8.094254493713379,6.6592888832092285,31.817615509033203,0.0,0.0,0.0,0.0
ev_004396,4.525770664215088,0.7351212501525879,28.57872772216797,4.525770664215088,0.7351212501525879,28.57872772216797,0.0,0.0,0.0,0.0
ev_004397,2.421283006668091,0.9378767013549805,16.57173728942871,2.5467779636383057,0.9378767013549805,24.15684700012207,-0.12549495697021484,0.0,-7.585109710693359,-7.710605621337891
ev_004398,12.526762008666992,3.2971107959747314,5.931503772735596,12.526762008666992,3.2971107959747314,5.931503772735596,0.0,0.0,0.0,0.0
ev_004399,2.2415947914123535,4.668564796447754,1.1931743621826172,3.234567642211914,0.21385549008846283,1.0052177906036377,-0.9929728507995605,4.454709529876709,0.1879565715789795,3.649693489074707
ev_004400,10.495933532714844,8.903883934020996,3.1167523860931396,10.495933532714844,8.903883934020996,3.1167523860931396,0.0,0.0,0.0,0.0
ev_004401,3.5402753353118896,3.694279432296753,24.39689826965332,3.6657702922821045,6.101528644561768,15.585380554199219,-0.12549495697021484,-2.4072492122650146,8.811517715454102,6.278772354125977
ev_004402,5.25745964050293,1.9020042419433594,10.713630676269531,1.5673919916152954,2.43908953666687,9.09873104095459,3.690067768096924,-0.5370852947235107,1.6148996353149414,4.767881393432617
ev_004403,3.387406349182129,3.1050570011138916,12.568727493286133,3.247007131576538,0.004761276766657829,25.61449432373047,0.14039921760559082,3.1002957820892334,-13.045766830444336,-9.805070877075195
ev_004404,33.92008972167969,5.292375564575195,32.48687744140625,3.920091152191162,2.143096685409546,2.486877202987671,29.999998092651367,3.1492788791656494,30.0,63.14927673339844
ev_004405,9.001770973205566,0.6628384590148926,29.677249908447266,9.001770973205566,0.6628384590148926,29.677249908447266,0.0,0.0,0.0,0.0
ev_004406,17.30877685546875,0.23057697713375092,4.474018096923828,17.30877685546875,0.23057697713375092,4.474018096923828,0.0,0.0,0.0,0.0
ev_004407,7.150204181671143,3.9862804412841797,4.713471412658691,7.275699138641357,1.5790314674377441,7.811314105987549,-0.12549495697021484,2.4072489738464355,-3.0978426933288574,-0.8160886764526367
ev_004408,9.606706619262695,5.564877033233643,21.32784080505371,8.613734245300293,1.1101678609848022,22.32081413269043,0.9929723739624023,4.454709053039551,-0.9929733276367188,4.454708099365234
ev_004409,6.62908935546875,4.279673099517822,15.036662101745605,5.184932708740234,0.6395867466926575,27.17164421081543,1.4441566467285156,3.6400864124298096,-12.134982109069824,-7.050739288330078
ev_004410,11.883289337158203,7.493476390838623,5.010000228881836,11.883289337158203,7.493476390838623,5.010000228881836,0.0,0.0,0.0,0.0
ev_004411,1.7901780605316162,0.3084917664527893,5.60634183883667,1.7901780605316162,0.3084917664527893,5.60634183883667,0.0,0.0,0.0,0.0
ev_004412,8.40678596496582,3.5506017208099365,7.099717617034912,8.40678596496582,3.5506017208099365,7.099717617034912,0.0,0.0,0.0,0.0
ev_004413,7.626772880554199,0.46596482396125793,14.191339492797852,7.626772880554199,0.46596482396125793,14.191339492797852,0.0,0.0,0.0,0.0
ev_004414,0.12449038028717041,1.6492242813110352,34.52621078491211,0.6285802125930786,2.1717121601104736,30.559080123901367,-0.5040898323059082,-0.5224878787994385,3.967130661010742,2.9405555725097656
ev_004415,17.24761199951172,1.5718554258346558,28.798290252685547,3.520866632461548,5.760763645172119,22.944398880004883,13.72674560546875,-4.188908100128174,5.853891372680664,15.391731262207031
ev_004416,5.6475982666015625,3.3366527557373047,16.215091705322266,5.6475982666015625,3.3366527557373047,16.215091705322266,0.0,0.0,0.0,0.0
ev_004417,4.217774868011475,0.7722019553184509,11.292730331420898,4.217774868011475,0.7722019553184509,11.292730331420898,0.0,0.0,0.0,0.0
ev_004418,3.4523661136627197,3.8194165229797363,2.4955177307128906,3.326870918273926,3.8194165229797363,5.593360900878906,0.12549519538879395,0.0,-3.0978431701660156,-2.972348213195801
ev_004419,0.8373055458068848,0.9724463820457458,3.6651108264923096,0.8373055458068848,0.9724463820457458,3.6651108264923096,0.0,0.0,0.0,0.0
ev_004420,1.1777502298355103,4.467550277709961,20.718706130981445,1.1777502298355103,4.467550277709961,20.718706130981445,0.0,0.0,0.0,0.0
ev_004421,10.75546932220459,0.4272492825984955,16.457666397094727,10.75546932220459,0.4272492825984955,16.457666397094727,0.0,0.0,0.0,0.0
ev_004422,5.4036431312561035,7.192898750305176,5.408109664916992,5.544042587280273,4.083080291748047,2.281432628631592,-0.14039945602416992,3.109818458557129,3.1266770362854004,6.096096038818359
ev_004423,7.9383368492126465,10.842636108398438,89.87574768066406,7.9383368492126465,10.842636108398438,89.87574768066406,0.0,0.0,0.0,0.0
ev_004424,56.87043380737305,3.5561938285827637,104.62345886230469,26.381254196166992,0.28477194905281067,0.3765403628349304,30.489179611206055,3.2714219093322754,104.24691772460938,138.00750732421875
ev_004425,10.533114433288574,3.852780818939209,11.572309494018555,14.22318172454834,0.48831290006637573,12.674423217773438,-3.6900672912597656,3.3644678592681885,-1.1021137237548828,-1.427713394165039
ev_004426,1.2019089460372925,1.1735464334487915,0.26255175471305847,1.0615098476409912,1.9362719058990479,2.5982820987701416,0.14039909839630127,-0.7627254724502563,-2.3357303142547607,-2.9580564498901367
ev_004427,7.3902764320373535,1.2082443237304688,18.750713348388672,7.3902764320373535,1.2082443237304688,18.750713348388672,0.0,0.0,0.0,0.0
ev_004428,13.693739891052246,4.584924221038818,18.837444305419922,5.412865161895752,4.710264682769775,13.068964958190918,8.280874252319336,-0.12534046173095703,5.768479347229004,13.924013137817383
ev_004429,2.372889757156372,0.09369735419750214,4.957849025726318,2.372889757156372,0.09369735419750214,4.957849025726318,0.0,0.0,0.0,0.0
ev_004430,9.618249893188477,3.4420042037963867,16.729766845703125,9.618249893188477,3.4420042037963867,16.729766845703125,0.0,0.0,0.0,0.0
ev_004431,0.5804488658905029,3.9510815143585205,1.125830054283142,4.86989164352417,0.7308938503265381,11.571701049804688,-4.289443016052246,3.2201876640319824,-10.445871353149414,-11.515125274658203
ev_004432,0.32606321573257446,1.0916775465011597,7.445589065551758,0.32606321573257446,1.0916775465011597,7.445589065551758,0.0,0.0,0.0,0.0
ev_004433,6.764114856719971,0.03578093275427818,14.426735877990723,0.44353947043418884,5.740592002868652,16.23995018005371,6.32057523727417,-5.704811096191406,-1.8132143020629883,-1.1974506378173828
ev_004434,0.4547255337238312,5.597833633422852,4.338177680969238,0.4547255337238312,5.597833633422852,4.338177680969238,0.0,0.0,0.0,0.0
ev_004435,0.05129694193601608,8.064953804016113,0.15063515305519104,0.05129694193601608,8.064953804016113,0.15063515305519104,0.0,0.0,0.0,0.0
ev_004436,87.00821685791016,3.3751485347747803,14.952812194824219,87.00821685791016,3.3751485347747803,14.952812194824219,0.0,0.0,0.0,0.0
ev_004437,4.824273586273193,1.2275187969207764,28.362518310546875,4.824273586273193,1.2275187969207764,28.362518310546875,0.0,0.0,0.0,0.0
ev_004438,0.3943812847137451,8.79541301727295,2.3309433460235596,0.9725978374481201,1.7498772144317627,2.3309433460235596,-0.578216552734375,7.045536041259766,0.0,6.467319488525391
ev_004439,7.157260417938232,2.598722219467163,34.625823974609375,7.157260417938232,2.598722219467163,34.625823974609375,0.0,0.0,0.0,0.0
ev_004440,2.012559175491333,1.6543992757797241,20.326549530029297,2.5014421939849854,0.8024534583091736,5.402033805847168,-0.48888301849365234,0.8519458174705505,14.924515724182129,15.287577629089355
ev_004441,2.199399471282959,0.009389165788888931,6.6684346199035645,10.608476638793945,0.6555696129798889,2.877690315246582,-8.409076690673828,-0.6461804509162903,3.7907443046569824,-5.264513969421387
ev_004442,0.5269274711608887,3.8775689601898193,0.8756207823753357,0.5269274711608887,3.8775689601898193,0.8756207823753357,0.0,0.0,0.0,0.0
ev_004443,2.3002867698669434,5.472248077392578,3.432234287261963,2.3002867698669434,5.472248077392578,3.432234287261963,0.0,0.0,0.0,0.0
ev_004444,5.894925594329834,2.404560089111328,17.146181106567383,6.035325050354004,0.7052582502365112,32.146183013916016,-0.14039945602416992,1.699301838874817,-15.000001907348633,-13.441097259521484
ev_004445,4.5650835037231445,2.269484519958496,6.836789131164551,0.3309495449066162,2.269484519958496,6.836789131164551,4.234133720397949,0.0,0.0,4.234133720397949
ev_004446,3.076530933380127,6.632969379425049,25.90260124206543,13.969925880432129,0.9281584620475769,27.383882522583008,-10.893394470214844,5.704811096191406,-1.4812812805175781,-6.669864654541016
ev_004447,1.774332046508789,0.9163174033164978,27.777416229248047,2.2784218788146973,0.3938295543193817,12.777417182922363,-0.5040898323059082,0.5224878787994385,14.999999046325684,15.018396377563477
ev_004448,0.30561521649360657,8.932592391967773,2.931429624557495,0.6873575448989868,18.519392013549805,5.635818004608154,-0.38174232840538025,-9.586799621582031,-2.704388380050659,-12.672929763793945
ev_004449,2.181662082672119,6.217000961303711,29.785730361938477,2.307157039642334,3.8097519874572754,26.68788719177246,-0.12549495697021484,2.4072489738464355,3.0978431701660156,5.379600524902344
ev_004450,1.6966685056686401,0.6502001285552979,12.016175270080566,2.689641237258911,0.6502001285552979,22.74475860595703,-0.992972731590271,0.0,-10.728583335876465,-11.721556663513184
ev_004451,0.398362934589386,1.5936604738235474,22.42600440979004,0.398362934589386,1.5936604738235474,22.42600440979004,0.0,0.0,0.0,0.0
ev_004452,0.559413731098175,5.490434169769287,38.514923095703125,0.559413731098175,5.490434169769287,38.514923095703125,0.0,0.0,0.0,0.0
ev_004453,7.337172985076904,0.7280418276786804,6.31183385848999,7.337172985076904,0.7280418276786804,6.31183385848999,0.0,0.0,0.0,0.0
ev_004454,7.718425750732422,1.0510014295578003,5.353968143463135,8.435348510742188,2.058816909790039,7.689698696136475,-0.7169227600097656,-1.0078154802322388,-2.33573055267334,-4.060468673706055
ev_004455,6.3127827644348145,2.5324652194976807,6.392862319946289,6.3127827644348145,2.5324652194976807,6.392862319946289,0.0,0.0,0.0,0.0
ev_004456,8.640283584594727,4.265699863433838,20.802135467529297,5.366743564605713,3.727227210998535,10.073552131652832,3.2735400199890137,0.5384726524353027,10.728583335876465,14.540596008300781
ev_004457,2.885073661804199,3.2496185302734375,6.364767551422119,2.380983829498291,3.2496185302734375,8.635231971740723,0.5040898323059082,0.0,-2.2704644203186035,-1.7663745880126953
ev_004458,4.623994827270508,8.408102035522461,26.190717697143555,6.685937881469727,2.2508046627044678,21.2216796875,-2.0619430541992188,6.157297134399414,4.969038009643555,9.064393997192383
ev_004459,0.16635635495185852,3.3251521587371826,24.589696884155273,0.16635635495185852,3.3251521587371826,24.589696884155273,0.0,0.0,0.0,0.0
ev_004460,6.470902442932129,1.0198472738265991,11.848225593566895,10.160969734191895,5.360940933227539,6.908267498016357,-3.6900672912597656,-4.34109354019165,4.939958095550537,-3.0912017822265625
ev_004461,2.651278018951416,5.881703853607178,4.836566925048828,2.651278018951416,5.881703853607178,4.836566925048828,0.0,0.0,0.0,0.0
ev_004462,2.909085750579834,2.639390707015991,16.692604064941406,6.599153518676758,6.980484485626221,10.838711738586426,-3.690067768096924,-4.341094017028809,5.8538923263549805,-2.1772689819335938
ev_004463,0.7991158962249756,2.808013677597046,14.26095199584961,0.7991158962249756,2.808013677597046,14.26095199584961,0.0,0.0,0.0,0.0
ev_004464,7.731269836425781,3.34190034866333,26.95182991027832,7.5908708572387695,6.451718807220459,11.95182991027832,0.14039897918701172,-3.109818458557129,15.0,12.030582427978516
ev_004465,6.341921329498291,0.4106186032295227,17.64535903930664,2.0415923595428467,2.733466863632202,15.477544784545898,4.300329208374023,-2.322848320007324,2.167814254760742,4.145296096801758
ev_004466,5.671751499176025,4.721231460571289,16.030214309692383,2.1205942630767822,0.16448387503623962,6.798694610595703,3.551157236099243,4.5567474365234375,9.23151969909668,17.33942413330078
ev_004467,3.1460723876953125,4.852194786071777,32.676456451416016,4.139045238494873,0.3974851667881012,31.683483123779297,-0.9929728507995605,4.454709529876709,0.9929733276367188,4.4547119140625
ev_004468,45.38755416870117,3.2698559761047363,13.34378719329834,45.38755416870117,3.2698559761047363,13.34378719329834,0.0,0.0,0.0,0.0
ev_004469,0.9444252848625183,0.14411862194538116,0.3636629283428192,0.9444252848625183,0.14411862194538116,0.3636629283428192,0.0,0.0,0.0,0.0
ev_004470,5.185534954071045,4.6360859870910645,2.7033283710479736,5.185534954071045,4.6360859870910645,2.7033283710479736,0.0,0.0,0.0,0.0
ev_004471,1.899025321006775,5.687961101531982,6.583189487457275,1.899025321006775,5.687961101531982,6.583189487457275,0.0,0.0,0.0,0.0
ev_004472,6.267268657684326,1.9515419006347656,12.06932544708252,1.002879023551941,1.9515419006347656,7.962719917297363,5.264389514923096,0.0,4.106605529785156,9.370994567871094
ev_004473,9.61847972869873,8.214224815368652,0.8457647562026978,5.511874198913574,13.919035911560059,0.1472080498933792,4.106605529785156,-5.704811096191406,0.6985567212104797,-0.8996486663818359
ev_004474,0.5368731021881104,0.883845865726471,5.372927665710449,0.5368731021881104,0.883845865726471,5.372927665710449,0.0,0.0,0.0,0.0
ev_004475,6.860177040100098,7.124235153198242,3.3173279762268066,2.428084135055542,4.763236045837402,5.653058052062988,4.432092666625977,2.36099910736084,-2.3357300758361816,4.457362174987793
ev_004476,1.5728836059570312,1.7250487804412842,28.08941078186035,4.180687427520752,0.19543404877185822,13.578592300415039,-2.6078038215637207,1.5296146869659424,14.510818481445312,13.432628631591797
ev_004477,2.747408151626587,1.2696782350540161,6.489246368408203,2.747408151626587,1.2696782350540161,6.489246368408203,0.0,0.0,0.0,0.0
ev_004478,2.3616416454315186,3.7504055500030518,25.465173721313477,1.8575518131256104,3.2279176712036133,21.498043060302734,0.5040898323059082,0.5224878787994385,3.967130661010742,4.993709564208984
ev_004479,2.347278118133545,0.5502974987030029,7.346552848815918,2.347278118133545,0.5502974987030029,7.346552848815918,0.0,0.0,0.0,0.0
ev_004480,3.8357203006744385,0.34528297185897827,6.4586005210876465,0.14565269649028778,4.686376571655273,2.001540184020996,3.6900675296783447,-4.34109354019165,4.45706033706665,3.8060340881347656
ev_004481,1.6212414503097534,7.18265438079834,12.186636924743652,0.7686677575111389,0.2528180480003357,16.069948196411133,0.8525736927986145,6.929836273193359,-3.8833112716674805,3.899097442626953
ev_004482,2.7321343421936035,10.14489459991455,4.930675506591797,3.599612236022949,2.807645082473755,132.29994201660156,-0.8674778938293457,7.337249755859375,-127.3692626953125,-120.89949035644531
ev_004483,4.162002086639404,7.070353984832764,61.164833068847656,4.162002086639404,7.070353984832764,61.164833068847656,0.0,0.0,0.0,0.0
ev_004484,1.0828590393066406,1.1214537620544434,17.880573272705078,1.0828590393066406,1.1214537620544434,17.880573272705078,0.0,0.0,0.0,0.0
ev_004485,2.160374879837036,4.169078350067139,18.09375,2.160374879837036,4.169078350067139,18.09375,0.0,0.0,0.0,0.0
ev_004486,2.1450347900390625,7.386710166931152,22.025909423828125,7.590575695037842,7.386710166931152,16.257429122924805,-5.445540904998779,0.0,5.76848030090332,0.3229408264160156
ev_004487,5.750566005706787,5.86796236038208,25.87672996520996,3.48095440864563,1.8932816982269287,20.612340927124023,2.2696115970611572,3.9746806621551514,5.2643890380859375,11.508682250976562
ev_004488,19.341876983642578,0.013264416716992855,0.0028910269029438496,19.341876983642578,0.013264416716992855,0.0028910269029438496,0.0,0.0,0.0,0.0
ev_004489,1.5001965761184692,7.361786365509033,13.782235145568848,1.1368041038513184,3.767279863357544,15.228740692138672,0.3633924722671509,3.5945065021514893,-1.4465055465698242,2.511394500732422
ev_004490,8.695419311523438,1.3358826637268066,13.588126182556152,8.695419311523438,1.3358826637268066,13.588126182556152,0.0,0.0,0.0,0.0
ev_004491,8.09202766418457,1.5594249963760376,14.21924114227295,8.09202766418457,1.5594249963760376,14.21924114227295,0.0,0.0,0.0,0.0
ev_004492,2.4314932823181152,5.373216152191162,7.871176719665527,3.050389051437378,6.486220359802246,0.6276038885116577,-0.6188957691192627,-1.113004207611084,7.24357271194458,5.5116729736328125
ev_004493,3.486030101776123,5.299915790557861,6.119014739990234,7.037891864776611,1.4589498043060303,8.880985260009766,-3.5518617630004883,3.840965986251831,-2.7619705200195312,-2.4728660583496094
ev_004494,4.727639675140381,2.089951753616333,3.7284343242645264,9.279387474060059,1.8234117031097412,7.000148773193359,-4.551747798919678,0.2665400505065918,-3.271714448928833,-7.556921005249023
ev_004495,34.191246032714844,1.752373456954956,1.963065266609192,34.191246032714844,1.752373456954956,1.963065266609192,0.0,0.0,0.0,0.0
ev_004496,10.3234224319458,7.73335075378418,1.1635552644729614,10.3234224319458,7.73335075378418,1.1635552644729614,0.0,0.0,0.0,0.0
ev_004497,4.399754524230957,0.7539313435554504,12.2201566696167,0.9218049049377441,1.1665514707565308,0.16592401266098022,3.477949619293213,-0.4126201272010803,12.054232597351074,15.119562149047852
ev_004498,3.2120468616485596,1.8750104904174805,12.942816734313965,3.2120468616485596,1.8750104904174805,12.942816734313965,0.0,0.0,0.0,0.0
ev_004499,2.1201059818267822,13.705763816833496,1.934198260307312,2.1201059818267822,13.705763816833496,1.934198260307312,0.0,0.0,0.0,0.0
ev_004500,4.216012954711914,1.0874135494232178,22.848011016845703,8.591863632202148,0.033492423593997955,14.349230766296387,-4.375850677490234,1.053921103477478,8.498780250549316,5.176851272583008
ev_004501,1.365291714668274,2.705493927001953,15.444877624511719,1.365291714668274,2.705493927001953,15.444877624511719,0.0,0.0,0.0,0.0
ev_004502,8.01703929901123,3.925830364227295,25.856224060058594,8.01703929901123,3.925830364227295,25.856224060058594,0.0,0.0,0.0,0.0
ev_004503,10.369656562805176,3.0826869010925293,14.103517532348633,10.369656562805176,3.0826869010925293,14.103517532348633,0.0,0.0,0.0,0.0
ev_004504,1.8411870002746582,2.9598538875579834,13.913534164428711,1.8411870002746582,2.9598538875579834,13.913534164428711,0.0,0.0,0.0,0.0
ev_004505,2.9769325256347656,5.866102695465088,17.251359939575195,0.7131350636482239,1.5250091552734375,16.149246215820312,2.2637975215911865,4.34109354019165,1.1021137237548828,7.707004547119141
ev_004506,5.571258068084717,4.753720760345459,9.637131690979004,5.571258068084717,4.753720760345459,9.637131690979004,0.0,0.0,0.0,0.0
ev_004507,18.845149993896484,0.1097865179181099,19.182022094726562,2.4726173877716064,3.9507522583007812,4.182021617889404,16.37253189086914,-3.840965747833252,15.0,27.53156852722168
ev_004508,3.105442523956299,0.008011110126972198,11.865723609924316,3.9729201793670654,2.055471420288086,4.496463298797607,-0.8674776554107666,-2.0474603176116943,7.369260311126709,4.454322814941406
ev_004509,12.165034294128418,7.180809497833252,16.685768127441406,12.165034294128418,7.180809497833252,16.685768127441406,0.0,0.0,0.0,0.0
ev_004510,0.9561095237731934,0.4966180622577667,5.253321170806885,0.9561095237731934,0.4966180622577667,5.253321170806885,0.0,0.0,0.0,0.0
ev_004511,0.5924071669578552,5.5364556312561035,27.063093185424805,0.5924071669578552,5.5364556312561035,27.063093185424805,0.0,0.0,0.0,0.0
ev_004512,8.335077285766602,0.505207359790802,2.9246420860290527,4.502119541168213,0.505207359790802,0.7389673590660095,3.8329577445983887,0.0,2.1856746673583984,6.018632411956787
ev_004513,7.041223526000977,5.117748737335205,12.567514419555664,4.366997241973877,2.317723512649536,2.432485580444336,2.6742262840270996,2.800025224685669,10.135028839111328,15.60927963256836
ev_004514,3.4287209510803223,0.6435239315032959,25.87576675415039,3.4287209510803223,0.6435239315032959,25.87576675415039,0.0,0.0,0.0,0.0
ev_004515,3.772735595703125,1.119314193725586,3.949903726577759,7.537197113037109,10.028733253479004,2.847790002822876,-3.7644615173339844,-8.909419059753418,1.1021137237548828,-11.571765899658203
ev_004516,10.846677780151367,2.827021598815918,26.293373107910156,0.71837317943573,2.3045337200164795,11.898380279541016,10.128304481506348,0.5224878787994385,14.39499282836914,25.04578399658203
ev_004517,1.0307862758636475,1.1522870063781738,1.093841791152954,1.0307862758636475,1.1522870063781738,1.093841791152954,0.0,0.0,0.0,0.0
ev_004518,2.463186264038086,5.016469955444336,2.1322243213653564,5.980097770690918,15.675375938415527,6.873789310455322,-3.516911506652832,-10.658905982971191,-4.741564750671387,-18.917381286621094
ev_004519,0.9559387564659119,0.522601306438446,3.2648966312408447,0.9559387564659119,0.522601306438446,3.2648966312408447,0.0,0.0,0.0,0.0
ev_004520,0.8440775871276855,0.10014351457357407,0.6218947172164917,0.8440775871276855,0.10014351457357407,0.6218947172164917,0.0,0.0,0.0,0.0
ev_004521,4.728813648223877,4.797336578369141,15.281195640563965,15.622208595275879,10.502147674560547,1.5320188999176025,-10.893394470214844,-5.704811096191406,13.749176979064941,-2.849027633666992
ev_004522,0.9934675693511963,7.29831075668335,2.6705572605133057,0.9934675693511963,7.552318096160889,2.6705572605133057,0.0,-0.25400733947753906,0.0,-0.25400733947753906
ev_004523,11.203640937805176,3.3189022541046143,21.21576499938965,7.0970354080200195,2.385908603668213,22.208738327026367,4.106605529785156,0.9329936504364014,-0.9929733276367188,4.046625137329102
ev_004524,3.790536880493164,1.402381420135498,2.319702625274658,3.286447048187256,1.3217006921768188,13.352571487426758,0.5040898323059082,0.0806807279586792,-11.032869338989258,-10.448099136352539
ev_004525,6.031932830810547,3.5996243953704834,5.401576519012451,7.975094318389893,0.4908475875854492,16.130159378051758,-1.9431614875793457,3.108776807785034,-10.728582382202148,-9.562967300415039
ev_004526,6.8262739181518555,3.3363585472106934,26.49104881286621,6.8262739181518555,3.3363585472106934,16.454614639282227,0.0,0.0,10.036434173583984,10.036432266235352
ev_004527,4.591230392456055,0.14824868738651276,33.26318359375,3.723752498626709,1.8992116451263428,25.893922805786133,0.8674778938293457,-1.7509629726409912,7.369260787963867,6.485774993896484
ev_004528,4.607213973999023,0.18713967502117157,20.98108673095703,10.392786026000977,0.18713967502117157,6.4702677726745605,-5.785572052001953,0.0,14.510818481445312,8.72524642944336
ev_004529,4.2006659507751465,9.912579536437988,13.942544937133789,4.2006659507751465,9.912579536437988,13.942544937133789,0.0,0.0,0.0,0.0
ev_004530,10.879500389099121,4.393712997436523,1.2584847211837769,0.06501669436693192,1.6275876760482788,3.9672696590423584,10.814483642578125,2.766125202178955,-2.708785057067871,10.871824264526367
ev_004531,0.8980748057365417,3.440835475921631,9.663350105285645,0.8980748057365417,3.440835475921631,9.663350105285645,0.0,0.0,0.0,0.0
ev_004532,39.60187530517578,5.012302875518799,46.9572868347168,7.186418533325195,2.4231693744659424,7.977506160736084,32.41545867919922,2.5891335010528564,38.97978210449219,73.984375
ev_004533,4.922698974609375,7.962302207946777,3.9151453971862793,5.915671348571777,1.76663076877594,53.186561584472656,-0.9929723739624023,6.195671558380127,-49.27141571044922,-44.06871795654297
ev_004534,31.553611755371094,6.332761287689209,5.204517841339111,7.4932942390441895,2.491795539855957,9.30630111694336,24.060317993164062,3.840965747833252,-4.101783275604248,23.799497604370117
ev_004535,4.708276748657227,1.8703008890151978,19.449613571166992,1.6653683185577393,1.8703008890151978,12.016400337219238,3.0429084300994873,0.0,7.433213233947754,10.476120948791504
ev_004536,11.236090660095215,1.8969873189926147,25.266979217529297,11.095691680908203,5.006805896759033,10.26697826385498,0.14039897918701172,-3.109818458557129,15.000000953674316,12.03057861328125
ev_004537,5.1295342445373535,4.2007341384887695,11.007667541503906,8.679718017578125,5.765305042266846,11.774110794067383,-3.5501837730407715,-1.5645709037780762,-0.7664432525634766,-5.881196975708008
ev_004538,0.44779396057128906,2.188016653060913,8.6867094039917,0.04138732701539993,6.028982639312744,6.313290596008301,0.4064066410064697,-3.840965986251831,2.3734188079833984,-1.061141014099121
ev_004539,0.9710168242454529,3.941452741622925,18.19717788696289,0.9710168242454529,3.941452741622925,18.19717788696289,0.0,0.0,0.0,0.0
ev_004540,3.826327323913574,8.967422485351562,5.221980571746826,2.5439581871032715,12.077239990234375,9.778019905090332,1.2823691368103027,-3.1098175048828125,-4.556039333343506,-6.383489608764648
ev_004541,17.843399047851562,0.44095924496650696,29.842178344726562,2.8433990478515625,0.44095924496650696,15.331358909606934,15.0,0.0,14.510819435119629,29.510820388793945
ev_004542,5.706141948699951,5.187297821044922,5.835025787353516,5.706141948699951,5.187297821044922,5.835025787353516,0.0,0.0,0.0,0.0
ev_004543,5.480863571166992,7.203298568725586,9.391999244689941,5.117475509643555,7.203298568725586,13.238740921020508,0.3633880615234375,0.0,-3.8467416763305664,-3.4833545684814453
ev_004544,0.5086391568183899,2.4668447971343994,9.315205574035645,0.5086391568183899,2.4668447971343994,9.315205574035645,0.0,0.0,0.0,0.0
ev_004545,7.355039596557617,1.7263438701629639,15.077271461486816,7.355039596557617,1.7263438701629639,15.077271461486816,0.0,0.0,0.0,0.0
ev_004546,4.815446376800537,1.8422393798828125,37.7049446105957,4.815446376800537,1.8422393798828125,37.7049446105957,0.0,0.0,0.0,0.0
ev_004547,1.4672985076904297,5.130033493041992,25.363079071044922,1.1039060354232788,1.5355268716812134,11.293832778930664,0.3633924722671509,3.5945067405700684,14.069246292114258,18.027145385742188
ev_004548,7.195628643035889,0.755143404006958,6.853990077972412,7.195628643035889,0.755143404006958,6.853990077972412,0.0,0.0,0.0,0.0
ev_004549,1.5832319259643555,2.6232662200927734,6.941380023956299,0.7157540917396545,0.5758058428764343,12.702186584472656,0.8674778342247009,2.0474603176116943,-5.760806560516357,-2.8458681106567383
ev_004550,0.64405357837677,2.209868907928467,13.301663398742676,0.3183404505252838,1.6310968399047852,1.6983364820480347,0.3257131278514862,0.5787720680236816,11.603326797485352,12.5078125
ev_004551,3.884404182434082,1.8479993343353271,4.64765739440918,4.38849401473999,1.8479993343353271,0.680526614189148,-0.5040898323059082,0.0,3.967130661010742,3.463041305541992
ev_004552,0.39548414945602417,0.2592746317386627,25.52683448791504,0.39548414945602417,0.2592746317386627,25.52683448791504,0.0,0.0,0.0,0.0
ev_004553,3.5375492572784424,4.259271144866943,0.0017553659854456782,3.5375492572784424,4.259271144866943,0.0017553659854456782,0.0,0.0,0.0,0.0
ev_004554,86.9551010131836,9.367693901062012,10.394271850585938,3.0448994636535645,0.010569180361926556,0.010611352510750294,83.91020202636719,9.357124328613281,10.383660316467285,103.65098571777344
ev_004555,6.416008949279785,6.046097278594971,10.357789039611816,6.416008949279785,6.046097278594971,10.357789039611816,0.0,0.0,0.0,0.0
ev_004556,9.39983081817627,1.763206958770752,19.240427017211914,9.39983081817627,1.763206958770752,19.240427017211914,0.0,0.0,0.0,0.0
ev_004557,3.0553958415985107,6.3137946128845215,14.678988456726074,3.418788194656372,2.7192883491516113,12.59154987335205,-0.36339235305786133,3.59450626373291,2.0874385833740234,5.318553924560547
ev_004558,1.5250741243362427,7.782836437225342,10.463493347167969,1.5250741243362427,7.782836437225342,10.463493347167969,0.0,0.0,0.0,0.0
ev_004559,4.330214023590088,2.5975377559661865,1.2007560729980469,4.330214023590088,2.5975377559661865,1.2007560729980469,0.0,0.0,0.0,0.0
ev_004560,2.070608615875244,3.044403553009033,1.732663869857788,2.070608615875244,3.044403553009033,1.732663869857788,0.0,0.0,0.0,0.0
ev_004561,8.772154808044434,0.15106536448001862,23.274873733520508,8.897649765014648,2.256183624267578,20.177030563354492,-0.12549495697021484,-2.1051182746887207,3.0978431701660156,0.8672294616699219
ev_004562,5.592113018035889,0.45164069533348083,11.730334281921387,5.592113018035889,12.31517505645752,11.730334281921387,0.0,-11.863533973693848,0.0,-11.863534927368164
ev_004563,6.425590515136719,3.126399040222168,12.49774169921875,5.028628349304199,3.126399040222168,3.9989612102508545,1.3969621658325195,0.0,8.498780250549316,9.895743370056152
ev_004564,6.902468681335449,2.3894777297973633,18.458696365356445,1.1488975286483765,2.3894777297973633,3.9478769302368164,5.753571033477783,0.0,14.510819435119629,20.26439094543457
ev_004565,10.678966522216797,7.299758434295654,47.87346649169922,3.252824544906616,1.7826908826828003,8.151684761047363,7.426141738891602,5.5170674324035645,39.72178268432617,52.66498565673828
ev_004566,2.8925933837890625,10.644057273864746,1.3764262199401855,2.8925933837890625,10.644057273864746,1.3764262199401855,0.0,0.0,0.0,0.0
ev_004567,5.394444942474365,5.092990875244141,8.96134090423584,5.394444942474365,5.092990875244141,8.96134090423584,0.0,0.0,0.0,0.0
ev_004568,0.19543296098709106,1.753908634185791,27.035720825195312,0.16795499622821808,3.278881072998047,23.372112274169922,0.027477964758872986,-1.5249724388122559,3.6636085510253906,2.1661128997802734
ev_004569,3.1425421237945557,0.02952430211007595,5.298369407653809,3.1425421237945557,0.02952430211007595,5.298369407653809,0.0,0.0,0.0,0.0
ev_004570,6.192366123199463,2.5471489429473877,18.123071670532227,5.7034831047058105,1.3850725889205933,24.884525299072266,0.48888301849365234,1.1620763540267944,-6.761453628540039,-5.110494613647461
ev_004571,0.22887326776981354,1.236113429069519,7.653842449188232,0.22887326776981354,1.236113429069519,7.653842449188232,0.0,0.0,0.0,0.0
ev_004572,8.775815963745117,5.789070129394531,31.990177154541016,9.139204025268555,4.264097690582275,28.326568603515625,-0.3633880615234375,1.5249724388122559,3.6636085510253906,4.825191497802734
ev_004573,4.940395832061768,1.7171579599380493,26.9717960357666,4.940395832061768,1.7171579599380493,26.9717960357666,0.0,0.0,0.0,0.0
ev_004574,2.200277805328369,1.3949178457260132,4.467965602874756,0.7032150626182556,1.5391526222229004,8.73938274383545,1.4970626831054688,-0.1442347764968872,-4.271417140960693,-2.918588638305664
ev_004575,5.0006632804870605,2.0037314891815186,11.132631301879883,5.0006632804870605,2.0037314891815186,11.132631301879883,0.0,0.0,0.0,0.0
ev_004576,3.1133511066436768,9.168676376342773,31.921417236328125,0.12577645480632782,1.4164049625396729,16.921417236328125,2.987574577331543,7.75227165222168,15.0,25.73984718322754
ev_004577,58.99002456665039,0.5989032983779907,1.3242522478103638,58.99002456665039,0.5989032983779907,1.3242522478103638,0.0,0.0,0.0,0.0
ev_004578,10.215537071228027,1.471199870109558,28.751283645629883,10.215537071228027,1.471199870109558,28.751283645629883,0.0,0.0,0.0,0.0
ev_004579,3.669147253036499,5.749598026275635,13.16926383972168,3.8095462322235107,2.639779567718506,13.847545623779297,-0.14039897918701172,3.109818458557129,-0.6782817840576172,2.2911376953125
ev_004580,3.7182435989379883,11.088719367980957,39.02509689331055,3.7033393383026123,5.571651458740234,27.437950134277344,0.014904260635375977,5.517067909240723,11.587146759033203,17.119121551513672
ev_004581,1.2474098205566406,1.4853448867797852,28.016992568969727,1.663947582244873,6.4394402503967285,13.016992568969727,-0.4165377616882324,-4.954095363616943,15.0,9.62936782836914
ev_004582,2.748868942260742,1.1474050283432007,10.58414077758789,2.748868942260742,1.1474050283432007,10.58414077758789,0.0,0.0,0.0,0.0
ev_004583,1.4181759357452393,1.2528572082519531,5.507412910461426,1.7815638780593872,1.2528572082519531,17.123327255249023,-0.36338794231414795,0.0,-11.615914344787598,-11.979303359985352
ev_004584,10.790635108947754,2.5035293102264404,5.370829105377197,10.650236129760742,0.47372007369995117,3.0350987911224365,0.14039897918701172,2.0298092365264893,2.3357303142547607,4.505937576293945
ev_004585,1.2348812818527222,2.2447495460510254,6.829113960266113,1.2348812818527222,2.2447495460510254,6.829113960266113,0.0,0.0,0.0,0.0
ev_004586,56.10030746459961,3.37892484664917,66.7684326171875,48.047119140625,0.21558168530464172,51.7684326171875,8.05318832397461,3.1633431911468506,15.0,26.216537475585938
ev_004587,14.648338317871094,2.905876874923706,16.50657844543457,14.648338317871094,2.905876874923706,16.50657844543457,0.0,0.0,0.0,0.0
ev_004588,8.63559341430664,9.465991020202637,8.446815490722656,4.676372528076172,3.1990065574645996,3.915165901184082,3.9592208862304688,6.266984462738037,4.531649589538574,14.757856369018555
ev_004589,3.91693377494812,1.7702409029006958,2.9126195907592773,3.0494558811187744,1.1111888885498047,10.281879425048828,0.8674778938293457,0.6590520143508911,-7.369259834289551,-5.842729568481445
ev_004590,0.23266549408435822,0.002016413025557995,4.030277252197266,10.722122192382812,6.226859092712402,4.030277252197266,-10.489457130432129,-6.224842548370361,0.0,-16.71430015563965
ev_004591,1.5182499885559082,0.9489801526069641,18.17502212524414,1.5182499885559082,0.9489801526069641,18.17502212524414,0.0,0.0,0.0,0.0
ev_004592,0.671754002571106,0.5871855616569519,7.237761974334717,0.671754002571106,0.5871855616569519,7.237761974334717,0.0,0.0,0.0,0.0
ev_004593,9.628995895385742,0.1121666431427002,4.024258136749268,1.2643985748291016,3.4782111644744873,0.5893092751502991,8.36459732055664,-3.366044521331787,3.4349489212036133,8.433502197265625
ev_004594,1.2985068559646606,7.1493659019470215,9.22691535949707,0.7944169640541077,5.329181671142578,54.22691345214844,0.504089891910553,1.8201842308044434,-45.0,-42.675724029541016
ev_004595,32.375247955322266,2.4041388034820557,9.492181777954102,32.375247955322266,2.4041388034820557,9.492181777954102,0.0,0.0,0.0,0.0
ev_004596,2.1852333545684814,0.7106719613075256,16.112754821777344,0.006890497636049986,1.4004629850387573,24.611536026000977,2.178342819213867,-0.6897910237312317,-8.498781204223633,-7.010231018066406
ev_004597,0.49236389994621277,3.9471161365509033,4.341100215911865,0.49236389994621277,3.9471161365509033,4.341100215911865,0.0,0.0,0.0,0.0
ev_004598,13.55578327178955,3.0281822681427,22.196439743041992,13.415384292602539,0.08163606375455856,16.354215621948242,0.14039897918701172,2.9465463161468506,5.84222412109375,8.929166793823242
ev_004599,5.8322038650512695,1.7306503057479858,7.832061290740967,5.468815803527832,3.2556228637695312,7.167938709259033,0.3633880615234375,-1.5249725580215454,0.6641225814819336,-0.49746227264404297
ev_004600,6.343488693237305,0.08212094753980637,0.02070598118007183,6.343488693237305,0.08212094753980637,0.02070598118007183,0.0,0.0,0.0,0.0
ev_004601,10.331995964050293,1.210645318031311,3.616464138031006,2.4758808612823486,0.2984777092933655,4.882316589355469,7.856115341186523,0.9121676087379456,-1.265852451324463,7.502429962158203
ev_004602,1.6339434385299683,8.373592376708984,21.876646041870117,47.626914978027344,2.1716980934143066,32.605228424072266,-45.99297332763672,6.201894283294678,-10.728582382202148,-50.519657135009766
ev_004603,0.11257961392402649,2.8479318618774414,7.026129722595215,0.2380746304988861,0.44068285822868347,10.12397289276123,-0.12549501657485962,2.4072489738464355,-3.0978431701660156,-0.8160896301269531
ev_004604,0.7930153608322144,6.569797515869141,21.248537063598633,1.1502492427825928,2.725391387939453,6.248538017272949,-0.3572338819503784,3.8444061279296875,14.999999046325684,18.487171173095703
ev_004605,5.249625205993652,1.8944963216781616,26.795562744140625,5.7537150382995605,1.3720085620880127,22.828432083129883,-0.5040898323059082,0.5224877595901489,3.967130661010742,3.9855308532714844
ev_004606,3.0643601417541504,4.233531475067139,9.702574729919434,3.0643601417541504,4.233531475067139,9.702574729919434,0.0,0.0,0.0,0.0
ev_004607,5.486431121826172,0.08002685755491257,6.400172233581543,4.633857250213623,7.515499114990234,38.33585739135742,0.8525738716125488,-7.43547248840332,-31.935684204101562,-38.518585205078125
ev_004608,9.990222930908203,4.446692943572998,15.5508451461792,9.990222930908203,4.446692943572998,15.5508451461792,0.0,0.0,0.0,0.0
ev_004609,5.0936174392700195,5.286513805389404,12.792611122131348,5.0936174392700195,1.7402317523956299,20.420284271240234,0.0,3.5462820529937744,-7.627673149108887,-4.081392288208008
ev_004610,6.290860652923584,3.8877363204956055,17.793296813964844,6.290860652923584,3.8877363204956055,17.793296813964844,0.0,0.0,0.0,0.0
ev_004611,1.1129734516143799,0.44235849380493164,22.11663818359375,1.1129734516143799,0.44235849380493164,22.11663818359375,0.0,0.0,0.0,0.0
ev_004612,14.511548042297363,5.323314189910889,36.71335983276367,14.928086280822754,0.8932191729545593,21.713359832763672,-0.4165382385253906,4.430095195770264,15.0,19.01355743408203
ev_004613,11.001577377319336,0.8474210500717163,27.85251235961914,3.998422384262085,0.8474210500717163,27.85251235961914,7.003154754638672,0.0,0.0,7.003154754638672
ev_004614,7.658426284790039,0.863686740398407,25.096933364868164,3.6558334827423096,0.863686740398407,10.096932411193848,4.002593040466309,0.0,15.000000953674316,19.002592086791992
ev_004615,1.4070950746536255,2.487428665161133,9.57099723815918,1.0437027215957642,6.081934928894043,5.429002285003662,0.36339235305786133,-3.59450626373291,4.141994953155518,0.9108810424804688
ev_004616,9.697933197021484,6.233246803283691,31.735158920288086,10.061321258544922,4.708273887634277,28.071550369262695,-0.3633880615234375,1.524972915649414,3.6636085510253906,4.8251953125
ev_004617,3.2313807010650635,3.088732957839966,25.180753707885742,2.148267984390259,3.088732957839966,10.180752754211426,1.0831127166748047,0.0,15.000000953674316,16.083114624023438
ev_004618,1.584366798400879,3.3122785091400146,0.23175835609436035,0.22884778678417206,6.5382208824157715,0.8703553676605225,1.3555190563201904,-3.225942373275757,-0.6385970115661621,-2.5090208053588867
ev_004619,45.732791900634766,8.86880874633789,113.51610565185547,0.732791006565094,1.6764817237854004,124.24468994140625,45.0,7.19232702255249,-10.728584289550781,41.4637451171875
ev_004620,52.14867401123047,5.405442714691162,56.366424560546875,4.145066261291504,2.030029773712158,116.36642456054688,48.00360870361328,3.375412940979004,-60.0,-8.620979309082031
ev_004621,15.479236602783203,6.4985032081604,0.11415663361549377,8.27158260345459,0.7936919927597046,1.699057936668396,7.207653999328613,5.704811096191406,-1.5849013328552246,11.327564239501953
ev_004622,4.13943338394165,4.4132914543151855,2.4432013034820557,3.2868595123291016,3.0221810340881348,5.8068437576293945,0.8525738716125488,1.3911104202270508,-3.363642454147339,-1.1199588775634766
ev_004623,4.830969333648682,2.997053861618042,1.0088191032409668,4.326879501342773,2.4745659828186035,13.991181373596191,0.5040898323059082,0.5224878787994385,-12.982362747192383,-11.955785751342773
ev_004624,6.8182268142700195,1.090582013130188,26.12211036682129,6.8182268142700195,1.090582013130188,26.12211036682129,0.0,0.0,0.0,0.0
ev_004625,3.031414747238159,1.7279378175735474,11.865242004394531,3.031414747238159,1.7279378175735474,11.865242004394531,0.0,0.0,0.0,0.0
ev_004626,8.347182273864746,1.00460946559906,30.015161514282227,8.472677230834961,3.411858558654785,22.857988357543945,-0.12549495697021484,-2.4072489738464355,7.157173156738281,4.624427795410156
ev_004627,5.067259311676025,1.4731320142745972,2.9137871265411377,0.4919687807559967,6.026280403137207,12.086213111877441,4.575290679931641,-4.55314826965332,-9.172426223754883,-9.150282859802246
ev_004628,9.137880325317383,3.5573618412017822,22.922035217285156,9.641969680786133,4.079849720001221,7.9220356941223145,-0.50408935546875,-0.5224878787994385,15.0,13.973424911499023
ev_004629,0.9002874493598938,4.25286340713501,8.939849853515625,0.9002874493598938,4.25286340713501,8.939849853515625,0.0,0.0,0.0,0.0
ev_004630,10.133770942687988,1.8391849994659424,19.836503982543945,10.133770942687988,1.8391849994659424,19.836503982543945,0.0,0.0,0.0,0.0
ev_004631,0.5307246446609497,4.418913841247559,0.6192190647125244,12.911020278930664,6.76248025894165,9.332257270812988,-12.380295753479004,-2.343566417694092,-8.713038444519043,-23.436899185180664
ev_004632,5.843306064605713,7.448103904724121,31.68351173400879,5.843306064605713,7.448103904724121,31.68351173400879,0.0,0.0,0.0,0.0
ev_004633,6.052404880523682,3.0977871417999268,6.090211391448975,6.052404880523682,3.0977871417999268,6.090211391448975,0.0,0.0,0.0,0.0
ev_004634,46.83969497680664,5.928159713745117,39.20805358886719,46.83969497680664,5.928159713745117,39.20805358886719,0.0,0.0,0.0,0.0
ev_004635,40.933929443359375,7.790258407592773,6.6399006843566895,40.933929443359375,7.790258407592773,6.6399006843566895,0.0,0.0,0.0,0.0
ev_004636,5.513548374176025,2.8752050399780273,30.672597885131836,5.930086135864258,2.078890085220337,15.67259693145752,-0.4165377616882324,0.7963149547576904,15.000000953674316,15.379779815673828
ev_004637,11.280411720275879,6.728959083557129,1.1003941297531128,11.280411720275879,6.728959083557129,1.1003941297531128,0.0,0.0,0.0,0.0
ev_004638,6.406305313110352,2.748521566390991,26.645912170410156,6.406305313110352,2.748521566390991,26.645912170410156,0.0,0.0,0.0,0.0
ev_004639,6.992481708526611,2.3705034255981445,1.8348217010498047,5.179266929626465,5.596445560455322,2.9369354248046875,1.8132147789001465,-3.2259421348571777,-1.1021137237548828,-2.514841079711914
ev_004640,1.8973162174224854,0.2177284061908722,21.53915786743164,12.79071044921875,5.487082481384277,4.725943088531494,-10.893394470214844,-5.269353866577148,16.813215255737305,0.6504650115966797
ev_004641,4.762726306915283,4.406147003173828,17.024187088012695,4.258636474609375,3.8836591243743896,13.057056427001953,0.5040898323059082,0.5224878787994385,3.967130661010742,4.993707656860352
ev_004642,0.8536856174468994,2.8401577472686768,0.6400977969169617,13.565993309020996,1.49396550655365,15.462016105651855,-12.712307929992676,1.3461922407150269,-14.821918487548828,-26.188034057617188
ev_004643,2.3896994590759277,2.917418956756592,13.835175514221191,2.878880739212036,0.9235467314720154,1.1648244857788086,-0.4891812801361084,1.9938721656799316,12.670351028442383,14.175042152404785
ev_004644,0.08019085228443146,7.117915630340576,36.630496978759766,15.932765007019043,0.4466121196746826,20.637523651123047,-15.852574348449707,6.671303749084473,15.992973327636719,6.811702728271484
ev_004645,10.452486991882324,0.8993187546730042,31.039264678955078,3.680035352706909,1.148141622543335,23.408523559570312,6.772451400756836,-0.2488228678703308,7.630741119384766,14.15437126159668
ev_004646,9.932272911071777,1.723557472229004,13.894050598144531,2.4537839889526367,2.844463348388672,1.1059497594833374,7.478488922119141,-1.120905876159668,12.788101196289062,19.14568328857422
ev_004647,4.973537921905518,6.435455799102783,0.7357145547866821,5.919857025146484,2.8450777530670166,6.0001044273376465,-0.9463191032409668,3.5903780460357666,-5.264389991760254,-2.620330810546875
ev_004648,4.661905288696289,1.8123948574066162,25.970422744750977,4.661905288696289,1.8123948574066162,25.970422744750977,0.0,0.0,0.0,0.0
ev_004649,2.900730848312378,3.5231266021728516,6.275410175323486,18.37241554260254,0.317839115858078,0.816286027431488,-15.471684455871582,3.205287456512451,5.4591240882873535,-6.807271957397461
ev_004650,0.07460975646972656,1.763227939605713,5.890000343322754,0.28878268599510193,1.8312785625457764,7.33650541305542,-0.21417292952537537,-0.06805062294006348,-1.446505069732666,-1.7287287712097168
ev_004651,1.0478284358978271,0.5257938504219055,0.6188357472419739,1.0478284358978271,0.5257938504219055,0.6188357472419739,0.0,0.0,0.0,0.0
ev_004652,1.8771573305130005,7.283731460571289,7.498861789703369,1.8771573305130005,7.283731460571289,7.498861789703369,0.0,0.0,0.0,0.0
ev_004653,2.883568048477173,1.0798686742782593,7.1562299728393555,2.883568048477173,1.0798686742782593,7.1562299728393555,0.0,0.0,0.0,0.0
ev_004654,3.5928800106048584,7.595061779022217,16.305233001708984,3.733279228210449,4.485243320465088,18.64096450805664,-0.14039921760559082,3.109818458557129,-2.3357315063476562,0.6336879730224609
ev_004655,41.04811477661133,8.702461242675781,49.04307556152344,3.9518840312957764,1.8428298234939575,10.956923484802246,37.096229553222656,6.859631538391113,38.086151123046875,82.04202270507812
ev_004656,43.26258087158203,5.963787078857422,76.61437225341797,14.115156173706055,1.4716852903366089,1.3914473056793213,29.147424697875977,4.492101669311523,75.2229232788086,108.86245727539062
ev_004657,1.2427241802215576,2.6355299949645996,21.90314292907715,10.067208290100098,8.02337646484375,11.380988121032715,-8.824483871459961,-5.38784646987915,10.522154808044434,-3.690176010131836
ev_004658,3.57672381401062,3.348168134689331,8.140181541442871,3.57672381401062,3.348168134689331,8.140181541442871,0.0,0.0,0.0,0.0
ev_004659,3.3825607299804688,1.8933775424957275,14.112218856811523,0.6725782155990601,5.003195762634277,2.2983672618865967,2.709982395172119,-3.10981822013855,11.813851356506348,11.414015769958496
ev_004660,7.445965766906738,1.5825468301773071,39.150455474853516,7.571460723876953,0.8247022032737732,29.573631286621094,-0.12549495697021484,0.7578446269035339,9.576824188232422,10.209175109863281
ev_004661,4.653167724609375,4.798933506011963,0.015272875316441059,6.3942155838012695,0.15516187250614166,9.490277290344238,-1.7410478591918945,4.643771648406982,-9.475004196166992,-6.572279930114746
ev_004662,5.500204086303711,0.06729231029748917,22.895719528198242,5.625699043273926,2.339956760406494,19.797876358032227,-0.12549495697021484,-2.2726645469665527,3.0978431701660156,0.6996822357177734
ev_004663,14.280782699584961,6.750174522399902,2.2496554851531982,10.845833778381348,6.227686405181885,0.43644097447395325,3.4349489212036133,0.5224881172180176,1.8132145404815674,5.770648956298828
ev_004664,0.308245986700058,0.09847439080476761,5.113198280334473,0.308245986700058,0.09847439080476761,5.113198280334473,0.0,0.0,0.0,0.0
ev_004665,8.292579650878906,1.517416000366211,1.0577970743179321,8.292579650878906,1.517416000366211,1.0577970743179321,0.0,0.0,0.0,0.0
ev_004666,3.239079713821411,5.481899738311768,15.79404354095459,3.0986807346343994,2.3720815181732178,30.794044494628906,0.14039897918701172,3.10981822013855,-15.000000953674316,-11.749786376953125
ev_004667,3.3992397785186768,1.2764939069747925,11.121639251708984,3.3992397785186768,1.2764939069747925,11.121639251708984,0.0,0.0,0.0,0.0
ev_004668,1.900970697402954,2.0142323970794678,1.1599719524383545,1.5375827550888062,2.0142323970794678,16.159971237182617,0.36338794231414795,0.0,-14.999999046325684,-14.636610984802246
ev_004669,2.9646146297454834,3.3212602138519287,15.808026313781738,3.3280069828033447,0.27324622869491577,17.254531860351562,-0.36339235305786133,3.048013925552368,-1.4465055465698242,1.2381153106689453
ev_004670,3.410710334777832,4.561042785644531,23.22196388244629,3.270311117172241,7.67086124420166,8.221963882446289,0.14039921760559082,-3.109818458557129,15.0,12.030582427978516
ev_004671,4.998472213745117,3.7512636184692383,2.533015489578247,7.809403896331787,0.525321364402771,9.034235000610352,-2.81093168258667,3.2259421348571777,-6.501219749450684,-6.086210250854492
ev_004672,7.054989814758301,6.365454196929932,11.994482040405273,4.254942893981934,4.293452262878418,2.0214037895202637,2.800046920776367,2.0720019340515137,9.973077774047852,14.84512710571289
ev_004673,1.4450087547302246,3.289799690246582,17.314842224121094,1.4450087547302246,3.289799690246582,17.314842224121094,0.0,0.0,0.0,0.0
ev_004674,3.2252557277679443,1.2106738090515137,4.499169826507568,3.2252557277679443,1.2106738090515137,4.499169826507568,0.0,0.0,0.0,0.0
ev_004675,8.604838371276855,7.633987903594971,4.723138332366943,4.203038215637207,6.245105743408203,5.240962505340576,4.401800155639648,1.3888821601867676,-0.5178241729736328,5.272859573364258
ev_004676,3.8701391220092773,6.119598865509033,0.48215141892433167,4.198129653930664,6.523590087890625,4.919280052185059,-0.3279905319213867,-0.4039912223815918,-4.43712854385376,-5.169110298156738
ev_004677,11.19472599029541,7.732983112335205,14.995987892150879,11.19472599029541,7.732983112335205,14.995987892150879,0.0,0.0,0.0,0.0
ev_004678,3.624983787536621,4.5634307861328125,0.4783329367637634,3.765383005142212,1.4536123275756836,2.814063310623169,-0.14039921760559082,3.109818458557129,-2.3357303142547607,0.6336889266967773
ev_004679,0.04392920061945915,4.18629264831543,29.493450164794922,0.4073171615600586,5.7112650871276855,25.8298397064209,-0.36338797211647034,-1.5249724388122559,3.6636104583740234,1.7752494812011719
ev_004680,4.795729637145996,1.360433578491211,20.661035537719727,4.306548118591309,2.480532169342041,112.01607513427734,0.4891815185546875,-1.12009859085083,-91.35504150390625,-91.98595428466797
ev_004681,2.0649938583374023,4.265965461730957,2.4563565254211426,2.079897880554199,3.7461724281311035,2.9772167205810547,-0.014904022216796875,0.5197930335998535,-0.5208601951599121,-0.015972137451171875
ev_004682,0.7022936940193176,0.6245179176330566,11.29868221282959,0.7022936940193176,0.6245179176330566,11.29868221282959,0.0,0.0,0.0,0.0
ev_004683,4.699561595916748,4.485964775085449,7.922921180725098,4.699561595916748,4.485964775085449,7.922921180725098,0.0,0.0,0.0,0.0
ev_004684,0.5481354594230652,11.094619750976562,13.026191711425781,1.3875510692596436,3.659147262573242,1.9738086462020874,-0.8394156098365784,7.43547248840332,11.052383422851562,17.648439407348633
ev_004685,5.1297197341918945,3.800243377685547,8.23943042755127,5.1297197341918945,3.800243377685547,8.23943042755127,0.0,0.0,0.0,0.0
ev_004686,10.869645118713379,1.59029221534729,0.7331896424293518,3.4468674659729004,0.8169568181037903,3.8310325145721436,7.4227776527404785,0.7733353972434998,-3.0978429317474365,5.098269462585449
ev_004687,4.218139171600342,1.9540398120880127,24.260955810546875,3.546482801437378,4.273259162902832,9.260956764221191,0.6716563701629639,-2.3192193508148193,14.999999046325684,13.352436065673828
ev_004688,5.11979341506958,8.723065376281738,5.114190101623535,5.11979341506958,8.723065376281738,5.114190101623535,0.0,0.0,0.0,0.0
ev_004689,5.235038757324219,3.275463342666626,10.852116584777832,5.235038757324219,3.275463342666626,10.852116584777832,0.0,0.0,0.0,0.0
ev_004690,4.412559509277344,1.8378640413284302,14.478798866271973,5.323050498962402,1.8378640413284302,8.710319519042969,-0.9104909896850586,0.0,5.768479347229004,4.857987403869629
ev_004691,3.6863269805908203,3.24330472946167,18.603395462036133,3.6863269805908203,3.24330472946167,18.603395462036133,0.0,0.0,0.0,0.0
ev_004692,1.4457989931106567,7.750152587890625,2.306472063064575,1.4457989931106567,7.750152587890625,2.306472063064575,0.0,0.0,0.0,0.0
ev_004693,0.4694473147392273,6.195785045623779,34.8807373046875,2.965501546859741,5.673296928405762,18.88776397705078,-2.496054172515869,0.5224881172180176,15.992973327636719,14.0194091796875
ev_004694,6.028256416320801,2.9662530422210693,8.074470520019531,1.9216512441635132,8.671064376831055,9.06744384765625,4.106605052947998,-5.704811096191406,-0.9929733276367188,-2.5911788940429688
ev_004695,4.666079521179199,1.5277345180511475,12.681171417236328,4.666079521179199,1.5277345180511475,12.681171417236328,0.0,0.0,0.0,0.0
ev_004696,7.70383358001709,4.895182132720947,5.154937744140625,7.29616641998291,4.895182132720947,5.154937744140625,0.4076671600341797,0.0,0.0,0.4076671600341797
ev_004697,2.5294547080993652,2.5809786319732666,0.24773511290550232,4.898285865783691,0.5630750060081482,5.728635311126709,-2.368831157684326,2.0179035663604736,-5.480900287628174,-5.8318281173706055
ev_004698,2.8946585655212402,11.318428039550781,2.0293691158294678,2.8946585655212402,3.07239031791687,131.58529663085938,0.0,8.246037483215332,-129.55592346191406,-121.30988311767578
ev_004699,2.7926642894744873,9.238659858703613,8.668316841125488,4.984787940979004,10.03329086303711,1.9569222927093506,-2.1921236515045166,-0.7946310043334961,6.711394309997559,3.724641799926758
ev_004700,3.4903903007507324,6.231629371643066,38.70539474487305,3.127002239227295,4.7066569328308105,35.04178237915039,0.3633880615234375,1.5249724388122559,3.6636123657226562,5.551971435546875
ev_004701,4.585151672363281,0.4988020360469818,0.9587906002998352,4.585151672363281,0.4988020360469818,0.9587906002998352,0.0,0.0,0.0,0.0
ev_004702,4.364044189453125,1.158774495124817,23.132287979125977,4.780581951141357,6.112869739532471,8.132287979125977,-0.4165377616882324,-4.954095363616943,15.0,9.629365921020508
ev_004703,15.619301795959473,0.3733029067516327,19.92444610595703,15.619301795959473,0.3733029067516327,19.92444610595703,0.0,0.0,0.0,0.0
ev_004704,1.4649207592010498,7.861398696899414,9.393928527832031,2.6416845321655273,1.4337900876998901,30.247819900512695,-1.1767637729644775,6.427608489990234,-20.853891372680664,-15.603046417236328
ev_004705,9.77269458770752,2.6917002201080322,0.2735036015510559,9.77269458770752,2.6917002201080322,0.2735036015510559,0.0,0.0,0.0,0.0
ev_004706,1.5330435037612915,0.11734873056411743,15.648126602172852,3.7251672744750977,1.0035572052001953,9.146907806396484,-2.1921238899230957,-0.8862084746360779,6.501218795776367,3.422886848449707
ev_004707,10.657906532287598,0.8870301842689514,17.15338134765625,4.342092990875244,0.8870301842689514,17.15338134765625,6.3158135414123535,0.0,0.0,6.315814971923828
ev_004708,2.1117358207702637,2.241478681564331,68.27051544189453,2.1117358207702637,0.7770289182662964,8.27051830291748,0.0,1.4644497632980347,59.999996185302734,61.46445083618164
ev_004709,1.4955812692642212,4.772363185882568,128.19679260253906,1.4955812692642212,4.772363185882568,128.19679260253906,0.0,0.0,0.0,0.0
ev_004710,6.244985580444336,4.326418399810791,4.336138725280762,6.733868598937988,0.3941967785358429,2.425313711166382,-0.48888301849365234,3.9322216510772705,1.9108250141143799,5.35416316986084
ev_004711,6.817283630371094,2.8158228397369385,24.599348068237305,1.0488039255142212,3.032874345779419,18.74545669555664,5.768479824066162,-0.21705150604248047,5.853891372680664,11.405317306518555
ev_004712,7.96888542175293,0.2849627137184143,12.834248542785645,7.03111457824707,10.373943328857422,18.3375301361084,0.9377708435058594,-10.088980674743652,-5.503281593322754,-14.654491424560547
ev_004713,8.937898635864258,2.432093620300293,16.488353729248047,8.937898635864258,2.432093620300293,16.488353729248047,0.0,0.0,0.0,0.0
ev_004714,7.412762641906738,2.3325085639953613,23.765117645263672,7.412762641906738,2.3325085639953613,23.765117645263672,0.0,0.0,0.0,0.0
ev_004715,6.061896800994873,4.5670294761657715,8.188103675842285,6.061896800994873,4.5670294761657715,8.188103675842285,0.0,0.0,0.0,0.0
ev_004716,5.017031669616699,0.7062980532646179,7.147849082946777,4.037297248840332,0.7062980532646179,7.147849082946777,0.9797344207763672,0.0,0.0,0.9797344207763672
ev_004717,27.655399322509766,0.8088173866271973,22.618337631225586,5.6631999015808105,3.0321483612060547,7.618338108062744,21.992198944091797,-2.2233309745788574,15.0,34.76886749267578
ev_004718,9.319600105285645,0.3594924807548523,3.4923510551452637,9.44509506225586,2.0477566719055176,0.39450815320014954,-0.12549495697021484,-1.6882641315460205,3.0978429317474365,1.2840843200683594
ev_004719,28.71870231628418,3.962789535522461,2.022454261779785,28.71870231628418,3.962789535522461,2.022454261779785,0.0,0.0,0.0,0.0
ev_004720,3.473724126815796,4.53773832321167,23.284658432006836,3.473724126815796,4.53773832321167,23.284658432006836,0.0,0.0,0.0,0.0
ev_004721,7.131762981414795,3.3330299854278564,14.719037055969238,7.635852813720703,3.855517864227295,0.28096330165863037,-0.5040898323059082,-0.5224878787994385,14.438074111938477,13.41149616241455
ev_004722,5.434518337249756,6.877816200256348,9.457097053527832,4.9456353187561035,4.55026912689209,16.218549728393555,0.48888301849365234,2.327547073364258,-6.761452674865723,-3.9450225830078125
ev_004723,14.733623504638672,0.4231395721435547,20.382652282714844,0.26637643575668335,3.4178261756896973,5.382652759552002,14.467247009277344,-2.9946866035461426,15.0,26.472557067871094
ev_004724,3.143827199935913,5.620671272277832,13.137688636779785,3.5072195529937744,2.0261645317077637,10.895472526550293,-0.36339235305786133,3.5945067405700684,2.242216110229492,5.473331451416016
ev_004725,12.723931312561035,1.242153525352478,11.623268127441406,3.378182888031006,9.416752815246582,13.436482429504395,9.345748901367188,-8.174599647521973,-1.8132143020629883,-0.6420669555664062
ev_004726,7.425668239593506,2.5492684841156006,26.912263870239258,7.08544921875,1.3829530477523804,1.183680772781372,0.34021902084350586,1.1663154363632202,25.72858238220215,27.235116958618164
ev_004727,3.6256489753723145,1.0001976490020752,24.584131240844727,3.6256489753723145,1.0001976490020752,24.584131240844727,0.0,0.0,0.0,0.0
ev_004728,1.737980842590332,4.588866710662842,34.4948844909668,0.8854071497917175,2.8466055393218994,4.494883060455322,0.8525736927986145,1.7422611713409424,30.000001907348633,32.59483337402344
ev_004729,5.732035160064697,0.17426197230815887,4.794064044952393,5.732035160064697,0.17426197230815887,4.794064044952393,0.0,0.0,0.0,0.0
ev_004730,3.886798858642578,0.282493531703949,11.448508262634277,3.886798858642578,0.282493531703949,11.448508262634277,0.0,0.0,0.0,0.0
ev_004731,4.025958061218262,2.5026955604553223,7.8547892570495605,4.389350414276123,2.5026955604553223,6.4082841873168945,-0.36339235305786133,0.0,1.446505069732666,1.0831127166748047
ev_004732,31.67681121826172,6.991035461425781,37.80701446533203,8.882380485534668,0.4444369971752167,97.80701446533203,22.794429779052734,6.546598434448242,-60.0,-30.658973693847656
ev_004733,11.052005767822266,9.364964485168457,21.826126098632812,0.257926344871521,1.2939419746398926,20.559741973876953,10.794079780578613,8.071022033691406,1.2663841247558594,20.131484985351562
ev_004734,1.8560667037963867,2.0843145847320557,6.527040481567383,3.2829034328460693,2.8697805404663086,6.527040481567383,-1.4268367290496826,-0.7854659557342529,0.0,-2.2123031616210938
ev_004735,36.14078140258789,9.060120582580566,4.874252796173096,36.14078140258789,9.060120582580566,4.874252796173096,0.0,0.0,0.0,0.0
ev_004736,7.279698371887207,0.7118843197822571,2.117694616317749,7.279698371887207,0.7118843197822571,2.117694616317749,0.0,0.0,0.0,0.0
ev_004737,4.052333354949951,3.328843832015991,8.515946388244629,3.6889455318450928,3.9141685962677,11.740495681762695,0.3633878231048584,-0.585324764251709,-3.2245492935180664,-3.4464855194091797
ev_004738,0.5208213329315186,2.288081407546997,8.35903263092041,2.05135178565979,3.238919496536255,4.457655906677246,-1.5305304527282715,-0.9508380889892578,3.901376724243164,1.420008659362793
ev_004739,18.719663619995117,0.8634059429168701,18.28672218322754,2.3273918628692627,2.977559804916382,3.286721706390381,16.392271041870117,-2.1141538619995117,15.0,29.27811622619629
ev_004740,3.586760997772217,1.108599305152893,1.91269052028656,3.586760997772217,1.108599305152893,1.91269052028656,0.0,0.0,0.0,0.0
ev_004741,3.743809938430786,0.302545428276062,18.81809425354004,3.743809938430786,0.302545428276062,18.81809425354004,0.0,0.0,0.0,0.0
ev_004742,4.5203328132629395,3.7860307693481445,9.843079566955566,4.5203328132629395,3.7860307693481445,9.843079566955566,0.0,0.0,0.0,0.0
ev_004743,4.338459014892578,8.176922798156738,31.45454978942871,10.661540985107422,8.176922798156738,16.45454978942871,-6.323081970214844,0.0,15.0,8.676918029785156
ev_004744,3.3931479454040527,0.9466074109077454,17.589557647705078,3.3931479454040527,0.9466074109077454,17.589557647705078,0.0,0.0,0.0,0.0
ev_004745,6.733968257904053,5.493634223937988,3.6212127208709717,26.15821075439453,1.9418377876281738,33.621212005615234,-19.42424201965332,3.5517964363098145,-30.0,-45.87244415283203
ev_004746,0.9843946099281311,1.4032293558120728,14.539573669433594,2.7056729793548584,5.744323253631592,8.924397468566895,-1.721278429031372,-4.341094017028809,5.615176200866699,-0.44719505310058594
ev_004747,12.07471752166748,3.4495038986206055,15.87244701385498,12.927291870117188,11.014031410217285,0.12052607536315918,-0.852574348449707,-7.56452751159668,15.751920700073242,7.334819793701172
ev_004748,3.1656620502471924,1.9798041582107544,3.3953335285186768,3.004142999649048,0.10118182748556137,4.207999229431152,0.16151905059814453,1.87862229347229,-0.8126657009124756,1.2274761199951172
ev_004749,3.4125828742980957,2.429732084274292,23.483869552612305,3.4125828742980957,2.429732084274292,23.483869552612305,0.0,0.0,0.0,0.0
ev_004750,5.286013603210449,4.64371919631958,7.704726219177246,5.426412582397461,1.5339008569717407,10.040456771850586,-0.14039897918701172,3.109818458557129,-2.33573055267334,0.6336898803710938
ev_004751,39.934730529785156,7.340586185455322,30.111530303955078,9.934728622436523,7.340586185455322,15.111530303955078,30.000001907348633,0.0,15.0,45.000003814697266
ev_004752,8.589604377746582,11.618500709533691,25.410945892333984,8.589604377746582,11.618500709533691,25.410945892333984,0.0,0.0,0.0,0.0
ev_004753,1.3896890878677368,1.4182219505310059,8.854842185974121,0.5459975004196167,3.3113765716552734,14.608413696289062,0.8436915874481201,-1.8931546211242676,-5.753571510314941,-6.803034782409668
ev_004754,0.798291027545929,6.779261589050293,1.5780922174453735,0.798291027545929,8.170014381408691,1.5780922174453735,0.0,-1.3907527923583984,0.0,-1.3907527923583984
ev_004755,9.550323486328125,0.90163254737854,17.336078643798828,7.3582000732421875,0.2192734032869339,10.834858894348145,2.1921234130859375,0.6823591589927673,6.501219749450684,9.375701904296875
ev_004756,4.622215747833252,3.331244707107544,0.903483510017395,0.8149029016494751,2.3735663890838623,1.896456241607666,3.8073129653930664,0.9576783180236816,-0.992972731590271,3.7720184326171875
ev_004757,5.128010272979736,6.551584720611572,15.925751686096191,5.128010272979736,6.551584720611572,15.925751686096191,0.0,0.0,0.0,0.0
ev_004758,1.5934622287750244,0.5102216601371765,2.193882942199707,1.5934622287750244,15.510221481323242,2.193882942199707,0.0,-15.0,0.0,-14.999998092651367
ev_004759,3.483811616897583,4.828275680541992,3.553809881210327,3.483811616897583,4.828275680541992,3.553809881210327,0.0,0.0,0.0,0.0
ev_004760,1.4065669775009155,5.481986045837402,5.074148654937744,0.917684018611908,5.481986045837402,1.6873037815093994,0.48888295888900757,0.0,3.3868448734283447,3.875727653503418
ev_004761,9.360787391662598,0.2238888293504715,11.304364204406738,9.360787391662598,0.2238888293504715,11.304364204406738,0.0,0.0,0.0,0.0
ev_004762,0.12015421688556671,9.005695343017578,7.763533115386963,13.432120323181152,5.283295631408691,7.763533115386963,-13.311965942382812,3.7223997116088867,0.0,-9.58956527709961
ev_004763,5.325531959533691,3.6111886501312256,14.699296951293945,8.991314888000488,0.22977715730667114,0.3007030785083771,-3.665782928466797,3.381411552429199,14.39859390258789,14.114221572875977
ev_004764,1.1607766151428223,1.8137505054473877,20.64461326599121,0.7973842024803162,1.7807559967041016,5.644614219665527,0.3633924126625061,0.03299450874328613,14.999999046325684,15.39638614654541
ev_004765,8.33516788482666,8.851155281066895,15.40495777130127,8.698554992675781,10.376128196716309,7.565431594848633,-0.3633871078491211,-1.524972915649414,7.839526176452637,5.951166152954102
ev_004766,5.329385757446289,7.71763801574707,8.844239234924316,0.5074975490570068,3.8766722679138184,6.155760288238525,4.821887969970703,3.840965747833252,2.688478946685791,11.35133171081543
ev_004767,2.5685248374938965,0.8430443406105042,7.0392961502075195,2.5685248374938965,0.8430443406105042,7.0392961502075195,0.0,0.0,0.0,0.0
ev_004768,2.5137767791748047,1.8188281059265137,2.1382863521575928,2.5137767791748047,1.8188281059265137,2.1382863521575928,0.0,0.0,0.0,0.0
ev_004769,10.13300609588623,0.7714252471923828,17.407888412475586,10.13300609588623,0.7714252471923828,17.407888412475586,0.0,0.0,0.0,0.0
ev_004770,1.3055633306503296,4.504745006561279,35.95577621459961,1.4459624290466309,1.3949265480041504,21.724945068359375,-0.14039909839630127,3.109818458557129,14.230831146240234,17.20024871826172
ev_004771,7.345808506011963,6.87925910949707,36.758113861083984,7.834691524505615,2.9470372200012207,29.996662139892578,-0.48888301849365234,3.9322218894958496,6.761451721191406,10.204792022705078
ev_004772,0.17245082557201385,2.138155698776245,40.99595642089844,0.17245082557201385,2.138155698776245,40.99595642089844,0.0,0.0,0.0,0.0
ev_004773,24.5648193359375,2.4778008460998535,22.09492301940918,4.39594030380249,1.1167055368423462,7.9050774574279785,20.16887855529785,1.3610953092575073,14.18984603881836,35.719818115234375
ev_004774,1.919107437133789,7.325997829437256,29.84103775024414,2.2824997901916504,3.7314915657043457,14.84103775024414,-0.36339235305786133,3.59450626373291,15.0,18.23111343383789
ev_004775,5.809611797332764,3.948146104812622,10.8943510055542,5.684116840362549,3.948146104812622,7.796508312225342,0.12549495697021484,0.0,3.0978426933288574,3.223337173461914
ev_004776,9.504828453063965,3.9985101222991943,3.109617233276367,9.504828453063965,3.9985101222991943,3.109617233276367,0.0,0.0,0.0,0.0
ev_004777,30.59872817993164,2.4734413623809814,7.9161601066589355,30.59872817993164,2.4734413623809814,7.9161601066589355,0.0,0.0,0.0,0.0
ev_004778,0.695858895778656,0.42626890540122986,18.167329788208008,1.059251308441162,4.020775318145752,3.1673295497894287,-0.3633924126625061,-3.5945065021514893,15.0,11.04210090637207
ev_004779,19.5174617767334,3.008498430252075,56.8548698425293,4.01337194442749,3.5309863090515137,32.9110107421875,15.50408935546875,-0.5224878787994385,23.943859100341797,38.92546081542969
ev_004780,3.1005945205688477,2.4187963008880615,18.144392013549805,3.2260894775390625,0.011547168716788292,15.046548843383789,-0.12549495697021484,2.4072492122650146,3.0978431701660156,5.379598617553711
ev_004781,5.521183013916016,3.3248260021209717,30.74895668029785,3.329059362411499,2.2039198875427246,21.602848052978516,2.1921236515045166,1.120906114578247,9.146108627319336,12.45914077758789
ev_004782,3.4620606899261475,3.871163845062256,15.001082420349121,3.4620606899261475,3.871163845062256,15.001082420349121,0.0,0.0,0.0,0.0
ev_004783,0.7006978392601013,1.1344760656356812,92.80763244628906,0.7006978392601013,1.1344760656356812,92.80763244628906,0.0,0.0,0.0,0.0
ev_004784,4.57107400894165,1.0297696590423584,16.35285186767578,4.57107400894165,1.0297696590423584,16.35285186767578,0.0,0.0,0.0,0.0
ev_004785,9.615575790405273,3.683196544647217,26.333419799804688,8.622603416442871,0.7715128064155579,27.326393127441406,0.9929723739624023,2.9116837978363037,-0.9929733276367188,2.9116859436035156
ev_004786,18.705875396728516,1.277209758758545,25.886531829833984,18.705875396728516,1.277209758758545,25.886531829833984,0.0,0.0,0.0,0.0
ev_004787,1.0065206289291382,2.6791234016418457,7.934462070465088,1.0065206289291382,2.6791234016418457,7.934462070465088,0.0,0.0,0.0,0.0
ev_004788,7.523073673248291,0.34320369362831116,9.15156364440918,2.343773603439331,3.4977619647979736,5.84843635559082,5.179300308227539,-3.1545581817626953,3.3031272888183594,5.327869415283203
ev_004789,2.3136072158813477,3.3759939670562744,3.5453286170959473,2.3136072158813477,3.3759939670562744,3.5453286170959473,0.0,0.0,0.0,0.0
ev_004790,3.56528639793396,2.267381191253662,2.6442179679870605,3.0611965656280518,2.1489832401275635,8.388650894165039,0.5040898323059082,0.11839795112609863,-5.7444329261779785,-5.121946334838867
ev_004791,3.9700052738189697,8.232382774353027,7.015803337097168,1.0988354682922363,5.122564315795898,1.9531718492507935,2.8711698055267334,3.109818458557129,5.062631607055664,11.043619155883789
ev_004792,3.5759968757629395,8.489501953125,42.745548248291016,3.4355978965759277,5.379683494567871,27.745548248291016,0.14039897918701172,3.109818458557129,15.0,18.25021743774414
ev_004793,0.84481281042099,4.809811115264893,13.807982444763184,1.2082006931304932,3.2848386764526367,10.144372940063477,-0.3633878827095032,1.5249724388122559,3.663609504699707,4.825194358825684
ev_004794,1.4435462951660156,10.319377899169922,5.180159568786621,1.742431402206421,0.8620157241821289,3.321317672729492,-0.2988851070404053,9.457362174987793,1.858841896057129,11.017319679260254
ev_004795,5.177820205688477,0.5269009470939636,31.372352600097656,5.177820205688477,0.5269009470939636,14.625066757202148,0.0,0.0,16.747285842895508,16.747283935546875
ev_004796,2.334331512451172,2.0236196517944336,11.517171859741211,2.334331512451172,2.0236196517944336,11.517171859741211,0.0,0.0,0.0,0.0
ev_004797,0.7511039972305298,2.5118048191070557,19.771162033081055,2.683844804763794,3.034292697906494,3.7781894207000732,-1.9327408075332642,-0.5224878787994385,15.992972373962402,13.53774356842041
ev_004798,5.433782577514648,5.416868209838867,7.583710670471191,0.37089404463768005,1.5759024620056152,7.416289329528809,5.0628886222839355,3.840965747833252,0.1674213409423828,9.071274757385254
ev_004799,8.238018989562988,2.5718493461608887,23.284183502197266,8.238018989562988,2.5718493461608887,23.284183502197266,0.0,0.0,0.0,0.0
ev_004800,7.705467224121094,4.526586532592773,13.59627914428711,8.209556579589844,5.049074172973633,9.62914752960205,-0.50408935546875,-0.5224876403808594,3.9671316146850586,2.940553665161133
ev_004801,4.925605773925781,2.9036471843719482,7.438962936401367,4.7852067947387695,0.20617109537124634,5.103232383728027,0.14039897918701172,2.6974761486053467,2.33573055267334,5.173605918884277
ev_004802,2.2304210662841797,3.6899077892303467,21.530466079711914,4.744644641876221,4.071336269378662,13.340389251708984,-2.514223575592041,-0.38142848014831543,8.19007682800293,5.294424057006836
ev_004803,3.1815943717956543,0.152850940823555,30.48257827758789,6.616543292999268,0.6753387451171875,14.489605903625488,-3.4349489212036133,-0.5224878191947937,15.992972373962402,12.03553581237793
ev_004804,13.142919540405273,0.30817365646362305,0.692911684513092,13.142919540405273,0.30817365646362305,0.692911684513092,0.0,0.0,0.0,0.0
ev_004805,7.730675220489502,2.063809633255005,7.941149711608887,7.730675220489502,2.063809633255005,7.941149711608887,0.0,0.0,0.0,0.0
ev_004806,3.2233693599700928,3.8145322799682617,3.8900673389434814,6.512240886688232,3.8145322799682617,0.2165379524230957,-3.2888715267181396,0.0,3.6735293865203857,0.3846588134765625
ev_004807,10.613483428955078,2.65362286567688,18.21271324157715,10.613483428955078,2.65362286567688,18.21271324157715,0.0,0.0,0.0,0.0
ev_004808,7.510085582733154,0.5822013020515442,21.09864044189453,11.195825576782227,0.5822013020515442,6.098641395568848,-3.6857399940490723,0.0,14.999999046325684,11.314260482788086
ev_004809,1.95756995677948,0.21357831358909607,0.9978119134902954,1.95756995677948,0.21357831358909607,0.9978119134902954,0.0,0.0,0.0,0.0
ev_004810,6.849761486053467,4.1286749839782715,14.850479125976562,7.801754474639893,3.9358389377593994,5.753296375274658,-0.9519929885864258,0.19283604621887207,9.097183227539062,8.338024139404297
ev_004811,4.953868389129639,0.934213399887085,13.170149803161621,2.7517406940460205,1.8103551864624023,1.8298496007919312,2.202127695083618,-0.8761417865753174,11.340300559997559,12.66628646850586
ev_004812,0.613327145576477,5.267605781555176,27.66189193725586,1.6964399814605713,5.267605781555176,12.66189193725586,-1.0831128358840942,0.0,15.0,13.916885375976562
ev_004813,1.5707193613052368,6.991710662841797,18.623319625854492,1.5707193613052368,6.991710662841797,18.623319625854492,0.0,0.0,0.0,0.0
ev_004814,0.6012770533561707,10.587681770324707,74.69243621826172,0.3916957676410675,0.042390719056129456,10.42101764678955,0.20958128571510315,10.54529094696045,64.27141571044922,75.02629089355469
ev_004815,5.7283101081848145,6.248469352722168,20.4189510345459,4.389819622039795,10.233418464660645,14.665379524230957,1.3384904861450195,-3.9849491119384766,5.753571510314941,3.1071128845214844
ev_004816,0.4060852825641632,4.5793633460998535,6.2203826904296875,0.7694732546806335,3.0543906688690186,5.0669050216674805,-0.36338797211647034,1.524972677230835,1.153477668762207,2.3150625228881836
ev_004817,2.1895322799682617,3.0111539363861084,3.4696366786956787,2.1895322799682617,3.0111539363861084,3.4696366786956787,0.0,0.0,0.0,0.0
ev_004818,1.5934765338897705,1.9172354936599731,10.843076705932617,1.5934765338897705,1.9172354936599731,10.843076705932617,0.0,0.0,0.0,0.0
ev_004819,0.28189852833747864,6.769202709197998,14.4954195022583,0.7110742926597595,2.314493417739868,18.766836166381836,-0.4291757643222809,4.454709053039551,-4.271416664123535,-0.24588394165039062
ev_004820,40.26145935058594,2.8236074447631836,9.027604103088379,40.26145935058594,2.8236074447631836,9.027604103088379,0.0,0.0,0.0,0.0
ev_004821,3.1263158321380615,5.319357872009277,15.996893882751465,49.47128677368164,5.225932598114014,5.268311023712158,-46.344970703125,0.09342527389526367,10.728582382202148,-35.52296447753906
ev_004822,2.9738197326660156,1.1556130647659302,16.503602981567383,2.9738197326660156,1.1556130647659302,16.503602981567383,0.0,0.0,0.0,0.0
ev_004823,5.492005825042725,6.2961931228637695,20.444169998168945,5.996095657348633,6.818680763244629,16.477039337158203,-0.5040898323059082,-0.5224876403808594,3.967130661010742,2.9405517578125
ev_004824,5.282610893249512,5.9560747146606445,10.087074279785156,5.282610893249512,5.9560747146606445,10.087074279785156,0.0,0.0,0.0,0.0
ev_004825,2.6013665199279785,2.878369092941284,5.63400936126709,5.0062785148620605,0.7161374688148499,20.634010314941406,-2.404911994934082,2.162231683731079,-15.000000953674316,-15.242681503295898
ev_004826,2.4634299278259277,1.534385323524475,7.279025554656982,3.5655436515808105,12.193291664123535,16.525453567504883,-1.1021137237548828,-10.658905982971191,-9.246427536010742,-21.0074462890625
ev_004827,9.022019386291504,2.3305482864379883,1.3700289726257324,4.059383392333984,12.071033477783203,1.3700289726257324,4.9626359939575195,-9.740485191345215,0.0,-4.777849197387695
ev_004828,7.842069625854492,1.7205942869186401,21.63773536682129,7.842069625854492,1.7205942869186401,21.63773536682129,0.0,0.0,0.0,0.0
ev_004829,4.080472469329834,1.1560983657836914,5.794073581695557,4.080472469329834,1.1560983657836914,5.794073581695557,0.0,0.0,0.0,0.0
ev_004830,11.148893356323242,3.906179189682007,15.304069519042969,11.148893356323242,3.906179189682007,15.304069519042969,0.0,0.0,0.0,0.0
ev_004831,39.0969123840332,4.204862594604492,35.5063362121582,24.096912384033203,2.811171531677246,20.506336212158203,15.0,1.393691062927246,15.0,31.39368438720703
ev_004832,6.0207905769348145,0.2335078865289688,30.05914878845215,6.146285533905029,2.640756845474243,24.032567977905273,-0.12549495697021484,-2.4072489738464355,6.026580810546875,3.49383544921875
ev_004833,2.3874032497406006,9.640846252441406,1.7498979568481445,4.488470554351807,9.74721622467041,1.913711428642273,-2.101067304611206,-0.1063699722290039,-0.16381347179412842,-2.371251106262207
ev_004834,5.241265773773193,0.5568235516548157,5.487734317779541,5.241265773773193,0.5568235516548157,5.487734317779541,0.0,0.0,0.0,0.0
ev_004835,15.328103065490723,0.28578221797943115,20.136865615844727,15.328103065490723,0.28578221797943115,20.136865615844727,0.0,0.0,0.0,0.0
ev_004836,1.7653884887695312,0.38275066018104553,6.717686653137207,9.544544219970703,9.292169570922852,5.615572929382324,-7.779155731201172,-8.909419059753418,1.1021137237548828,-15.58646011352539
ev_004837,7.103503227233887,5.002758026123047,6.991443634033203,7.103503227233887,5.002758026123047,6.991443634033203,0.0,0.0,0.0,0.0
ev_004838,1.4951066970825195,6.962458610534668,40.93921661376953,1.3547075986862183,3.852640390396118,25.939218521118164,0.14039909839630127,3.10981822013855,14.999998092651367,18.250215530395508
ev_004839,0.6505063772201538,0.4892381429672241,10.20439624786377,0.6505063772201538,0.4892381429672241,10.20439624786377,0.0,0.0,0.0,0.0
ev_004840,27.39629364013672,0.28673118352890015,21.927581787109375,12.396292686462402,3.554234504699707,6.927580833435059,15.000000953674316,-3.267503261566162,15.000000953674316,26.732498168945312
ev_004841,3.1380550861358643,5.120123863220215,38.54726791381836,3.1380550861358643,5.120123863220215,38.54726791381836,0.0,0.0,0.0,0.0
ev_004842,5.581302642822266,4.1362528800964355,6.2962470054626465,5.721701622009277,1.0264344215393066,8.631977081298828,-0.14039897918701172,3.109818458557129,-2.3357300758361816,0.6336898803710938
ev_004843,5.716575622558594,4.220643520355225,26.417375564575195,5.716575622558594,4.220643520355225,26.417375564575195,0.0,0.0,0.0,0.0
ev_004844,18.105972290039062,3.808487892150879,17.448625564575195,2.662506580352783,3.0745999813079834,9.907565116882324,15.443466186523438,0.7338879108428955,7.541060447692871,23.71841049194336
ev_004845,7.997535705566406,4.726308822631836,2.321634531021118,7.997535705566406,4.726308822631836,2.321634531021118,0.0,0.0,0.0,0.0
ev_004846,0.99896240234375,2.717592716217041,1.4515584707260132,0.6355699300765991,0.8769139051437378,15.432600021362305,0.3633924722671509,1.8406788110733032,-13.98104190826416,-11.776969909667969
ev_004847,4.183757305145264,6.025332450866699,23.23077392578125,4.183757305145264,6.025332450866699,23.23077392578125,0.0,0.0,0.0,0.0
ev_004848,7.685213565826416,6.447026252746582,10.75293254852295,7.670309543609619,0.9299590587615967,12.466209411621094,0.014904022216796875,5.517066955566406,-1.7132768630981445,3.818695068359375
ev_004849,0.9921457171440125,11.071710586547852,14.575325965881348,0.9921457171440125,2.528841018676758,17.6889591217041,0.0,8.542869567871094,-3.113633155822754,5.429237365722656
ev_004850,4.039612293243408,0.3047380745410919,21.098190307617188,4.039612293243408,0.3047380745410919,21.098190307617188,0.0,0.0,0.0,0.0
ev_004851,2.780606746673584,4.47339391708374,25.380197525024414,2.780606746673584,4.47339391708374,25.380197525024414,0.0,0.0,0.0,0.0
ev_004852,2.3733866214752197,8.398150444030762,24.793888092041016,8.126957893371582,0.35485178232192993,10.283068656921387,-5.753571510314941,8.043298721313477,14.510819435119629,16.800548553466797
ev_004853,7.812719821929932,5.185195446014404,35.754234313964844,7.046881198883057,2.0753769874572754,20.75423240661621,0.765838623046875,3.109818458557129,15.000001907348633,18.875659942626953
ev_004854,3.7952191829681396,3.7361066341400146,17.58445167541504,3.4318268299102783,0.1416001319885254,19.030956268310547,0.36339235305786133,3.5945065021514893,-1.4465045928955078,2.511394500732422
ev_004855,12.451116561889648,0.7504127621650696,4.510495185852051,16.947723388671875,8.441022872924805,5.4494452476501465,-4.496606826782227,-7.690609931945801,-0.9389500617980957,-13.126167297363281
ev_004856,1.732730746269226,5.3950276374816895,9.544581413269043,13.04266357421875,16.05393409729004,4.462446212768555,-11.309932708740234,-10.658906936645508,5.082135200500488,-16.886703491210938
ev_004857,0.5371462106704712,1.9577000141143799,118.58515167236328,0.5371462106704712,1.9577000141143799,118.58515167236328,0.0,0.0,0.0,0.0
ev_004858,4.243220806121826,8.057533264160156,31.96399688720703,4.243220806121826,8.057533264160156,31.96399688720703,0.0,0.0,0.0,0.0
ev_004859,14.658632278442383,6.31120491027832,10.43563175201416,14.658632278442383,6.31120491027832,10.43563175201416,0.0,0.0,0.0,0.0
ev_004860,2.9671425819396973,0.13793379068374634,8.557035446166992,2.9671425819396973,0.13793379068374634,8.557035446166992,0.0,0.0,0.0,0.0
ev_004861,19.625795364379883,0.6439407467842102,19.762575149536133,3.021737813949585,4.4849066734313965,4.762575149536133,16.60405731201172,-3.840965986251831,15.0,27.763092041015625
ev_004862,5.197996139526367,1.6143397092819214,17.418659210205078,5.702085971832275,2.1368274688720703,21.38578987121582,-0.5040898323059082,-0.5224877595901489,-3.967130661010742,-4.993707656860352
ev_004863,6.680065631866455,0.8690589070320129,34.428001403808594,6.680065631866455,0.8690589070320129,34.428001403808594,0.0,0.0,0.0,0.0
ev_004864,1.4475440979003906,0.36620408296585083,14.657330513000488,3.383230686187744,7.930731773376465,16.849454879760742,-1.9356865882873535,-7.56452751159668,-2.192124366760254,-11.692338943481445
ev_004865,3.7292513847351074,4.2322916984558105,16.010175704956055,3.7292513847351074,4.2322916984558105,16.010175704956055,0.0,0.0,0.0,0.0
ev_004866,0.6068402528762817,1.2346230745315552,0.8257763981819153,0.6068402528762817,1.2346230745315552,0.8257763981819153,0.0,0.0,0.0,0.0
ev_004867,4.878013610839844,0.895760715007782,5.269533634185791,4.878013610839844,0.895760715007782,5.269533634185791,0.0,0.0,0.0,0.0
ev_004868,1.6336544752120972,3.0462098121643066,4.8596415519714355,2.312516689300537,3.361478567123413,1.0794875621795654,-0.6788622140884399,-0.31526875495910645,3.78015398979187,2.7860231399536133
ev_004869,0.9360084533691406,4.074544906616211,11.997386932373047,0.9360084533691406,4.074544906616211,11.997386932373047,0.0,0.0,0.0,0.0
ev_004870,2.2189342975616455,8.019146919250488,21.212053298950195,1.7151427268981934,1.3148216009140015,10.232977867126465,0.5037915706634521,6.704325199127197,10.97907543182373,18.187191009521484
ev_004871,4.136149883270264,0.8383628726005554,6.823777198791504,4.136149883270264,0.8383628726005554,6.823777198791504,0.0,0.0,0.0,0.0
ev_004872,0.8732341527938843,4.663210868835449,19.346141815185547,0.8732341527938843,4.663210868835449,19.346141815185547,0.0,0.0,0.0,0.0
ev_004873,10.533732414245605,1.293960452079773,18.074695587158203,8.483077049255371,2.0343270301818848,24.086732864379883,2.0506553649902344,-0.7403665781021118,-6.01203727722168,-4.701747894287109
ev_004874,1.510079264640808,2.085724115371704,12.947345733642578,1.510079264640808,2.085724115371704,12.947345733642578,0.0,0.0,0.0,0.0
ev_004875,5.819200038909912,7.9123663902282715,26.38178253173828,5.819200038909912,7.9123663902282715,26.38178253173828,0.0,0.0,0.0,0.0
ev_004876,0.7483633756637573,7.210188388824463,6.044801235198975,0.7483633756637573,7.210188388824463,6.044801235198975,0.0,0.0,0.0,0.0
ev_004877,39.70189666748047,3.956662178039551,34.119407653808594,5.2981038093566895,0.36215564608573914,10.88059139251709,34.40379333496094,3.5945065021514893,23.238815307617188,61.237117767333984
ev_004878,2.7656843662261963,0.8378915190696716,29.23664665222168,3.1822221279144287,4.116203784942627,14.23664665222168,-0.4165377616882324,-3.2783122062683105,15.0,11.30514907836914
ev_004879,4.493203163146973,5.893780708312988,6.300114154815674,4.493203163146973,5.893780708312988,6.300114154815674,0.0,0.0,0.0,0.0
ev_004880,1.107712984085083,7.3418989181518555,22.110029220581055,2.6069753170013428,0.29985901713371277,7.110028266906738,-1.4992623329162598,7.04203987121582,15.000000953674316,20.54277801513672
ev_004881,5.2815842628479,5.36459493637085,14.30568790435791,3.61287522315979,10.318690299987793,14.30568790435791,1.6687090396881104,-4.954095363616943,0.0,-3.2853870391845703
ev_004882,11.000720024108887,3.825759172439575,34.14799880981445,2.8971660137176514,8.779854774475098,37.83806610107422,8.103553771972656,-4.954095840454102,-3.6900672912597656,-0.5406074523925781
ev_004883,7.853898048400879,0.5677732825279236,9.87832260131836,7.713499069213867,0.5677732825279236,7.542592525482178,0.14039897918701172,0.0,2.3357300758361816,2.4761295318603516
ev_004884,10.457704544067383,4.391188144683838,16.83633804321289,10.457704544067383,4.391188144683838,16.83633804321289,0.0,0.0,0.0,0.0
ev_004885,5.145931243896484,2.9597954750061035,13.542302131652832,5.145931243896484,2.9597954750061035,13.542302131652832,0.0,0.0,0.0,0.0
ev_004886,0.11387091875076294,2.9052746295928955,28.21879768371582,0.11387091875076294,2.9052746295928955,28.21879768371582,0.0,0.0,0.0,0.0
ev_004887,11.60747241973877,1.679268479347229,20.183095932006836,11.244080543518066,1.9152380228042603,5.183096408843994,0.3633918762207031,-0.23596954345703125,15.0,15.127422332763672
ev_004888,4.61307430267334,7.461109638214111,18.858675003051758,4.61307430267334,7.461109638214111,18.858675003051758,0.0,0.0,0.0,0.0
ev_004889,0.8919560313224792,0.2581859827041626,4.294593334197998,10.922066688537598,13.018996238708496,6.461702823638916,-10.030110359191895,-12.760809898376465,-2.167109489440918,-24.958030700683594
ev_004890,8.063383102416992,8.640938758850098,6.4466423988342285,4.744492530822754,0.7529909610748291,12.947861671447754,3.3188905715942383,7.887948036193848,-6.501219272613525,4.705619812011719
ev_004891,9.109052658081055,2.1975250244140625,29.49256706237793,9.109052658081055,2.1975250244140625,12.745281219482422,0.0,0.0,16.747285842895508,16.747285842895508
ev_004892,4.583475589752197,7.6848530769348145,9.432909965515137,4.234991550445557,2.5663206577301025,18.530092239379883,0.3484840393066406,5.118532180786133,-9.097182273864746,-3.630167007446289
ev_004893,5.269454479217529,8.251931190490723,1.4595258235931396,1.394474744796753,0.6574874520301819,0.3574121296405792,3.8749797344207764,7.5944437980651855,1.1021137237548828,12.571537017822266
ev_004894,0.7208050489425659,4.024265766143799,10.434202194213867,0.3119189441204071,3.225715160369873,2.7590506076812744,0.4088861048221588,0.7985506057739258,7.675151824951172,8.882589340209961
ev_004895,3.6945748329162598,4.752711772918701,19.78122901916504,4.057967185974121,1.1582051515579224,21.22773551940918,-0.36339235305786133,3.5945067405700684,-1.4465065002441406,1.78460693359375
ev_004896,1.4227185249328613,5.04443359375,33.50251388549805,0.42974576354026794,0.5897240042686462,32.50954055786133,0.992972731590271,4.454709529876709,0.9929733276367188,6.440654754638672
ev_004897,4.069005489349365,14.439397811889648,18.63062286376953,2.8120086193084717,1.7330315113067627,5.565212249755859,1.2569968700408936,12.706366539001465,13.065410614013672,27.02877426147461
ev_004898,4.102768898010254,9.195195198059082,5.7084197998046875,4.102768898010254,9.195195198059082,5.7084197998046875,0.0,0.0,0.0,0.0
ev_004899,1.5957653522491455,2.2596545219421387,13.534781455993652,2.463243246078491,1.0625922679901123,6.165521621704102,-0.8674778938293457,1.1970622539520264,7.369259834289551,7.698844909667969
ev_004900,2.842369318008423,6.97833251953125,14.701135635375977,1.68928062915802,6.455844402313232,6.970844268798828,1.1530886888504028,0.5224881172180176,7.730291366577148,9.405867576599121
ev_004901,5.4828643798828125,1.0457851886749268,7.462857246398926,5.4828643798828125,1.0457851886749268,7.462857246398926,0.0,0.0,0.0,0.0
ev_004902,38.86064147949219,2.0278372764587402,40.81265640258789,1.0057862997055054,1.566669225692749,4.187343597412109,37.854854583740234,0.4611680507659912,36.62531280517578,74.94133758544922
ev_004903,6.966261863708496,4.027468204498291,23.949996948242188,7.181164264678955,1.386191964149475,25.885683059692383,-0.21490240097045898,2.6412763595581055,-1.9356861114501953,0.49068450927734375
ev_004904,1.473469853401184,1.0977734327316284,1.137850284576416,1.473469853401184,1.0977734327316284,1.137850284576416,0.0,0.0,0.0,0.0
ev_004905,11.684475898742676,0.7384060025215149,20.091854095458984,3.315523624420166,4.579371929168701,5.091853141784668,8.368951797485352,-3.840965986251831,15.000000953674316,19.52798843383789
ev_004906,3.093813419342041,2.535243272781372,0.91328364610672,3.597903251647949,2.275507688522339,3.053847074508667,-0.5040898323059082,0.2597355842590332,-2.140563488006592,-2.384917736053467
ev_004907,6.757180213928223,9.174736022949219,23.646636962890625,6.757180213928223,9.174736022949219,23.646636962890625,0.0,0.0,0.0,0.0
ev_004908,3.2104220390319824,6.071292400360107,70.66446685791016,3.2104220390319824,6.071292400360107,70.66446685791016,0.0,0.0,0.0,0.0
ev_004909,1.2952800989151,6.193980693817139,13.50536823272705,1.658672571182251,2.5994741916656494,12.058863639831543,-0.3633924722671509,3.5945065021514893,1.4465045928955078,4.677618026733398
ev_004910,11.380865097045898,2.764186143875122,20.331769943237305,11.380865097045898,2.764186143875122,3.584484100341797,0.0,0.0,16.747285842895508,16.74728775024414
ev_004911,31.482242584228516,0.8601042032241821,33.11764144897461,16.482242584228516,0.8601042032241821,18.11764144897461,15.0,0.0,15.0,30.000003814697266
ev_004912,7.780979156494141,1.8655681610107422,18.334579467773438,7.780979156494141,1.8655681610107422,18.334579467773438,0.0,0.0,0.0,0.0
ev_004913,8.241368293762207,3.2529428005218506,14.064789772033691,7.024954795837402,0.5880228877067566,0.935210645198822,1.2164134979248047,2.664919853210449,13.129579544067383,17.010913848876953
ev_004914,2.286878824234009,3.739612340927124,28.8942928314209,2.286878824234009,3.739612340927124,28.8942928314209,0.0,0.0,0.0,0.0
ev_004915,1.4926962852478027,2.443117380142212,5.541332721710205,1.6330952644348145,1.0596081018447876,3.2056024074554443,-0.14039897918701172,1.3835092782974243,2.3357303142547607,3.5788402557373047
ev_004916,23.424579620361328,1.6513184309005737,0.20919224619865417,0.7825066447257996,1.6513184309005737,0.698373556137085,22.642072677612305,0.0,-0.4891813099384308,22.152891159057617
ev_004917,7.723341464996338,5.40773344039917,3.199995279312134,3.6761248111724854,5.40773344039917,3.6891767978668213,4.047216415405273,0.0,-0.4891815185546875,3.558034896850586
ev_004918,1.7267593145370483,2.412902355194092,7.500432968139648,1.7267593145370483,2.412902355194092,7.500432968139648,0.0,0.0,0.0,0.0
ev_004919,5.750189304351807,3.0429816246032715,3.7724573612213135,5.750189304351807,3.0429816246032715,3.7724573612213135,0.0,0.0,0.0,0.0
ev_004920,2.7903497219085693,0.430758535861969,38.24849319458008,2.7903497219085693,0.430758535861969,21.501205444335938,0.0,0.0,16.74728775024414,16.74728775024414
ev_004921,5.817164421081543,10.252140998840332,3.797426700592041,5.817164421081543,10.252140998840332,3.797426700592041,0.0,0.0,0.0,0.0
ev_004922,5.157114028930664,5.165526390075684,0.09910164028406143,5.645997047424316,1.4965413808822632,6.860553741455078,-0.48888301849365234,3.668984889984131,-6.7614521980285645,-3.5813493728637695
ev_004923,11.621986389160156,7.045196056365967,7.243118762969971,8.910520553588867,14.609724044799805,8.74985408782959,2.711465835571289,-7.564527988433838,-1.5067353248596191,-6.359798431396484
ev_004924,2.4591567516326904,3.4460554122924805,35.370635986328125,2.4591567516326904,3.4460554122924805,35.370635986328125,0.0,0.0,0.0,0.0
ev_004925,2.1572353839874268,3.407471179962158,10.683205604553223,2.2001614570617676,1.76128351688385,10.683205604553223,-0.04292607307434082,1.646187663078308,0.0,1.6032629013061523
ev_004926,1.1285128593444824,8.077877044677734,12.866918563842773,1.1285128593444824,8.077877044677734,12.866918563842773,0.0,0.0,0.0,0.0
ev_004927,2.9513392448425293,5.9016523361206055,10.339620590209961,2.9513392448425293,5.9016523361206055,10.339620590209961,0.0,0.0,0.0,0.0
ev_004928,1.6132014989852905,6.109459400177002,9.050750732421875,0.6202287673950195,10.564168930053711,8.057778358459473,0.992972731590271,-4.454709529876709,0.9929723739624023,-2.4687652587890625
ev_004929,1.1195610761642456,0.8749511241912842,4.275209426879883,1.1195610761642456,0.8749511241912842,4.275209426879883,0.0,0.0,0.0,0.0
ev_004930,4.412609100341797,2.5618913173675537,14.444174766540527,6.604732990264893,0.42494139075279236,29.44417381286621,-2.1921238899230957,2.1369500160217285,-14.999999046325684,-15.055171966552734
ev_004931,6.63911247253418,1.5503144264221191,64.5715103149414,6.63911247253418,1.5503144264221191,64.5715103149414,0.0,0.0,0.0,0.0
ev_004932,0.7358730435371399,1.094997525215149,10.197427749633789,0.7358730435371399,1.094997525215149,10.197427749633789,0.0,0.0,0.0,0.0
ev_004933,13.53139591217041,6.466526508331299,22.481433868408203,2.638000965118408,8.105551719665527,11.58803939819336,10.893394470214844,-1.6390252113342285,10.893394470214844,20.147762298583984
ev_004934,4.544739723205566,4.9802751541137695,5.007774353027344,4.544739723205566,4.9802751541137695,5.007774353027344,0.0,0.0,0.0,0.0
ev_004935,7.719423770904541,3.8232228755950928,7.995438098907471,6.776784420013428,1.8754438161849976,4.213202476501465,0.9426393508911133,1.9477790594100952,3.782235622406006,6.6726531982421875
ev_004936,11.708703994750977,3.028513193130493,19.728595733642578,3.2912962436676025,4.406959056854248,4.728595733642578,8.417407989501953,-1.3784458637237549,15.0,22.03896141052246
ev_004937,5.306885719299316,7.586573123931885,24.870399475097656,5.306885719299316,7.586573123931885,24.870399475097656,0.0,0.0,0.0,0.0
ev_004938,0.7465025782585144,1.2406926155090332,1.820267677307129,0.7465025782585144,1.2406926155090332,1.820267677307129,0.0,0.0,0.0,0.0
ev_004939,17.312946319580078,3.2939252853393555,15.667984962463379,2.3129472732543945,8.810993194580078,15.667984962463379,14.999999046325684,-5.517067909240723,0.0,9.482931137084961
ev_004940,2.1313607692718506,8.236235618591309,32.291786193847656,10.676515579223633,5.642858028411865,40.790565490722656,-8.545154571533203,2.5933775901794434,-8.498779296875,-14.450557708740234
ev_004941,8.273547172546387,1.2779998779296875,6.330641746520996,8.273547172546387,1.2779998779296875,6.330641746520996,0.0,0.0,0.0,0.0
ev_004942,10.347484588623047,1.8831936120986938,13.825818061828613,10.347484588623047,1.8831936120986938,13.825818061828613,0.0,0.0,0.0,0.0
ev_004943,9.743873596191406,2.0123438835144043,22.13233184814453,9.743873596191406,2.0123438835144043,22.13233184814453,0.0,0.0,0.0,0.0
ev_004944,2.440126419067383,3.8675363063812256,29.10255241394043,2.440126419067383,3.8675363063812256,29.10255241394043,0.0,0.0,0.0,0.0
ev_004945,0.9497432708740234,0.4605599343776703,102.71099090576172,0.9497432708740234,0.4605599343776703,102.71099090576172,0.0,0.0,0.0,0.0
ev_004946,4.053928375244141,1.2867668867111206,9.535029411315918,4.053928375244141,1.2867668867111206,9.535029411315918,0.0,0.0,0.0,0.0
ev_004947,70.78223419189453,3.602872371673584,79.45228576660156,70.78223419189453,3.602872371673584,79.45228576660156,0.0,0.0,0.0,0.0
ev_004948,4.52478551864624,2.4854071140289307,24.895456314086914,4.52478551864624,2.4854071140289307,24.895456314086914,0.0,0.0,0.0,0.0
ev_004949,0.588503897190094,1.8180367946624756,13.592316627502441,3.1015636920928955,6.159130573272705,7.738424777984619,-2.5130598545074463,-4.341094017028809,5.853891849517822,-1.0002613067626953
ev_004950,4.399538040161133,1.0770822763442993,11.103791236877441,4.399538040161133,1.0770822763442993,11.103791236877441,0.0,0.0,0.0,0.0
ev_004951,10.366731643676758,1.4315303564071655,24.90004539489746,6.26012659072876,3.5618271827697754,8.086830139160156,4.106605052947998,-2.1302967071533203,16.813215255737305,18.78952407836914
ev_004952,9.51720905303955,2.975180149078369,13.27053165435791,2.66020131111145,2.754615306854248,21.741905212402344,6.85700798034668,0.2205648422241211,-8.471373558044434,-1.3938026428222656
ev_004953,1.3354538679122925,0.510989248752594,142.89743041992188,1.3354538679122925,0.510989248752594,142.89743041992188,0.0,0.0,0.0,0.0
ev_004954,51.17122268676758,1.2659499645233154,59.185115814208984,36.660404205322266,2.5750157833099365,2.652055501937866,14.510818481445312,-1.309065818786621,56.53306198120117,69.73480987548828
ev_004955,0.16829483211040497,0.8001179695129395,17.453344345092773,0.16829483211040497,0.8001179695129395,7.578259468078613,0.0,0.0,9.87508487701416,9.87508487701416
ev_004956,2.810075521469116,1.3620662689208984,28.900415420532227,2.810075521469116,1.3620662689208984,28.900415420532227,0.0,0.0,0.0,0.0
ev_004957,5.132535934448242,0.2721851170063019,35.192195892333984,5.132535934448242,0.2721851170063019,35.192195892333984,0.0,0.0,0.0,0.0
ev_004958,1.1150097846984863,6.283185005187988,125.65862274169922,1.1150097846984863,6.283185005187988,125.65862274169922,0.0,0.0,0.0,0.0
ev_004959,5.462343215942383,8.121418952941895,2.6010587215423584,8.544684410095215,4.1752610206604,11.393362998962402,-3.082341194152832,3.946157932281494,-8.792304039001465,-7.928487777709961
ev_004960,15.59898567199707,5.137828350067139,18.74757194519043,4.033935070037842,5.660315990447998,2.75459885597229,11.56505012512207,-0.5224876403808594,15.992973327636719,27.035537719726562
ev_004961,73.08137512207031,3.099318027496338,1.3366384506225586,73.08137512207031,3.099318027496338,1.3366384506225586,0.0,0.0,0.0,0.0
ev_004962,9.078776359558105,0.5681695342063904,5.558028221130371,10.576720237731934,0.5681695342063904,2.045304775238037,-1.4979438781738281,0.0,3.512723445892334,2.0147790908813477
ev_004963,3.0294532775878906,8.557124137878418,2.908291816711426,3.0145492553710938,3.0476741790771484,8.341865539550781,0.014904022216796875,5.5094499588012695,-5.4335737228393555,0.09078025817871094
ev_004964,4.8925981521606445,0.5816296339035034,13.81151008605957,5.396687984466553,0.0591418482363224,1.1884897947311401,-0.5040898323059082,0.5224877595901489,12.62302017211914,12.64141845703125
ev_004965,1.895219087600708,0.5320522785186768,2.018962860107422,5.707112789154053,0.14814898371696472,1.9481680393218994,-3.8118937015533447,0.38390329480171204,0.07079482078552246,-3.3571953773498535
ev_004966,56.07661819458008,4.180179595947266,103.72096252441406,68.17469787597656,3.2552926540374756,6.469185829162598,-12.098079681396484,0.92488694190979,97.25177764892578,86.07857513427734
ev_004967,11.67530345916748,13.677371978759766,9.591341018676758,2.9613089561462402,15.20234489440918,5.408658981323242,8.713994979858398,-1.524972915649414,4.182682037353516,11.371702194213867
ev_004968,7.415452480316162,8.239052772521973,1.6787163019180298,5.392423629760742,7.179859161376953,6.820064544677734,2.02302885055542,1.0591936111450195,-5.141348361968994,-2.0591259002685547
ev_004969,3.369335889816284,0.7310241460800171,10.51315975189209,5.561459541320801,1.8519301414489746,2.0143792629241943,-2.1921236515045166,-1.1209059953689575,8.498780250549316,5.185750961303711
ev_004970,0.08993624895811081,4.223811626434326,3.6084413528442383,2.523864269256592,1.2932559251785278,10.457481384277344,-2.4339280128479004,2.930555820465088,-6.8490400314331055,-6.35241174697876
ev_004971,2.0516581535339355,5.8636980056762695,26.844806671142578,0.3903178870677948,1.9314764738082886,11.844806671142578,1.6613402366638184,3.9322214126586914,15.0,20.59356117248535
ev_004972,10.071844100952148,0.18335312604904175,29.4039306640625,2.864190101623535,4.710681915283203,13.410957336425781,7.207653999328613,-4.527328968048096,15.992973327636719,18.673297882080078
ev_004973,3.8898799419403076,6.042252063751221,8.308516502380371,4.03027868270874,2.932433843612671,10.644247055053711,-0.14039874076843262,3.10981822013855,-2.33573055267334,0.6336879730224609
ev_004974,0.4982583224773407,0.21984776854515076,3.227616310119629,0.4982583224773407,0.21984776854515076,3.227616310119629,0.0,0.0,0.0,0.0
ev_004975,7.874385356903076,0.6940647959709167,14.740629196166992,7.874385356903076,0.6940647959709167,14.740629196166992,0.0,0.0,0.0,0.0
ev_004976,5.50644588470459,2.5206668376922607,4.538585662841797,5.50644588470459,2.5206668376922607,4.538585662841797,0.0,0.0,0.0,0.0
ev_004977,0.08082085102796555,0.8416911959648132,6.356363296508789,0.08082085102796555,0.8416911959648132,6.356363296508789,0.0,0.0,0.0,0.0
ev_004978,4.019191741943359,3.7306132316589355,4.764164447784424,7.794830799102783,1.8514602184295654,16.899147033691406,-3.775639057159424,1.8791530132293701,-12.13498306274414,-14.03146743774414
ev_004979,7.141337871551514,0.11931582540273666,27.528282165527344,7.141337871551514,0.11931582540273666,27.528282165527344,0.0,0.0,0.0,0.0
ev_004980,3.1528124809265137,11.899052619934082,46.45976638793945,3.641993761062622,8.058086395263672,1.2084202766418457,-0.4891812801361084,3.84096622467041,45.251346588134766,48.60313034057617
ev_004981,0.8659024238586426,8.78460693359375,11.158660888671875,4.986310958862305,8.78460693359375,11.158660888671875,-4.120408535003662,0.0,0.0,-4.12040901184082
ev_004982,8.934176445007324,2.5400049686431885,7.499699115753174,8.934176445007324,2.5400049686431885,7.499699115753174,0.0,0.0,0.0,0.0
ev_004983,13.244373321533203,1.5207370519638062,13.172751426696777,13.660910606384277,3.4333581924438477,2.4977364540100098,-0.4165372848510742,-1.9126211404800415,10.67501449584961,8.345857620239258
ev_004984,1.9996436834335327,10.719673156738281,13.319957733154297,1.9996436834335327,10.719673156738281,13.319957733154297,0.0,0.0,0.0,0.0
ev_004985,8.607254981994629,0.22492796182632446,21.130889892578125,8.607254981994629,0.22492796182632446,21.130889892578125,0.0,0.0,0.0,0.0
ev_004986,1.1117205619812012,3.2755119800567627,7.144370079040527,1.2521196603775024,3.2755119800567627,4.8086395263671875,-0.14039909839630127,0.0,2.33573055267334,2.195331573486328
ev_004987,0.9570810198783875,6.601968765258789,4.183541774749756,0.9570810198783875,6.601968765258789,4.183541774749756,0.0,0.0,0.0,0.0
ev_004988,2.8693087100982666,5.48114013671875,0.4548271596431732,9.938567161560059,4.956808090209961,14.545172691345215,-7.069258689880371,0.5243320465087891,-14.09034538269043,-20.635272979736328
ev_004989,21.018590927124023,3.2683372497558594,21.30132293701172,2.3285233974456787,1.0727565288543701,10.407929420471191,18.690067291259766,2.1955807209014893,10.893393516540527,31.77903938293457
ev_004990,0.8397318124771118,2.6527016162872314,11.598746299743652,0.8397318124771118,2.6527016162872314,11.598746299743652,0.0,0.0,0.0,0.0
ev_004991,2.2981786727905273,13.905405044555664,19.774364471435547,2.2981786727905273,13.905405044555664,19.774364471435547,0.0,0.0,0.0,0.0
ev_004992,0.8208139538764954,0.3549366295337677,2.495389461517334,1.915884256362915,0.4475824534893036,6.003391265869141,-1.0950703620910645,-0.09264582395553589,-3.5080018043518066,-4.6957173347473145
ev_004993,3.565418243408203,3.1294960975646973,3.4099643230438232,3.565418243408203,3.1294960975646973,3.4099643230438232,0.0,0.0,0.0,0.0
ev_004994,0.9534117579460144,0.8194233775138855,2.6248559951782227,1.442294716835022,0.8194233775138855,23.103727340698242,-0.48888295888900757,0.0,-20.478870391845703,-20.967754364013672
ev_004995,0.3435647487640381,2.8005030155181885,1.400217056274414,6.097135543823242,0.8988978862762451,13.110601425170898,-5.753570556640625,1.9016051292419434,-11.710384368896484,-15.56235122680664
ev_004996,1.7817223072052002,3.0797150135040283,6.337695121765137,1.7817223072052002,3.0797150135040283,6.337695121765137,0.0,0.0,0.0,0.0
ev_004997,1.6929349899291992,5.114537239074707,52.118385314941406,1.6929349899291992,5.114537239074707,52.118385314941406,0.0,0.0,0.0,0.0
ev_004998,2.4905049800872803,9.419478416442871,7.681509971618652,1.4975321292877197,1.1258121728897095,110.28910827636719,0.9929728507995605,8.293665885925293,-102.60759735107422,-93.32096099853516
ev_004999,1.2575119733810425,0.4307357668876648,8.243971824645996,1.2575119733810425,0.4307357668876648,8.243971824645996,0.0,0.0,0.0,0.0
